SET  @newENTRY =(SELECT max(`id`) FROM `auctionhouse` );
set @vendeur_ah := 55;
SET  @ENTRY =(SELECT max(`guid`) FROM `item_instance` );

DROP TABLE IF EXISTS `t`;
CREATE TABLE `t` (i INT);
insert into `t` values(4656) , (4656) ,(4656);
set  @faction_ah = (SELECT i FROM t ORDER BY RAND() LIMIT 1);

INSERT INTO `item_instance`  (guid,itemEntry,owner_guid,creatorGuid,giftCreatorGuid,count,duration,charges,flags,enchantments,randomPropertyId,durability,playedTime,text)
VALUES (@ENTRY+1,814,@vendeur_ah,@vendeur_ah,0,floor(rand()*5+5),0,'0 0 0 0 0 ',0,'0 0 0 0 0 0 0 0 0 0 0 0 0 0 0 0 0 0 0 0 0 0 0 0 0 0 0 0 0 0 0 0 0 0 0 0 0 0 0 0 0 0 ',0,0,0,""),
(@ENTRY+2,4357,@vendeur_ah,@vendeur_ah,0,floor(rand()*5+5),0,'0 0 0 0 0 ',0,'0 0 0 0 0 0 0 0 0 0 0 0 0 0 0 0 0 0 0 0 0 0 0 0 0 0 0 0 0 0 0 0 0 0 0 0 0 0 0 0 0 0 ',0,0,0,""),
(@ENTRY+3,4359,@vendeur_ah,@vendeur_ah,0,floor(rand()*5+5),0,'0 0 0 0 0 ',0,'0 0 0 0 0 0 0 0 0 0 0 0 0 0 0 0 0 0 0 0 0 0 0 0 0 0 0 0 0 0 0 0 0 0 0 0 0 0 0 0 0 0 ',0,0,0,""),
(@ENTRY+4,4361,@vendeur_ah,@vendeur_ah,0,floor(rand()*5+5),0,'0 0 0 0 0 ',0,'0 0 0 0 0 0 0 0 0 0 0 0 0 0 0 0 0 0 0 0 0 0 0 0 0 0 0 0 0 0 0 0 0 0 0 0 0 0 0 0 0 0 ',0,0,0,""),
(@ENTRY+5,4363,@vendeur_ah,@vendeur_ah,0,floor(rand()*5+5),0,'0 0 0 0 0 ',0,'0 0 0 0 0 0 0 0 0 0 0 0 0 0 0 0 0 0 0 0 0 0 0 0 0 0 0 0 0 0 0 0 0 0 0 0 0 0 0 0 0 0 ',0,0,0,""),
(@ENTRY+6,4364,@vendeur_ah,@vendeur_ah,0,floor(rand()*5+5),0,'0 0 0 0 0 ',0,'0 0 0 0 0 0 0 0 0 0 0 0 0 0 0 0 0 0 0 0 0 0 0 0 0 0 0 0 0 0 0 0 0 0 0 0 0 0 0 0 0 0 ',0,0,0,""),
(@ENTRY+7,4371,@vendeur_ah,@vendeur_ah,0,floor(rand()*5+5),0,'0 0 0 0 0 ',0,'0 0 0 0 0 0 0 0 0 0 0 0 0 0 0 0 0 0 0 0 0 0 0 0 0 0 0 0 0 0 0 0 0 0 0 0 0 0 0 0 0 0 ',0,0,0,""),
(@ENTRY+8,4375,@vendeur_ah,@vendeur_ah,0,floor(rand()*5+5),0,'0 0 0 0 0 ',0,'0 0 0 0 0 0 0 0 0 0 0 0 0 0 0 0 0 0 0 0 0 0 0 0 0 0 0 0 0 0 0 0 0 0 0 0 0 0 0 0 0 0 ',0,0,0,""),
(@ENTRY+9,4377,@vendeur_ah,@vendeur_ah,0,floor(rand()*5+5),0,'0 0 0 0 0 ',0,'0 0 0 0 0 0 0 0 0 0 0 0 0 0 0 0 0 0 0 0 0 0 0 0 0 0 0 0 0 0 0 0 0 0 0 0 0 0 0 0 0 0 ',0,0,0,""),
(@ENTRY+10,4382,@vendeur_ah,@vendeur_ah,0,floor(rand()*5+5),0,'0 0 0 0 0 ',0,'0 0 0 0 0 0 0 0 0 0 0 0 0 0 0 0 0 0 0 0 0 0 0 0 0 0 0 0 0 0 0 0 0 0 0 0 0 0 0 0 0 0 ',0,0,0,""),
(@ENTRY+11,4387,@vendeur_ah,@vendeur_ah,0,floor(rand()*5+5),0,'0 0 0 0 0 ',0,'0 0 0 0 0 0 0 0 0 0 0 0 0 0 0 0 0 0 0 0 0 0 0 0 0 0 0 0 0 0 0 0 0 0 0 0 0 0 0 0 0 0 ',0,0,0,""),
(@ENTRY+12,4389,@vendeur_ah,@vendeur_ah,0,floor(rand()*5+5),0,'0 0 0 0 0 ',0,'0 0 0 0 0 0 0 0 0 0 0 0 0 0 0 0 0 0 0 0 0 0 0 0 0 0 0 0 0 0 0 0 0 0 0 0 0 0 0 0 0 0 ',0,0,0,""),
(@ENTRY+13,4399,@vendeur_ah,@vendeur_ah,0,floor(rand()*5+5),0,'0 0 0 0 0 ',0,'0 0 0 0 0 0 0 0 0 0 0 0 0 0 0 0 0 0 0 0 0 0 0 0 0 0 0 0 0 0 0 0 0 0 0 0 0 0 0 0 0 0 ',0,0,0,""),
(@ENTRY+14,4400,@vendeur_ah,@vendeur_ah,0,floor(rand()*5+5),0,'0 0 0 0 0 ',0,'0 0 0 0 0 0 0 0 0 0 0 0 0 0 0 0 0 0 0 0 0 0 0 0 0 0 0 0 0 0 0 0 0 0 0 0 0 0 0 0 0 0 ',0,0,0,""),
(@ENTRY+15,4404,@vendeur_ah,@vendeur_ah,0,floor(rand()*5+5),0,'0 0 0 0 0 ',0,'0 0 0 0 0 0 0 0 0 0 0 0 0 0 0 0 0 0 0 0 0 0 0 0 0 0 0 0 0 0 0 0 0 0 0 0 0 0 0 0 0 0 ',0,0,0,""),
(@ENTRY+16,7071,@vendeur_ah,@vendeur_ah,0,floor(rand()*5+5),0,'0 0 0 0 0 ',0,'0 0 0 0 0 0 0 0 0 0 0 0 0 0 0 0 0 0 0 0 0 0 0 0 0 0 0 0 0 0 0 0 0 0 0 0 0 0 0 0 0 0 ',0,0,0,""),
(@ENTRY+17,7191,@vendeur_ah,@vendeur_ah,0,floor(rand()*5+5),0,'0 0 0 0 0 ',0,'0 0 0 0 0 0 0 0 0 0 0 0 0 0 0 0 0 0 0 0 0 0 0 0 0 0 0 0 0 0 0 0 0 0 0 0 0 0 0 0 0 0 ',0,0,0,""),
(@ENTRY+18,9060,@vendeur_ah,@vendeur_ah,0,floor(rand()*5+5),0,'0 0 0 0 0 ',0,'0 0 0 0 0 0 0 0 0 0 0 0 0 0 0 0 0 0 0 0 0 0 0 0 0 0 0 0 0 0 0 0 0 0 0 0 0 0 0 0 0 0 ',0,0,0,""),
(@ENTRY+19,9061,@vendeur_ah,@vendeur_ah,0,floor(rand()*5+5),0,'0 0 0 0 0 ',0,'0 0 0 0 0 0 0 0 0 0 0 0 0 0 0 0 0 0 0 0 0 0 0 0 0 0 0 0 0 0 0 0 0 0 0 0 0 0 0 0 0 0 ',0,0,0,""),
(@ENTRY+20,10498,@vendeur_ah,@vendeur_ah,0,floor(rand()*5+5),0,'0 0 0 0 0 ',0,'0 0 0 0 0 0 0 0 0 0 0 0 0 0 0 0 0 0 0 0 0 0 0 0 0 0 0 0 0 0 0 0 0 0 0 0 0 0 0 0 0 0 ',0,0,0,""),
(@ENTRY+21,10505,@vendeur_ah,@vendeur_ah,0,floor(rand()*5+5),0,'0 0 0 0 0 ',0,'0 0 0 0 0 0 0 0 0 0 0 0 0 0 0 0 0 0 0 0 0 0 0 0 0 0 0 0 0 0 0 0 0 0 0 0 0 0 0 0 0 0 ',0,0,0,""),
(@ENTRY+22,10558,@vendeur_ah,@vendeur_ah,0,floor(rand()*5+5),0,'0 0 0 0 0 ',0,'0 0 0 0 0 0 0 0 0 0 0 0 0 0 0 0 0 0 0 0 0 0 0 0 0 0 0 0 0 0 0 0 0 0 0 0 0 0 0 0 0 0 ',0,0,0,""),
(@ENTRY+23,10559,@vendeur_ah,@vendeur_ah,0,floor(rand()*5+5),0,'0 0 0 0 0 ',0,'0 0 0 0 0 0 0 0 0 0 0 0 0 0 0 0 0 0 0 0 0 0 0 0 0 0 0 0 0 0 0 0 0 0 0 0 0 0 0 0 0 0 ',0,0,0,""),
(@ENTRY+24,10560,@vendeur_ah,@vendeur_ah,0,floor(rand()*5+5),0,'0 0 0 0 0 ',0,'0 0 0 0 0 0 0 0 0 0 0 0 0 0 0 0 0 0 0 0 0 0 0 0 0 0 0 0 0 0 0 0 0 0 0 0 0 0 0 0 0 0 ',0,0,0,""),
(@ENTRY+25,10561,@vendeur_ah,@vendeur_ah,0,floor(rand()*5+5),0,'0 0 0 0 0 ',0,'0 0 0 0 0 0 0 0 0 0 0 0 0 0 0 0 0 0 0 0 0 0 0 0 0 0 0 0 0 0 0 0 0 0 0 0 0 0 0 0 0 0 ',0,0,0,""),
(@ENTRY+26,10647,@vendeur_ah,@vendeur_ah,0,floor(rand()*5+5),0,'0 0 0 0 0 ',0,'0 0 0 0 0 0 0 0 0 0 0 0 0 0 0 0 0 0 0 0 0 0 0 0 0 0 0 0 0 0 0 0 0 0 0 0 0 0 0 0 0 0 ',0,0,0,""),
(@ENTRY+27,15992,@vendeur_ah,@vendeur_ah,0,floor(rand()*5+5),0,'0 0 0 0 0 ',0,'0 0 0 0 0 0 0 0 0 0 0 0 0 0 0 0 0 0 0 0 0 0 0 0 0 0 0 0 0 0 0 0 0 0 0 0 0 0 0 0 0 0 ',0,0,0,""),
(@ENTRY+28,15994,@vendeur_ah,@vendeur_ah,0,floor(rand()*5+5),0,'0 0 0 0 0 ',0,'0 0 0 0 0 0 0 0 0 0 0 0 0 0 0 0 0 0 0 0 0 0 0 0 0 0 0 0 0 0 0 0 0 0 0 0 0 0 0 0 0 0 ',0,0,0,""),
(@ENTRY+29,16000,@vendeur_ah,@vendeur_ah,0,floor(rand()*5+5),0,'0 0 0 0 0 ',0,'0 0 0 0 0 0 0 0 0 0 0 0 0 0 0 0 0 0 0 0 0 0 0 0 0 0 0 0 0 0 0 0 0 0 0 0 0 0 0 0 0 0 ',0,0,0,""),
(@ENTRY+30,16006,@vendeur_ah,@vendeur_ah,0,floor(rand()*5+5),0,'0 0 0 0 0 ',0,'0 0 0 0 0 0 0 0 0 0 0 0 0 0 0 0 0 0 0 0 0 0 0 0 0 0 0 0 0 0 0 0 0 0 0 0 0 0 0 0 0 0 ',0,0,0,""),
(@ENTRY+31,18631,@vendeur_ah,@vendeur_ah,0,floor(rand()*5+5),0,'0 0 0 0 0 ',0,'0 0 0 0 0 0 0 0 0 0 0 0 0 0 0 0 0 0 0 0 0 0 0 0 0 0 0 0 0 0 0 0 0 0 0 0 0 0 0 0 0 0 ',0,0,0,""),
(@ENTRY+32,23781,@vendeur_ah,@vendeur_ah,0,floor(rand()*5+5),0,'0 0 0 0 0 ',0,'0 0 0 0 0 0 0 0 0 0 0 0 0 0 0 0 0 0 0 0 0 0 0 0 0 0 0 0 0 0 0 0 0 0 0 0 0 0 0 0 0 0 ',0,0,0,""),
(@ENTRY+33,23782,@vendeur_ah,@vendeur_ah,0,floor(rand()*5+5),0,'0 0 0 0 0 ',0,'0 0 0 0 0 0 0 0 0 0 0 0 0 0 0 0 0 0 0 0 0 0 0 0 0 0 0 0 0 0 0 0 0 0 0 0 0 0 0 0 0 0 ',0,0,0,""),
(@ENTRY+34,23783,@vendeur_ah,@vendeur_ah,0,floor(rand()*5+5),0,'0 0 0 0 0 ',0,'0 0 0 0 0 0 0 0 0 0 0 0 0 0 0 0 0 0 0 0 0 0 0 0 0 0 0 0 0 0 0 0 0 0 0 0 0 0 0 0 0 0 ',0,0,0,""),
(@ENTRY+35,23784,@vendeur_ah,@vendeur_ah,0,floor(rand()*5+5),0,'0 0 0 0 0 ',0,'0 0 0 0 0 0 0 0 0 0 0 0 0 0 0 0 0 0 0 0 0 0 0 0 0 0 0 0 0 0 0 0 0 0 0 0 0 0 0 0 0 0 ',0,0,0,""),
(@ENTRY+36,23785,@vendeur_ah,@vendeur_ah,0,floor(rand()*5+5),0,'0 0 0 0 0 ',0,'0 0 0 0 0 0 0 0 0 0 0 0 0 0 0 0 0 0 0 0 0 0 0 0 0 0 0 0 0 0 0 0 0 0 0 0 0 0 0 0 0 0 ',0,0,0,""),
(@ENTRY+37,23786,@vendeur_ah,@vendeur_ah,0,floor(rand()*5+5),0,'0 0 0 0 0 ',0,'0 0 0 0 0 0 0 0 0 0 0 0 0 0 0 0 0 0 0 0 0 0 0 0 0 0 0 0 0 0 0 0 0 0 0 0 0 0 0 0 0 0 ',0,0,0,""),
(@ENTRY+38,23787,@vendeur_ah,@vendeur_ah,0,floor(rand()*5+5),0,'0 0 0 0 0 ',0,'0 0 0 0 0 0 0 0 0 0 0 0 0 0 0 0 0 0 0 0 0 0 0 0 0 0 0 0 0 0 0 0 0 0 0 0 0 0 0 0 0 0 ',0,0,0,""),
(@ENTRY+39,32423,@vendeur_ah,@vendeur_ah,0,floor(rand()*5+5),0,'0 0 0 0 0 ',0,'0 0 0 0 0 0 0 0 0 0 0 0 0 0 0 0 0 0 0 0 0 0 0 0 0 0 0 0 0 0 0 0 0 0 0 0 0 0 0 0 0 0 ',0,0,0,""),
(@ENTRY+40,37101,@vendeur_ah,@vendeur_ah,0,floor(rand()*5+5),0,'0 0 0 0 0 ',0,'0 0 0 0 0 0 0 0 0 0 0 0 0 0 0 0 0 0 0 0 0 0 0 0 0 0 0 0 0 0 0 0 0 0 0 0 0 0 0 0 0 0 ',0,0,0,""),
(@ENTRY+41,39469,@vendeur_ah,@vendeur_ah,0,floor(rand()*5+5),0,'0 0 0 0 0 ',0,'0 0 0 0 0 0 0 0 0 0 0 0 0 0 0 0 0 0 0 0 0 0 0 0 0 0 0 0 0 0 0 0 0 0 0 0 0 0 0 0 0 0 ',0,0,0,""),
(@ENTRY+42,39681,@vendeur_ah,@vendeur_ah,0,floor(rand()*5+5),0,'0 0 0 0 0 ',0,'0 0 0 0 0 0 0 0 0 0 0 0 0 0 0 0 0 0 0 0 0 0 0 0 0 0 0 0 0 0 0 0 0 0 0 0 0 0 0 0 0 0 ',0,0,0,""),
(@ENTRY+43,39682,@vendeur_ah,@vendeur_ah,0,floor(rand()*5+5),0,'0 0 0 0 0 ',0,'0 0 0 0 0 0 0 0 0 0 0 0 0 0 0 0 0 0 0 0 0 0 0 0 0 0 0 0 0 0 0 0 0 0 0 0 0 0 0 0 0 0 ',0,0,0,""),
(@ENTRY+44,39683,@vendeur_ah,@vendeur_ah,0,floor(rand()*5+5),0,'0 0 0 0 0 ',0,'0 0 0 0 0 0 0 0 0 0 0 0 0 0 0 0 0 0 0 0 0 0 0 0 0 0 0 0 0 0 0 0 0 0 0 0 0 0 0 0 0 0 ',0,0,0,""),
(@ENTRY+45,39684,@vendeur_ah,@vendeur_ah,0,floor(rand()*5+5),0,'0 0 0 0 0 ',0,'0 0 0 0 0 0 0 0 0 0 0 0 0 0 0 0 0 0 0 0 0 0 0 0 0 0 0 0 0 0 0 0 0 0 0 0 0 0 0 0 0 0 ',0,0,0,""),
(@ENTRY+46,39685,@vendeur_ah,@vendeur_ah,0,floor(rand()*5+5),0,'0 0 0 0 0 ',0,'0 0 0 0 0 0 0 0 0 0 0 0 0 0 0 0 0 0 0 0 0 0 0 0 0 0 0 0 0 0 0 0 0 0 0 0 0 0 0 0 0 0 ',0,0,0,""),
(@ENTRY+47,39686,@vendeur_ah,@vendeur_ah,0,floor(rand()*5+5),0,'0 0 0 0 0 ',0,'0 0 0 0 0 0 0 0 0 0 0 0 0 0 0 0 0 0 0 0 0 0 0 0 0 0 0 0 0 0 0 0 0 0 0 0 0 0 0 0 0 0 ',0,0,0,""),
(@ENTRY+48,39690,@vendeur_ah,@vendeur_ah,0,floor(rand()*5+5),0,'0 0 0 0 0 ',0,'0 0 0 0 0 0 0 0 0 0 0 0 0 0 0 0 0 0 0 0 0 0 0 0 0 0 0 0 0 0 0 0 0 0 0 0 0 0 0 0 0 0 ',0,0,0,""),
(@ENTRY+49,39774,@vendeur_ah,@vendeur_ah,0,floor(rand()*5+5),0,'0 0 0 0 0 ',0,'0 0 0 0 0 0 0 0 0 0 0 0 0 0 0 0 0 0 0 0 0 0 0 0 0 0 0 0 0 0 0 0 0 0 0 0 0 0 0 0 0 0 ',0,0,0,""),
(@ENTRY+50,40533,@vendeur_ah,@vendeur_ah,0,floor(rand()*5+5),0,'0 0 0 0 0 ',0,'0 0 0 0 0 0 0 0 0 0 0 0 0 0 0 0 0 0 0 0 0 0 0 0 0 0 0 0 0 0 0 0 0 0 0 0 0 0 0 0 0 0 ',0,0,0,""),
(@ENTRY+51,43115,@vendeur_ah,@vendeur_ah,0,floor(rand()*5+5),0,'0 0 0 0 0 ',0,'0 0 0 0 0 0 0 0 0 0 0 0 0 0 0 0 0 0 0 0 0 0 0 0 0 0 0 0 0 0 0 0 0 0 0 0 0 0 0 0 0 0 ',0,0,0,""),
(@ENTRY+52,43116,@vendeur_ah,@vendeur_ah,0,floor(rand()*5+5),0,'0 0 0 0 0 ',0,'0 0 0 0 0 0 0 0 0 0 0 0 0 0 0 0 0 0 0 0 0 0 0 0 0 0 0 0 0 0 0 0 0 0 0 0 0 0 0 0 0 0 ',0,0,0,""),
(@ENTRY+53,43117,@vendeur_ah,@vendeur_ah,0,floor(rand()*5+5),0,'0 0 0 0 0 ',0,'0 0 0 0 0 0 0 0 0 0 0 0 0 0 0 0 0 0 0 0 0 0 0 0 0 0 0 0 0 0 0 0 0 0 0 0 0 0 0 0 0 0 ',0,0,0,""),
(@ENTRY+54,43118,@vendeur_ah,@vendeur_ah,0,floor(rand()*5+5),0,'0 0 0 0 0 ',0,'0 0 0 0 0 0 0 0 0 0 0 0 0 0 0 0 0 0 0 0 0 0 0 0 0 0 0 0 0 0 0 0 0 0 0 0 0 0 0 0 0 0 ',0,0,0,""),
(@ENTRY+55,43119,@vendeur_ah,@vendeur_ah,0,floor(rand()*5+5),0,'0 0 0 0 0 ',0,'0 0 0 0 0 0 0 0 0 0 0 0 0 0 0 0 0 0 0 0 0 0 0 0 0 0 0 0 0 0 0 0 0 0 0 0 0 0 0 0 0 0 ',0,0,0,""),
(@ENTRY+56,43120,@vendeur_ah,@vendeur_ah,0,floor(rand()*5+5),0,'0 0 0 0 0 ',0,'0 0 0 0 0 0 0 0 0 0 0 0 0 0 0 0 0 0 0 0 0 0 0 0 0 0 0 0 0 0 0 0 0 0 0 0 0 0 0 0 0 0 ',0,0,0,""),
(@ENTRY+57,43121,@vendeur_ah,@vendeur_ah,0,floor(rand()*5+5),0,'0 0 0 0 0 ',0,'0 0 0 0 0 0 0 0 0 0 0 0 0 0 0 0 0 0 0 0 0 0 0 0 0 0 0 0 0 0 0 0 0 0 0 0 0 0 0 0 0 0 ',0,0,0,""),
(@ENTRY+58,43122,@vendeur_ah,@vendeur_ah,0,floor(rand()*5+5),0,'0 0 0 0 0 ',0,'0 0 0 0 0 0 0 0 0 0 0 0 0 0 0 0 0 0 0 0 0 0 0 0 0 0 0 0 0 0 0 0 0 0 0 0 0 0 0 0 0 0 ',0,0,0,""),
(@ENTRY+59,43123,@vendeur_ah,@vendeur_ah,0,floor(rand()*5+5),0,'0 0 0 0 0 ',0,'0 0 0 0 0 0 0 0 0 0 0 0 0 0 0 0 0 0 0 0 0 0 0 0 0 0 0 0 0 0 0 0 0 0 0 0 0 0 0 0 0 0 ',0,0,0,""),
(@ENTRY+60,43124,@vendeur_ah,@vendeur_ah,0,floor(rand()*5+5),0,'0 0 0 0 0 ',0,'0 0 0 0 0 0 0 0 0 0 0 0 0 0 0 0 0 0 0 0 0 0 0 0 0 0 0 0 0 0 0 0 0 0 0 0 0 0 0 0 0 0 ',0,0,0,""),
(@ENTRY+61,43125,@vendeur_ah,@vendeur_ah,0,floor(rand()*5+5),0,'0 0 0 0 0 ',0,'0 0 0 0 0 0 0 0 0 0 0 0 0 0 0 0 0 0 0 0 0 0 0 0 0 0 0 0 0 0 0 0 0 0 0 0 0 0 0 0 0 0 ',0,0,0,""),
(@ENTRY+62,43126,@vendeur_ah,@vendeur_ah,0,floor(rand()*5+5),0,'0 0 0 0 0 ',0,'0 0 0 0 0 0 0 0 0 0 0 0 0 0 0 0 0 0 0 0 0 0 0 0 0 0 0 0 0 0 0 0 0 0 0 0 0 0 0 0 0 0 ',0,0,0,""),
(@ENTRY+63,43127,@vendeur_ah,@vendeur_ah,0,floor(rand()*5+5),0,'0 0 0 0 0 ',0,'0 0 0 0 0 0 0 0 0 0 0 0 0 0 0 0 0 0 0 0 0 0 0 0 0 0 0 0 0 0 0 0 0 0 0 0 0 0 0 0 0 0 ',0,0,0,""),
(@ENTRY+64,43614,@vendeur_ah,@vendeur_ah,0,floor(rand()*5+5),0,'0 0 0 0 0 ',0,'0 0 0 0 0 0 0 0 0 0 0 0 0 0 0 0 0 0 0 0 0 0 0 0 0 0 0 0 0 0 0 0 0 0 0 0 0 0 0 0 0 0 ',0,0,0,""),
(@ENTRY+65,43620,@vendeur_ah,@vendeur_ah,0,floor(rand()*5+5),0,'0 0 0 0 0 ',0,'0 0 0 0 0 0 0 0 0 0 0 0 0 0 0 0 0 0 0 0 0 0 0 0 0 0 0 0 0 0 0 0 0 0 0 0 0 0 0 0 0 0 ',0,0,0,""),
(@ENTRY+66,43621,@vendeur_ah,@vendeur_ah,0,floor(rand()*5+5),0,'0 0 0 0 0 ',0,'0 0 0 0 0 0 0 0 0 0 0 0 0 0 0 0 0 0 0 0 0 0 0 0 0 0 0 0 0 0 0 0 0 0 0 0 0 0 0 0 0 0 ',0,0,0,""),
(@ENTRY+67,44499,@vendeur_ah,@vendeur_ah,0,floor(rand()*5+5),0,'0 0 0 0 0 ',0,'0 0 0 0 0 0 0 0 0 0 0 0 0 0 0 0 0 0 0 0 0 0 0 0 0 0 0 0 0 0 0 0 0 0 0 0 0 0 0 0 0 0 ',0,0,0,""),
(@ENTRY+68,44500,@vendeur_ah,@vendeur_ah,0,floor(rand()*5+5),0,'0 0 0 0 0 ',0,'0 0 0 0 0 0 0 0 0 0 0 0 0 0 0 0 0 0 0 0 0 0 0 0 0 0 0 0 0 0 0 0 0 0 0 0 0 0 0 0 0 0 ',0,0,0,""),
(@ENTRY+69,44501,@vendeur_ah,@vendeur_ah,0,floor(rand()*5+5),0,'0 0 0 0 0 ',0,'0 0 0 0 0 0 0 0 0 0 0 0 0 0 0 0 0 0 0 0 0 0 0 0 0 0 0 0 0 0 0 0 0 0 0 0 0 0 0 0 0 0 ',0,0,0,""),
(@ENTRY+70,52188,@vendeur_ah,@vendeur_ah,0,floor(rand()*5+5),0,'0 0 0 0 0 ',0,'0 0 0 0 0 0 0 0 0 0 0 0 0 0 0 0 0 0 0 0 0 0 0 0 0 0 0 0 0 0 0 0 0 0 0 0 0 0 0 0 0 0 ',0,0,0,""),
(@ENTRY+71,60224,@vendeur_ah,@vendeur_ah,0,floor(rand()*5+5),0,'0 0 0 0 0 ',0,'0 0 0 0 0 0 0 0 0 0 0 0 0 0 0 0 0 0 0 0 0 0 0 0 0 0 0 0 0 0 0 0 0 0 0 0 0 0 0 0 0 0 ',0,0,0,""),
(@ENTRY+72,60852,@vendeur_ah,@vendeur_ah,0,floor(rand()*5+5),0,'0 0 0 0 0 ',0,'0 0 0 0 0 0 0 0 0 0 0 0 0 0 0 0 0 0 0 0 0 0 0 0 0 0 0 0 0 0 0 0 0 0 0 0 0 0 0 0 0 0 ',0,0,0,""),
(@ENTRY+73,61978,@vendeur_ah,@vendeur_ah,0,floor(rand()*5+5),0,'0 0 0 0 0 ',0,'0 0 0 0 0 0 0 0 0 0 0 0 0 0 0 0 0 0 0 0 0 0 0 0 0 0 0 0 0 0 0 0 0 0 0 0 0 0 0 0 0 0 ',0,0,0,""),
(@ENTRY+74,61981,@vendeur_ah,@vendeur_ah,0,floor(rand()*5+5),0,'0 0 0 0 0 ',0,'0 0 0 0 0 0 0 0 0 0 0 0 0 0 0 0 0 0 0 0 0 0 0 0 0 0 0 0 0 0 0 0 0 0 0 0 0 0 0 0 0 0 ',0,0,0,""),
(@ENTRY+75,62322,@vendeur_ah,@vendeur_ah,0,floor(rand()*5+5),0,'0 0 0 0 0 ',0,'0 0 0 0 0 0 0 0 0 0 0 0 0 0 0 0 0 0 0 0 0 0 0 0 0 0 0 0 0 0 0 0 0 0 0 0 0 0 0 0 0 0 ',0,0,0,""),
(@ENTRY+76,62323,@vendeur_ah,@vendeur_ah,0,floor(rand()*5+5),0,'0 0 0 0 0 ',0,'0 0 0 0 0 0 0 0 0 0 0 0 0 0 0 0 0 0 0 0 0 0 0 0 0 0 0 0 0 0 0 0 0 0 0 0 0 0 0 0 0 0 ',0,0,0,""),
(@ENTRY+77,67319,@vendeur_ah,@vendeur_ah,0,floor(rand()*5+5),0,'0 0 0 0 0 ',0,'0 0 0 0 0 0 0 0 0 0 0 0 0 0 0 0 0 0 0 0 0 0 0 0 0 0 0 0 0 0 0 0 0 0 0 0 0 0 0 0 0 0 ',0,0,0,""),
(@ENTRY+78,67335,@vendeur_ah,@vendeur_ah,0,floor(rand()*5+5),0,'0 0 0 0 0 ',0,'0 0 0 0 0 0 0 0 0 0 0 0 0 0 0 0 0 0 0 0 0 0 0 0 0 0 0 0 0 0 0 0 0 0 0 0 0 0 0 0 0 0 ',0,0,0,""),
(@ENTRY+79,67348,@vendeur_ah,@vendeur_ah,0,floor(rand()*5+5),0,'0 0 0 0 0 ',0,'0 0 0 0 0 0 0 0 0 0 0 0 0 0 0 0 0 0 0 0 0 0 0 0 0 0 0 0 0 0 0 0 0 0 0 0 0 0 0 0 0 0 ',0,0,0,""),
(@ENTRY+80,67749,@vendeur_ah,@vendeur_ah,0,floor(rand()*5+5),0,'0 0 0 0 0 ',0,'0 0 0 0 0 0 0 0 0 0 0 0 0 0 0 0 0 0 0 0 0 0 0 0 0 0 0 0 0 0 0 0 0 0 0 0 0 0 0 0 0 0 ',0,0,0,""),
(@ENTRY+81,68047,@vendeur_ah,@vendeur_ah,0,floor(rand()*5+5),0,'0 0 0 0 0 ',0,'0 0 0 0 0 0 0 0 0 0 0 0 0 0 0 0 0 0 0 0 0 0 0 0 0 0 0 0 0 0 0 0 0 0 0 0 0 0 0 0 0 0 ',0,0,0,""),
(@ENTRY+82,68196,@vendeur_ah,@vendeur_ah,0,floor(rand()*5+5),0,'0 0 0 0 0 ',0,'0 0 0 0 0 0 0 0 0 0 0 0 0 0 0 0 0 0 0 0 0 0 0 0 0 0 0 0 0 0 0 0 0 0 0 0 0 0 0 0 0 0 ',0,0,0,"");








INSERT INTO `auctionhouse`  (id,auctioneerguid,itemguid,itemowner,buyoutprice,time,buyguid,lastbid,startbid,deposit)
values (@newENTRY+1,@faction_ah,@ENTRY+1,@vendeur_ah,345, UNIX_TIMESTAMP( ADDDATE(now(), INTERVAL floor(24+24*rand()) HOUR)) ,0,0,345,36),
(@newENTRY+2,@faction_ah,@ENTRY+2,@vendeur_ah,222, UNIX_TIMESTAMP( ADDDATE(now(), INTERVAL floor(24+24*rand()) HOUR)) ,0,0,222,23),
(@newENTRY+3,@faction_ah,@ENTRY+3,@vendeur_ah,360, UNIX_TIMESTAMP( ADDDATE(now(), INTERVAL floor(24+24*rand()) HOUR)) ,0,0,360,37),
(@newENTRY+4,@faction_ah,@ENTRY+4,@vendeur_ah,441, UNIX_TIMESTAMP( ADDDATE(now(), INTERVAL floor(24+24*rand()) HOUR)) ,0,0,441,45),
(@newENTRY+5,@faction_ah,@ENTRY+5,@vendeur_ah,4323, UNIX_TIMESTAMP( ADDDATE(now(), INTERVAL floor(24+24*rand()) HOUR)) ,0,0,4323,433),
(@newENTRY+6,@faction_ah,@ENTRY+6,@vendeur_ah,1177, UNIX_TIMESTAMP( ADDDATE(now(), INTERVAL floor(24+24*rand()) HOUR)) ,0,0,1177,119),
(@newENTRY+7,@faction_ah,@ENTRY+7,@vendeur_ah,2078, UNIX_TIMESTAMP( ADDDATE(now(), INTERVAL floor(24+24*rand()) HOUR)) ,0,0,2078,209),
(@newENTRY+8,@faction_ah,@ENTRY+8,@vendeur_ah,3640, UNIX_TIMESTAMP( ADDDATE(now(), INTERVAL floor(24+24*rand()) HOUR)) ,0,0,3640,365),
(@newENTRY+9,@faction_ah,@ENTRY+9,@vendeur_ah,7217, UNIX_TIMESTAMP( ADDDATE(now(), INTERVAL floor(24+24*rand()) HOUR)) ,0,0,7217,723),
(@newENTRY+10,@faction_ah,@ENTRY+10,@vendeur_ah,2000, UNIX_TIMESTAMP( ADDDATE(now(), INTERVAL floor(24+24*rand()) HOUR)) ,0,0,2000,201),
(@newENTRY+11,@faction_ah,@ENTRY+11,@vendeur_ah,25543, UNIX_TIMESTAMP( ADDDATE(now(), INTERVAL floor(24+24*rand()) HOUR)) ,0,0,25543,2555),
(@newENTRY+12,@faction_ah,@ENTRY+12,@vendeur_ah,16833, UNIX_TIMESTAMP( ADDDATE(now(), INTERVAL floor(24+24*rand()) HOUR)) ,0,0,16833,1684),
(@newENTRY+13,@faction_ah,@ENTRY+13,@vendeur_ah,434, UNIX_TIMESTAMP( ADDDATE(now(), INTERVAL floor(24+24*rand()) HOUR)) ,0,0,434,44),
(@newENTRY+14,@faction_ah,@ENTRY+14,@vendeur_ah,7852, UNIX_TIMESTAMP( ADDDATE(now(), INTERVAL floor(24+24*rand()) HOUR)) ,0,0,7852,786),
(@newENTRY+15,@faction_ah,@ENTRY+15,@vendeur_ah,2843, UNIX_TIMESTAMP( ADDDATE(now(), INTERVAL floor(24+24*rand()) HOUR)) ,0,0,2843,285),
(@newENTRY+16,@faction_ah,@ENTRY+16,@vendeur_ah,4556, UNIX_TIMESTAMP( ADDDATE(now(), INTERVAL floor(24+24*rand()) HOUR)) ,0,0,4556,457),
(@newENTRY+17,@faction_ah,@ENTRY+17,@vendeur_ah,4537, UNIX_TIMESTAMP( ADDDATE(now(), INTERVAL floor(24+24*rand()) HOUR)) ,0,0,4537,455),
(@newENTRY+18,@faction_ah,@ENTRY+18,@vendeur_ah,10496, UNIX_TIMESTAMP( ADDDATE(now(), INTERVAL floor(24+24*rand()) HOUR)) ,0,0,10496,1051),
(@newENTRY+19,@faction_ah,@ENTRY+19,@vendeur_ah,13225, UNIX_TIMESTAMP( ADDDATE(now(), INTERVAL floor(24+24*rand()) HOUR)) ,0,0,13225,1324),
(@newENTRY+20,@faction_ah,@ENTRY+20,@vendeur_ah,14881, UNIX_TIMESTAMP( ADDDATE(now(), INTERVAL floor(24+24*rand()) HOUR)) ,0,0,14881,1489),
(@newENTRY+21,@faction_ah,@ENTRY+21,@vendeur_ah,6000, UNIX_TIMESTAMP( ADDDATE(now(), INTERVAL floor(24+24*rand()) HOUR)) ,0,0,6000,601),
(@newENTRY+22,@faction_ah,@ENTRY+22,@vendeur_ah,8504, UNIX_TIMESTAMP( ADDDATE(now(), INTERVAL floor(24+24*rand()) HOUR)) ,0,0,8504,851),
(@newENTRY+23,@faction_ah,@ENTRY+23,@vendeur_ah,13185, UNIX_TIMESTAMP( ADDDATE(now(), INTERVAL floor(24+24*rand()) HOUR)) ,0,0,13185,1320),
(@newENTRY+24,@faction_ah,@ENTRY+24,@vendeur_ah,7537, UNIX_TIMESTAMP( ADDDATE(now(), INTERVAL floor(24+24*rand()) HOUR)) ,0,0,7537,755),
(@newENTRY+25,@faction_ah,@ENTRY+25,@vendeur_ah,24086, UNIX_TIMESTAMP( ADDDATE(now(), INTERVAL floor(24+24*rand()) HOUR)) ,0,0,24086,2410),
(@newENTRY+26,@faction_ah,@ENTRY+26,@vendeur_ah,6121, UNIX_TIMESTAMP( ADDDATE(now(), INTERVAL floor(24+24*rand()) HOUR)) ,0,0,6121,613),
(@newENTRY+27,@faction_ah,@ENTRY+27,@vendeur_ah,12827, UNIX_TIMESTAMP( ADDDATE(now(), INTERVAL floor(24+24*rand()) HOUR)) ,0,0,12827,1284),
(@newENTRY+28,@faction_ah,@ENTRY+28,@vendeur_ah,8510, UNIX_TIMESTAMP( ADDDATE(now(), INTERVAL floor(24+24*rand()) HOUR)) ,0,0,8510,852),
(@newENTRY+29,@faction_ah,@ENTRY+29,@vendeur_ah,21327, UNIX_TIMESTAMP( ADDDATE(now(), INTERVAL floor(24+24*rand()) HOUR)) ,0,0,21327,2134),
(@newENTRY+30,@faction_ah,@ENTRY+30,@vendeur_ah,9434, UNIX_TIMESTAMP( ADDDATE(now(), INTERVAL floor(24+24*rand()) HOUR)) ,0,0,9434,944),
(@newENTRY+31,@faction_ah,@ENTRY+31,@vendeur_ah,14661, UNIX_TIMESTAMP( ADDDATE(now(), INTERVAL floor(24+24*rand()) HOUR)) ,0,0,14661,1467),
(@newENTRY+32,@faction_ah,@ENTRY+32,@vendeur_ah,31109, UNIX_TIMESTAMP( ADDDATE(now(), INTERVAL floor(24+24*rand()) HOUR)) ,0,0,31109,3112),
(@newENTRY+33,@faction_ah,@ENTRY+33,@vendeur_ah,18756, UNIX_TIMESTAMP( ADDDATE(now(), INTERVAL floor(24+24*rand()) HOUR)) ,0,0,18756,1877),
(@newENTRY+34,@faction_ah,@ENTRY+34,@vendeur_ah,8827, UNIX_TIMESTAMP( ADDDATE(now(), INTERVAL floor(24+24*rand()) HOUR)) ,0,0,8827,884),
(@newENTRY+35,@faction_ah,@ENTRY+35,@vendeur_ah,31183, UNIX_TIMESTAMP( ADDDATE(now(), INTERVAL floor(24+24*rand()) HOUR)) ,0,0,31183,3119),
(@newENTRY+36,@faction_ah,@ENTRY+36,@vendeur_ah,10000, UNIX_TIMESTAMP( ADDDATE(now(), INTERVAL floor(24+24*rand()) HOUR)) ,0,0,10000,1001),
(@newENTRY+37,@faction_ah,@ENTRY+37,@vendeur_ah,18715, UNIX_TIMESTAMP( ADDDATE(now(), INTERVAL floor(24+24*rand()) HOUR)) ,0,0,18715,1873),
(@newENTRY+38,@faction_ah,@ENTRY+38,@vendeur_ah,13318, UNIX_TIMESTAMP( ADDDATE(now(), INTERVAL floor(24+24*rand()) HOUR)) ,0,0,13318,1333),
(@newENTRY+39,@faction_ah,@ENTRY+39,@vendeur_ah,21475, UNIX_TIMESTAMP( ADDDATE(now(), INTERVAL floor(24+24*rand()) HOUR)) ,0,0,21475,2149),
(@newENTRY+40,@faction_ah,@ENTRY+40,@vendeur_ah,168, UNIX_TIMESTAMP( ADDDATE(now(), INTERVAL floor(24+24*rand()) HOUR)) ,0,0,168,18),
(@newENTRY+41,@faction_ah,@ENTRY+41,@vendeur_ah,370, UNIX_TIMESTAMP( ADDDATE(now(), INTERVAL floor(24+24*rand()) HOUR)) ,0,0,370,38),
(@newENTRY+42,@faction_ah,@ENTRY+42,@vendeur_ah,40854, UNIX_TIMESTAMP( ADDDATE(now(), INTERVAL floor(24+24*rand()) HOUR)) ,0,0,40854,4086),
(@newENTRY+43,@faction_ah,@ENTRY+43,@vendeur_ah,12675, UNIX_TIMESTAMP( ADDDATE(now(), INTERVAL floor(24+24*rand()) HOUR)) ,0,0,12675,1269),
(@newENTRY+44,@faction_ah,@ENTRY+44,@vendeur_ah,37972, UNIX_TIMESTAMP( ADDDATE(now(), INTERVAL floor(24+24*rand()) HOUR)) ,0,0,37972,3798),
(@newENTRY+45,@faction_ah,@ENTRY+45,@vendeur_ah,14142, UNIX_TIMESTAMP( ADDDATE(now(), INTERVAL floor(24+24*rand()) HOUR)) ,0,0,14142,1415),
(@newENTRY+46,@faction_ah,@ENTRY+46,@vendeur_ah,44699, UNIX_TIMESTAMP( ADDDATE(now(), INTERVAL floor(24+24*rand()) HOUR)) ,0,0,44699,4471),
(@newENTRY+47,@faction_ah,@ENTRY+47,@vendeur_ah,10381, UNIX_TIMESTAMP( ADDDATE(now(), INTERVAL floor(24+24*rand()) HOUR)) ,0,0,10381,1039),
(@newENTRY+48,@faction_ah,@ENTRY+48,@vendeur_ah,37515, UNIX_TIMESTAMP( ADDDATE(now(), INTERVAL floor(24+24*rand()) HOUR)) ,0,0,37515,3753),
(@newENTRY+49,@faction_ah,@ENTRY+49,@vendeur_ah,393, UNIX_TIMESTAMP( ADDDATE(now(), INTERVAL floor(24+24*rand()) HOUR)) ,0,0,393,40),
(@newENTRY+50,@faction_ah,@ENTRY+50,@vendeur_ah,16820, UNIX_TIMESTAMP( ADDDATE(now(), INTERVAL floor(24+24*rand()) HOUR)) ,0,0,16820,1683),
(@newENTRY+51,@faction_ah,@ENTRY+51,@vendeur_ah,296, UNIX_TIMESTAMP( ADDDATE(now(), INTERVAL floor(24+24*rand()) HOUR)) ,0,0,296,31),
(@newENTRY+52,@faction_ah,@ENTRY+52,@vendeur_ah,1000, UNIX_TIMESTAMP( ADDDATE(now(), INTERVAL floor(24+24*rand()) HOUR)) ,0,0,1000,101),
(@newENTRY+53,@faction_ah,@ENTRY+53,@vendeur_ah,1288, UNIX_TIMESTAMP( ADDDATE(now(), INTERVAL floor(24+24*rand()) HOUR)) ,0,0,1288,130),
(@newENTRY+54,@faction_ah,@ENTRY+54,@vendeur_ah,8712, UNIX_TIMESTAMP( ADDDATE(now(), INTERVAL floor(24+24*rand()) HOUR)) ,0,0,8712,872),
(@newENTRY+55,@faction_ah,@ENTRY+55,@vendeur_ah,2000, UNIX_TIMESTAMP( ADDDATE(now(), INTERVAL floor(24+24*rand()) HOUR)) ,0,0,2000,201),
(@newENTRY+56,@faction_ah,@ENTRY+56,@vendeur_ah,8919, UNIX_TIMESTAMP( ADDDATE(now(), INTERVAL floor(24+24*rand()) HOUR)) ,0,0,8919,893),
(@newENTRY+57,@faction_ah,@ENTRY+57,@vendeur_ah,11423, UNIX_TIMESTAMP( ADDDATE(now(), INTERVAL floor(24+24*rand()) HOUR)) ,0,0,11423,1143),
(@newENTRY+58,@faction_ah,@ENTRY+58,@vendeur_ah,18711, UNIX_TIMESTAMP( ADDDATE(now(), INTERVAL floor(24+24*rand()) HOUR)) ,0,0,18711,1872),
(@newENTRY+59,@faction_ah,@ENTRY+59,@vendeur_ah,6483, UNIX_TIMESTAMP( ADDDATE(now(), INTERVAL floor(24+24*rand()) HOUR)) ,0,0,6483,649),
(@newENTRY+60,@faction_ah,@ENTRY+60,@vendeur_ah,28065, UNIX_TIMESTAMP( ADDDATE(now(), INTERVAL floor(24+24*rand()) HOUR)) ,0,0,28065,2808),
(@newENTRY+61,@faction_ah,@ENTRY+61,@vendeur_ah,31170, UNIX_TIMESTAMP( ADDDATE(now(), INTERVAL floor(24+24*rand()) HOUR)) ,0,0,31170,3118),
(@newENTRY+62,@faction_ah,@ENTRY+62,@vendeur_ah,13911, UNIX_TIMESTAMP( ADDDATE(now(), INTERVAL floor(24+24*rand()) HOUR)) ,0,0,13911,1392),
(@newENTRY+63,@faction_ah,@ENTRY+63,@vendeur_ah,42173, UNIX_TIMESTAMP( ADDDATE(now(), INTERVAL floor(24+24*rand()) HOUR)) ,0,0,42173,4218),
(@newENTRY+64,@faction_ah,@ENTRY+64,@vendeur_ah,43745, UNIX_TIMESTAMP( ADDDATE(now(), INTERVAL floor(24+24*rand()) HOUR)) ,0,0,43745,4376),
(@newENTRY+65,@faction_ah,@ENTRY+65,@vendeur_ah,10000, UNIX_TIMESTAMP( ADDDATE(now(), INTERVAL floor(24+24*rand()) HOUR)) ,0,0,10000,1001),
(@newENTRY+66,@faction_ah,@ENTRY+66,@vendeur_ah,10000, UNIX_TIMESTAMP( ADDDATE(now(), INTERVAL floor(24+24*rand()) HOUR)) ,0,0,10000,1001),
(@newENTRY+67,@faction_ah,@ENTRY+67,@vendeur_ah,10164, UNIX_TIMESTAMP( ADDDATE(now(), INTERVAL floor(24+24*rand()) HOUR)) ,0,0,10164,1017),
(@newENTRY+68,@faction_ah,@ENTRY+68,@vendeur_ah,40971, UNIX_TIMESTAMP( ADDDATE(now(), INTERVAL floor(24+24*rand()) HOUR)) ,0,0,40971,4098),
(@newENTRY+69,@faction_ah,@ENTRY+69,@vendeur_ah,22089, UNIX_TIMESTAMP( ADDDATE(now(), INTERVAL floor(24+24*rand()) HOUR)) ,0,0,22089,2210),
(@newENTRY+70,@faction_ah,@ENTRY+70,@vendeur_ah,30982, UNIX_TIMESTAMP( ADDDATE(now(), INTERVAL floor(24+24*rand()) HOUR)) ,0,0,30982,3099),
(@newENTRY+71,@faction_ah,@ENTRY+71,@vendeur_ah,10065, UNIX_TIMESTAMP( ADDDATE(now(), INTERVAL floor(24+24*rand()) HOUR)) ,0,0,10065,1008),
(@newENTRY+72,@faction_ah,@ENTRY+72,@vendeur_ah,28631, UNIX_TIMESTAMP( ADDDATE(now(), INTERVAL floor(24+24*rand()) HOUR)) ,0,0,28631,2864),
(@newENTRY+73,@faction_ah,@ENTRY+73,@vendeur_ah,18550, UNIX_TIMESTAMP( ADDDATE(now(), INTERVAL floor(24+24*rand()) HOUR)) ,0,0,18550,1856),
(@newENTRY+74,@faction_ah,@ENTRY+74,@vendeur_ah,24470, UNIX_TIMESTAMP( ADDDATE(now(), INTERVAL floor(24+24*rand()) HOUR)) ,0,0,24470,2448),
(@newENTRY+75,@faction_ah,@ENTRY+75,@vendeur_ah,44611, UNIX_TIMESTAMP( ADDDATE(now(), INTERVAL floor(24+24*rand()) HOUR)) ,0,0,44611,4462),
(@newENTRY+76,@faction_ah,@ENTRY+76,@vendeur_ah,10000, UNIX_TIMESTAMP( ADDDATE(now(), INTERVAL floor(24+24*rand()) HOUR)) ,0,0,10000,1001),
(@newENTRY+77,@faction_ah,@ENTRY+77,@vendeur_ah,24327, UNIX_TIMESTAMP( ADDDATE(now(), INTERVAL floor(24+24*rand()) HOUR)) ,0,0,24327,2434),
(@newENTRY+78,@faction_ah,@ENTRY+78,@vendeur_ah,26264, UNIX_TIMESTAMP( ADDDATE(now(), INTERVAL floor(24+24*rand()) HOUR)) ,0,0,26264,2627),
(@newENTRY+79,@faction_ah,@ENTRY+79,@vendeur_ah,38286, UNIX_TIMESTAMP( ADDDATE(now(), INTERVAL floor(24+24*rand()) HOUR)) ,0,0,38286,3830),
(@newENTRY+80,@faction_ah,@ENTRY+80,@vendeur_ah,10000, UNIX_TIMESTAMP( ADDDATE(now(), INTERVAL floor(24+24*rand()) HOUR)) ,0,0,10000,1001),
(@newENTRY+81,@faction_ah,@ENTRY+81,@vendeur_ah,33231, UNIX_TIMESTAMP( ADDDATE(now(), INTERVAL floor(24+24*rand()) HOUR)) ,0,0,33231,3324),
(@newENTRY+82,@faction_ah,@ENTRY+82,@vendeur_ah,371, UNIX_TIMESTAMP( ADDDATE(now(), INTERVAL floor(24+24*rand()) HOUR)) ,0,0,371,38);














