



SET  @newENTRY =(SELECT max(`id`) FROM `auctionhouse` );
set @vendeur_ah := 55;
SET  @ENTRY =(SELECT max(`guid`) FROM `item_instance` );

DROP TABLE IF EXISTS `t`;
CREATE TABLE `t` (i INT);
insert into `t` values(4656) , (4656) ,(4656);
set  @faction_ah = (SELECT i FROM t ORDER BY RAND() LIMIT 1);








INSERT INTO `item_instance`  (guid,itemEntry,owner_guid,creatorGuid,giftCreatorGuid,count,duration,charges,flags,enchantments,randomPropertyId,durability,playedTime,text)
VALUES (@ENTRY+1,2629,@vendeur_ah,0,0,1,0,'0 0 0 0 0 ',0,'0 0 0 0 0 0 0 0 0 0 0 0 0 0 0 0 0 0 0 0 0 0 0 0 0 0 0 0 0 0 0 0 0 0 0 0 0 0 0 0 0 0 ',0,0,0,""),
(@ENTRY+2,2719,@vendeur_ah,0,0,1,0,'0 0 0 0 0 ',0,'0 0 0 0 0 0 0 0 0 0 0 0 0 0 0 0 0 0 0 0 0 0 0 0 0 0 0 0 0 0 0 0 0 0 0 0 0 0 0 0 0 0 ',0,0,0,""),
(@ENTRY+3,3467,@vendeur_ah,0,0,1,0,'0 0 0 0 0 ',0,'0 0 0 0 0 0 0 0 0 0 0 0 0 0 0 0 0 0 0 0 0 0 0 0 0 0 0 0 0 0 0 0 0 0 0 0 0 0 0 0 0 0 ',0,0,0,""),
(@ENTRY+4,3499,@vendeur_ah,0,0,1,0,'0 0 0 0 0 ',0,'0 0 0 0 0 0 0 0 0 0 0 0 0 0 0 0 0 0 0 0 0 0 0 0 0 0 0 0 0 0 0 0 0 0 0 0 0 0 0 0 0 0 ',0,0,0,""),
(@ENTRY+5,3704,@vendeur_ah,0,0,1,0,'0 0 0 0 0 ',0,'0 0 0 0 0 0 0 0 0 0 0 0 0 0 0 0 0 0 0 0 0 0 0 0 0 0 0 0 0 0 0 0 0 0 0 0 0 0 0 0 0 0 ',0,0,0,""),
(@ENTRY+6,3930,@vendeur_ah,0,0,1,0,'0 0 0 0 0 ',0,'0 0 0 0 0 0 0 0 0 0 0 0 0 0 0 0 0 0 0 0 0 0 0 0 0 0 0 0 0 0 0 0 0 0 0 0 0 0 0 0 0 0 ',0,0,0,""),
(@ENTRY+7,4103,@vendeur_ah,0,0,1,0,'0 0 0 0 0 ',0,'0 0 0 0 0 0 0 0 0 0 0 0 0 0 0 0 0 0 0 0 0 0 0 0 0 0 0 0 0 0 0 0 0 0 0 0 0 0 0 0 0 0 ',0,0,0,""),
(@ENTRY+8,4483,@vendeur_ah,0,0,1,0,'0 0 0 0 0 ',0,'0 0 0 0 0 0 0 0 0 0 0 0 0 0 0 0 0 0 0 0 0 0 0 0 0 0 0 0 0 0 0 0 0 0 0 0 0 0 0 0 0 0 ',0,0,0,""),
(@ENTRY+9,4484,@vendeur_ah,0,0,1,0,'0 0 0 0 0 ',0,'0 0 0 0 0 0 0 0 0 0 0 0 0 0 0 0 0 0 0 0 0 0 0 0 0 0 0 0 0 0 0 0 0 0 0 0 0 0 0 0 0 0 ',0,0,0,""),
(@ENTRY+10,4485,@vendeur_ah,0,0,1,0,'0 0 0 0 0 ',0,'0 0 0 0 0 0 0 0 0 0 0 0 0 0 0 0 0 0 0 0 0 0 0 0 0 0 0 0 0 0 0 0 0 0 0 0 0 0 0 0 0 0 ',0,0,0,""),
(@ENTRY+11,4882,@vendeur_ah,0,0,1,0,'0 0 0 0 0 ',0,'0 0 0 0 0 0 0 0 0 0 0 0 0 0 0 0 0 0 0 0 0 0 0 0 0 0 0 0 0 0 0 0 0 0 0 0 0 0 0 0 0 0 ',0,0,0,""),
(@ENTRY+12,5020,@vendeur_ah,0,0,1,0,'0 0 0 0 0 ',0,'0 0 0 0 0 0 0 0 0 0 0 0 0 0 0 0 0 0 0 0 0 0 0 0 0 0 0 0 0 0 0 0 0 0 0 0 0 0 0 0 0 0 ',0,0,0,""),
(@ENTRY+13,5050,@vendeur_ah,0,0,1,0,'0 0 0 0 0 ',0,'0 0 0 0 0 0 0 0 0 0 0 0 0 0 0 0 0 0 0 0 0 0 0 0 0 0 0 0 0 0 0 0 0 0 0 0 0 0 0 0 0 0 ',0,0,0,""),
(@ENTRY+14,5089,@vendeur_ah,0,0,1,0,'0 0 0 0 0 ',0,'0 0 0 0 0 0 0 0 0 0 0 0 0 0 0 0 0 0 0 0 0 0 0 0 0 0 0 0 0 0 0 0 0 0 0 0 0 0 0 0 0 0 ',0,0,0,""),
(@ENTRY+15,5396,@vendeur_ah,0,0,1,0,'0 0 0 0 0 ',0,'0 0 0 0 0 0 0 0 0 0 0 0 0 0 0 0 0 0 0 0 0 0 0 0 0 0 0 0 0 0 0 0 0 0 0 0 0 0 0 0 0 0 ',0,0,0,""),
(@ENTRY+16,5397,@vendeur_ah,0,0,1,0,'0 0 0 0 0 ',0,'0 0 0 0 0 0 0 0 0 0 0 0 0 0 0 0 0 0 0 0 0 0 0 0 0 0 0 0 0 0 0 0 0 0 0 0 0 0 0 0 0 0 ',0,0,0,""),
(@ENTRY+17,5475,@vendeur_ah,0,0,1,0,'0 0 0 0 0 ',0,'0 0 0 0 0 0 0 0 0 0 0 0 0 0 0 0 0 0 0 0 0 0 0 0 0 0 0 0 0 0 0 0 0 0 0 0 0 0 0 0 0 0 ',0,0,0,""),
(@ENTRY+18,5851,@vendeur_ah,0,0,1,0,'0 0 0 0 0 ',0,'0 0 0 0 0 0 0 0 0 0 0 0 0 0 0 0 0 0 0 0 0 0 0 0 0 0 0 0 0 0 0 0 0 0 0 0 0 0 0 0 0 0 ',0,0,0,""),
(@ENTRY+19,5916,@vendeur_ah,0,0,1,0,'0 0 0 0 0 ',0,'0 0 0 0 0 0 0 0 0 0 0 0 0 0 0 0 0 0 0 0 0 0 0 0 0 0 0 0 0 0 0 0 0 0 0 0 0 0 0 0 0 0 ',0,0,0,""),
(@ENTRY+20,6893,@vendeur_ah,0,0,1,0,'0 0 0 0 0 ',0,'0 0 0 0 0 0 0 0 0 0 0 0 0 0 0 0 0 0 0 0 0 0 0 0 0 0 0 0 0 0 0 0 0 0 0 0 0 0 0 0 0 0 ',0,0,0,""),
(@ENTRY+21,7146,@vendeur_ah,0,0,1,0,'0 0 0 0 0 ',0,'0 0 0 0 0 0 0 0 0 0 0 0 0 0 0 0 0 0 0 0 0 0 0 0 0 0 0 0 0 0 0 0 0 0 0 0 0 0 0 0 0 0 ',0,0,0,""),
(@ENTRY+22,7923,@vendeur_ah,0,0,1,0,'0 0 0 0 0 ',0,'0 0 0 0 0 0 0 0 0 0 0 0 0 0 0 0 0 0 0 0 0 0 0 0 0 0 0 0 0 0 0 0 0 0 0 0 0 0 0 0 0 0 ',0,0,0,""),
(@ENTRY+23,8072,@vendeur_ah,0,0,1,0,'0 0 0 0 0 ',0,'0 0 0 0 0 0 0 0 0 0 0 0 0 0 0 0 0 0 0 0 0 0 0 0 0 0 0 0 0 0 0 0 0 0 0 0 0 0 0 0 0 0 ',0,0,0,""),
(@ENTRY+24,9249,@vendeur_ah,0,0,1,0,'0 0 0 0 0 ',0,'0 0 0 0 0 0 0 0 0 0 0 0 0 0 0 0 0 0 0 0 0 0 0 0 0 0 0 0 0 0 0 0 0 0 0 0 0 0 0 0 0 0 ',0,0,0,""),
(@ENTRY+25,9299,@vendeur_ah,0,0,1,0,'0 0 0 0 0 ',0,'0 0 0 0 0 0 0 0 0 0 0 0 0 0 0 0 0 0 0 0 0 0 0 0 0 0 0 0 0 0 0 0 0 0 0 0 0 0 0 0 0 0 ',0,0,0,""),
(@ENTRY+26,10460,@vendeur_ah,0,0,1,0,'0 0 0 0 0 ',0,'0 0 0 0 0 0 0 0 0 0 0 0 0 0 0 0 0 0 0 0 0 0 0 0 0 0 0 0 0 0 0 0 0 0 0 0 0 0 0 0 0 0 ',0,0,0,""),
(@ENTRY+27,10757,@vendeur_ah,0,0,1,0,'0 0 0 0 0 ',0,'0 0 0 0 0 0 0 0 0 0 0 0 0 0 0 0 0 0 0 0 0 0 0 0 0 0 0 0 0 0 0 0 0 0 0 0 0 0 0 0 0 0 ',0,0,0,""),
(@ENTRY+28,11000,@vendeur_ah,0,0,1,0,'0 0 0 0 0 ',0,'0 0 0 0 0 0 0 0 0 0 0 0 0 0 0 0 0 0 0 0 0 0 0 0 0 0 0 0 0 0 0 0 0 0 0 0 0 0 0 0 0 0 ',0,0,0,""),
(@ENTRY+29,11078,@vendeur_ah,0,0,1,0,'0 0 0 0 0 ',0,'0 0 0 0 0 0 0 0 0 0 0 0 0 0 0 0 0 0 0 0 0 0 0 0 0 0 0 0 0 0 0 0 0 0 0 0 0 0 0 0 0 0 ',0,0,0,""),
(@ENTRY+30,11079,@vendeur_ah,0,0,1,0,'0 0 0 0 0 ',0,'0 0 0 0 0 0 0 0 0 0 0 0 0 0 0 0 0 0 0 0 0 0 0 0 0 0 0 0 0 0 0 0 0 0 0 0 0 0 0 0 0 0 ',0,0,0,""),
(@ENTRY+31,11140,@vendeur_ah,0,0,1,0,'0 0 0 0 0 ',0,'0 0 0 0 0 0 0 0 0 0 0 0 0 0 0 0 0 0 0 0 0 0 0 0 0 0 0 0 0 0 0 0 0 0 0 0 0 0 0 0 0 0 ',0,0,0,""),
(@ENTRY+32,11197,@vendeur_ah,0,0,1,0,'0 0 0 0 0 ',0,'0 0 0 0 0 0 0 0 0 0 0 0 0 0 0 0 0 0 0 0 0 0 0 0 0 0 0 0 0 0 0 0 0 0 0 0 0 0 0 0 0 0 ',0,0,0,""),
(@ENTRY+33,11602,@vendeur_ah,0,0,1,0,'0 0 0 0 0 ',0,'0 0 0 0 0 0 0 0 0 0 0 0 0 0 0 0 0 0 0 0 0 0 0 0 0 0 0 0 0 0 0 0 0 0 0 0 0 0 0 0 0 0 ',0,0,0,""),
(@ENTRY+34,12144,@vendeur_ah,0,0,1,0,'0 0 0 0 0 ',0,'0 0 0 0 0 0 0 0 0 0 0 0 0 0 0 0 0 0 0 0 0 0 0 0 0 0 0 0 0 0 0 0 0 0 0 0 0 0 0 0 0 0 ',0,0,0,""),
(@ENTRY+35,12301,@vendeur_ah,0,0,1,0,'0 0 0 0 0 ',0,'0 0 0 0 0 0 0 0 0 0 0 0 0 0 0 0 0 0 0 0 0 0 0 0 0 0 0 0 0 0 0 0 0 0 0 0 0 0 0 0 0 0 ',0,0,0,""),
(@ENTRY+36,12382,@vendeur_ah,0,0,1,0,'0 0 0 0 0 ',0,'0 0 0 0 0 0 0 0 0 0 0 0 0 0 0 0 0 0 0 0 0 0 0 0 0 0 0 0 0 0 0 0 0 0 0 0 0 0 0 0 0 0 ',0,0,0,""),
(@ENTRY+37,12973,@vendeur_ah,0,0,1,0,'0 0 0 0 0 ',0,'0 0 0 0 0 0 0 0 0 0 0 0 0 0 0 0 0 0 0 0 0 0 0 0 0 0 0 0 0 0 0 0 0 0 0 0 0 0 0 0 0 0 ',0,0,0,""),
(@ENTRY+38,13302,@vendeur_ah,0,0,1,0,'0 0 0 0 0 ',0,'0 0 0 0 0 0 0 0 0 0 0 0 0 0 0 0 0 0 0 0 0 0 0 0 0 0 0 0 0 0 0 0 0 0 0 0 0 0 0 0 0 0 ',0,0,0,""),
(@ENTRY+39,13303,@vendeur_ah,0,0,1,0,'0 0 0 0 0 ',0,'0 0 0 0 0 0 0 0 0 0 0 0 0 0 0 0 0 0 0 0 0 0 0 0 0 0 0 0 0 0 0 0 0 0 0 0 0 0 0 0 0 0 ',0,0,0,""),
(@ENTRY+40,13304,@vendeur_ah,0,0,1,0,'0 0 0 0 0 ',0,'0 0 0 0 0 0 0 0 0 0 0 0 0 0 0 0 0 0 0 0 0 0 0 0 0 0 0 0 0 0 0 0 0 0 0 0 0 0 0 0 0 0 ',0,0,0,""),
(@ENTRY+41,13305,@vendeur_ah,0,0,1,0,'0 0 0 0 0 ',0,'0 0 0 0 0 0 0 0 0 0 0 0 0 0 0 0 0 0 0 0 0 0 0 0 0 0 0 0 0 0 0 0 0 0 0 0 0 0 0 0 0 0 ',0,0,0,""),
(@ENTRY+42,13306,@vendeur_ah,0,0,1,0,'0 0 0 0 0 ',0,'0 0 0 0 0 0 0 0 0 0 0 0 0 0 0 0 0 0 0 0 0 0 0 0 0 0 0 0 0 0 0 0 0 0 0 0 0 0 0 0 0 0 ',0,0,0,""),
(@ENTRY+43,13307,@vendeur_ah,0,0,1,0,'0 0 0 0 0 ',0,'0 0 0 0 0 0 0 0 0 0 0 0 0 0 0 0 0 0 0 0 0 0 0 0 0 0 0 0 0 0 0 0 0 0 0 0 0 0 0 0 0 0 ',0,0,0,""),
(@ENTRY+44,13704,@vendeur_ah,0,0,1,0,'0 0 0 0 0 ',0,'0 0 0 0 0 0 0 0 0 0 0 0 0 0 0 0 0 0 0 0 0 0 0 0 0 0 0 0 0 0 0 0 0 0 0 0 0 0 0 0 0 0 ',0,0,0,""),
(@ENTRY+45,13873,@vendeur_ah,0,0,1,0,'0 0 0 0 0 ',0,'0 0 0 0 0 0 0 0 0 0 0 0 0 0 0 0 0 0 0 0 0 0 0 0 0 0 0 0 0 0 0 0 0 0 0 0 0 0 0 0 0 0 ',0,0,0,""),
(@ENTRY+46,17242,@vendeur_ah,0,0,1,0,'0 0 0 0 0 ',0,'0 0 0 0 0 0 0 0 0 0 0 0 0 0 0 0 0 0 0 0 0 0 0 0 0 0 0 0 0 0 0 0 0 0 0 0 0 0 0 0 0 0 ',0,0,0,""),
(@ENTRY+47,17262,@vendeur_ah,0,0,1,0,'0 0 0 0 0 ',0,'0 0 0 0 0 0 0 0 0 0 0 0 0 0 0 0 0 0 0 0 0 0 0 0 0 0 0 0 0 0 0 0 0 0 0 0 0 0 0 0 0 0 ',0,0,0,""),
(@ENTRY+48,18249,@vendeur_ah,0,0,1,0,'0 0 0 0 0 ',0,'0 0 0 0 0 0 0 0 0 0 0 0 0 0 0 0 0 0 0 0 0 0 0 0 0 0 0 0 0 0 0 0 0 0 0 0 0 0 0 0 0 0 ',0,0,0,""),
(@ENTRY+49,18266,@vendeur_ah,0,0,1,0,'0 0 0 0 0 ',0,'0 0 0 0 0 0 0 0 0 0 0 0 0 0 0 0 0 0 0 0 0 0 0 0 0 0 0 0 0 0 0 0 0 0 0 0 0 0 0 0 0 0 ',0,0,0,""),
(@ENTRY+50,18268,@vendeur_ah,0,0,1,0,'0 0 0 0 0 ',0,'0 0 0 0 0 0 0 0 0 0 0 0 0 0 0 0 0 0 0 0 0 0 0 0 0 0 0 0 0 0 0 0 0 0 0 0 0 0 0 0 0 0 ',0,0,0,""),
(@ENTRY+51,21761,@vendeur_ah,0,0,1,0,'0 0 0 0 0 ',0,'0 0 0 0 0 0 0 0 0 0 0 0 0 0 0 0 0 0 0 0 0 0 0 0 0 0 0 0 0 0 0 0 0 0 0 0 0 0 0 0 0 0 ',0,0,0,""),
(@ENTRY+52,21762,@vendeur_ah,0,0,1,0,'0 0 0 0 0 ',0,'0 0 0 0 0 0 0 0 0 0 0 0 0 0 0 0 0 0 0 0 0 0 0 0 0 0 0 0 0 0 0 0 0 0 0 0 0 0 0 0 0 0 ',0,0,0,""),
(@ENTRY+53,23801,@vendeur_ah,0,0,1,0,'0 0 0 0 0 ',0,'0 0 0 0 0 0 0 0 0 0 0 0 0 0 0 0 0 0 0 0 0 0 0 0 0 0 0 0 0 0 0 0 0 0 0 0 0 0 0 0 0 0 ',0,0,0,""),
(@ENTRY+54,24010,@vendeur_ah,0,0,1,0,'0 0 0 0 0 ',0,'0 0 0 0 0 0 0 0 0 0 0 0 0 0 0 0 0 0 0 0 0 0 0 0 0 0 0 0 0 0 0 0 0 0 0 0 0 0 0 0 0 0 ',0,0,0,""),
(@ENTRY+55,24099,@vendeur_ah,0,0,1,0,'0 0 0 0 0 ',0,'0 0 0 0 0 0 0 0 0 0 0 0 0 0 0 0 0 0 0 0 0 0 0 0 0 0 0 0 0 0 0 0 0 0 0 0 0 0 0 0 0 0 ',0,0,0,""),
(@ENTRY+56,24490,@vendeur_ah,0,0,1,0,'0 0 0 0 0 ',0,'0 0 0 0 0 0 0 0 0 0 0 0 0 0 0 0 0 0 0 0 0 0 0 0 0 0 0 0 0 0 0 0 0 0 0 0 0 0 0 0 0 0 ',0,0,0,""),
(@ENTRY+57,27808,@vendeur_ah,0,0,1,0,'0 0 0 0 0 ',0,'0 0 0 0 0 0 0 0 0 0 0 0 0 0 0 0 0 0 0 0 0 0 0 0 0 0 0 0 0 0 0 0 0 0 0 0 0 0 0 0 0 0 ',0,0,0,""),
(@ENTRY+58,27991,@vendeur_ah,0,0,1,0,'0 0 0 0 0 ',0,'0 0 0 0 0 0 0 0 0 0 0 0 0 0 0 0 0 0 0 0 0 0 0 0 0 0 0 0 0 0 0 0 0 0 0 0 0 0 0 0 0 0 ',0,0,0,""),
(@ENTRY+59,28395,@vendeur_ah,0,0,1,0,'0 0 0 0 0 ',0,'0 0 0 0 0 0 0 0 0 0 0 0 0 0 0 0 0 0 0 0 0 0 0 0 0 0 0 0 0 0 0 0 0 0 0 0 0 0 0 0 0 0 ',0,0,0,""),
(@ENTRY+60,29460,@vendeur_ah,0,0,1,0,'0 0 0 0 0 ',0,'0 0 0 0 0 0 0 0 0 0 0 0 0 0 0 0 0 0 0 0 0 0 0 0 0 0 0 0 0 0 0 0 0 0 0 0 0 0 0 0 0 0 ',0,0,0,""),
(@ENTRY+61,29501,@vendeur_ah,0,0,1,0,'0 0 0 0 0 ',0,'0 0 0 0 0 0 0 0 0 0 0 0 0 0 0 0 0 0 0 0 0 0 0 0 0 0 0 0 0 0 0 0 0 0 0 0 0 0 0 0 0 0 ',0,0,0,""),
(@ENTRY+62,29742,@vendeur_ah,0,0,1,0,'0 0 0 0 0 ',0,'0 0 0 0 0 0 0 0 0 0 0 0 0 0 0 0 0 0 0 0 0 0 0 0 0 0 0 0 0 0 0 0 0 0 0 0 0 0 0 0 0 0 ',0,0,0,""),
(@ENTRY+63,29750,@vendeur_ah,0,0,1,0,'0 0 0 0 0 ',0,'0 0 0 0 0 0 0 0 0 0 0 0 0 0 0 0 0 0 0 0 0 0 0 0 0 0 0 0 0 0 0 0 0 0 0 0 0 0 0 0 0 0 ',0,0,0,""),
(@ENTRY+64,30426,@vendeur_ah,0,0,1,0,'0 0 0 0 0 ',0,'0 0 0 0 0 0 0 0 0 0 0 0 0 0 0 0 0 0 0 0 0 0 0 0 0 0 0 0 0 0 0 0 0 0 0 0 0 0 0 0 0 0 ',0,0,0,""),
(@ENTRY+65,30438,@vendeur_ah,0,0,1,0,'0 0 0 0 0 ',0,'0 0 0 0 0 0 0 0 0 0 0 0 0 0 0 0 0 0 0 0 0 0 0 0 0 0 0 0 0 0 0 0 0 0 0 0 0 0 0 0 0 0 ',0,0,0,""),
(@ENTRY+66,30622,@vendeur_ah,0,0,1,0,'0 0 0 0 0 ',0,'0 0 0 0 0 0 0 0 0 0 0 0 0 0 0 0 0 0 0 0 0 0 0 0 0 0 0 0 0 0 0 0 0 0 0 0 0 0 0 0 0 0 ',0,0,0,""),
(@ENTRY+67,30623,@vendeur_ah,0,0,1,0,'0 0 0 0 0 ',0,'0 0 0 0 0 0 0 0 0 0 0 0 0 0 0 0 0 0 0 0 0 0 0 0 0 0 0 0 0 0 0 0 0 0 0 0 0 0 0 0 0 0 ',0,0,0,""),
(@ENTRY+68,30633,@vendeur_ah,0,0,1,0,'0 0 0 0 0 ',0,'0 0 0 0 0 0 0 0 0 0 0 0 0 0 0 0 0 0 0 0 0 0 0 0 0 0 0 0 0 0 0 0 0 0 0 0 0 0 0 0 0 0 ',0,0,0,""),
(@ENTRY+69,30634,@vendeur_ah,0,0,1,0,'0 0 0 0 0 ',0,'0 0 0 0 0 0 0 0 0 0 0 0 0 0 0 0 0 0 0 0 0 0 0 0 0 0 0 0 0 0 0 0 0 0 0 0 0 0 0 0 0 0 ',0,0,0,""),
(@ENTRY+70,30635,@vendeur_ah,0,0,1,0,'0 0 0 0 0 ',0,'0 0 0 0 0 0 0 0 0 0 0 0 0 0 0 0 0 0 0 0 0 0 0 0 0 0 0 0 0 0 0 0 0 0 0 0 0 0 0 0 0 0 ',0,0,0,""),
(@ENTRY+71,30637,@vendeur_ah,0,0,1,0,'0 0 0 0 0 ',0,'0 0 0 0 0 0 0 0 0 0 0 0 0 0 0 0 0 0 0 0 0 0 0 0 0 0 0 0 0 0 0 0 0 0 0 0 0 0 0 0 0 0 ',0,0,0,""),
(@ENTRY+72,30712,@vendeur_ah,0,0,1,0,'0 0 0 0 0 ',0,'0 0 0 0 0 0 0 0 0 0 0 0 0 0 0 0 0 0 0 0 0 0 0 0 0 0 0 0 0 0 0 0 0 0 0 0 0 0 0 0 0 0 ',0,0,0,""),
(@ENTRY+73,31084,@vendeur_ah,0,0,1,0,'0 0 0 0 0 ',0,'0 0 0 0 0 0 0 0 0 0 0 0 0 0 0 0 0 0 0 0 0 0 0 0 0 0 0 0 0 0 0 0 0 0 0 0 0 0 0 0 0 0 ',0,0,0,""),
(@ENTRY+74,31536,@vendeur_ah,0,0,1,0,'0 0 0 0 0 ',0,'0 0 0 0 0 0 0 0 0 0 0 0 0 0 0 0 0 0 0 0 0 0 0 0 0 0 0 0 0 0 0 0 0 0 0 0 0 0 0 0 0 0 ',0,0,0,""),
(@ENTRY+75,31655,@vendeur_ah,0,0,1,0,'0 0 0 0 0 ',0,'0 0 0 0 0 0 0 0 0 0 0 0 0 0 0 0 0 0 0 0 0 0 0 0 0 0 0 0 0 0 0 0 0 0 0 0 0 0 0 0 0 0 ',0,0,0,""),
(@ENTRY+76,31664,@vendeur_ah,0,0,1,0,'0 0 0 0 0 ',0,'0 0 0 0 0 0 0 0 0 0 0 0 0 0 0 0 0 0 0 0 0 0 0 0 0 0 0 0 0 0 0 0 0 0 0 0 0 0 0 0 0 0 ',0,0,0,""),
(@ENTRY+77,31704,@vendeur_ah,0,0,1,0,'0 0 0 0 0 ',0,'0 0 0 0 0 0 0 0 0 0 0 0 0 0 0 0 0 0 0 0 0 0 0 0 0 0 0 0 0 0 0 0 0 0 0 0 0 0 0 0 0 0 ',0,0,0,""),
(@ENTRY+78,31705,@vendeur_ah,0,0,1,0,'0 0 0 0 0 ',0,'0 0 0 0 0 0 0 0 0 0 0 0 0 0 0 0 0 0 0 0 0 0 0 0 0 0 0 0 0 0 0 0 0 0 0 0 0 0 0 0 0 0 ',0,0,0,""),
(@ENTRY+79,31956,@vendeur_ah,0,0,1,0,'0 0 0 0 0 ',0,'0 0 0 0 0 0 0 0 0 0 0 0 0 0 0 0 0 0 0 0 0 0 0 0 0 0 0 0 0 0 0 0 0 0 0 0 0 0 0 0 0 0 ',0,0,0,""),
(@ENTRY+80,31994,@vendeur_ah,0,0,1,0,'0 0 0 0 0 ',0,'0 0 0 0 0 0 0 0 0 0 0 0 0 0 0 0 0 0 0 0 0 0 0 0 0 0 0 0 0 0 0 0 0 0 0 0 0 0 0 0 0 0 ',0,0,0,""),
(@ENTRY+81,32069,@vendeur_ah,0,0,1,0,'0 0 0 0 0 ',0,'0 0 0 0 0 0 0 0 0 0 0 0 0 0 0 0 0 0 0 0 0 0 0 0 0 0 0 0 0 0 0 0 0 0 0 0 0 0 0 0 0 0 ',0,0,0,""),
(@ENTRY+82,32079,@vendeur_ah,0,0,1,0,'0 0 0 0 0 ',0,'0 0 0 0 0 0 0 0 0 0 0 0 0 0 0 0 0 0 0 0 0 0 0 0 0 0 0 0 0 0 0 0 0 0 0 0 0 0 0 0 0 0 ',0,0,0,""),
(@ENTRY+83,32092,@vendeur_ah,0,0,1,0,'0 0 0 0 0 ',0,'0 0 0 0 0 0 0 0 0 0 0 0 0 0 0 0 0 0 0 0 0 0 0 0 0 0 0 0 0 0 0 0 0 0 0 0 0 0 0 0 0 0 ',0,0,0,""),
(@ENTRY+84,32773,@vendeur_ah,0,0,1,0,'0 0 0 0 0 ',0,'0 0 0 0 0 0 0 0 0 0 0 0 0 0 0 0 0 0 0 0 0 0 0 0 0 0 0 0 0 0 0 0 0 0 0 0 0 0 0 0 0 0 ',0,0,0,""),
(@ENTRY+85,33061,@vendeur_ah,0,0,1,0,'0 0 0 0 0 ',0,'0 0 0 0 0 0 0 0 0 0 0 0 0 0 0 0 0 0 0 0 0 0 0 0 0 0 0 0 0 0 0 0 0 0 0 0 0 0 0 0 0 0 ',0,0,0,""),
(@ENTRY+86,33284,@vendeur_ah,0,0,1,0,'0 0 0 0 0 ',0,'0 0 0 0 0 0 0 0 0 0 0 0 0 0 0 0 0 0 0 0 0 0 0 0 0 0 0 0 0 0 0 0 0 0 0 0 0 0 0 0 0 0 ',0,0,0,""),
(@ENTRY+87,33290,@vendeur_ah,0,0,1,0,'0 0 0 0 0 ',0,'0 0 0 0 0 0 0 0 0 0 0 0 0 0 0 0 0 0 0 0 0 0 0 0 0 0 0 0 0 0 0 0 0 0 0 0 0 0 0 0 0 0 ',0,0,0,""),
(@ENTRY+88,33308,@vendeur_ah,0,0,1,0,'0 0 0 0 0 ',0,'0 0 0 0 0 0 0 0 0 0 0 0 0 0 0 0 0 0 0 0 0 0 0 0 0 0 0 0 0 0 0 0 0 0 0 0 0 0 0 0 0 0 ',0,0,0,""),
(@ENTRY+89,34117,@vendeur_ah,0,0,1,0,'0 0 0 0 0 ',0,'0 0 0 0 0 0 0 0 0 0 0 0 0 0 0 0 0 0 0 0 0 0 0 0 0 0 0 0 0 0 0 0 0 0 0 0 0 0 0 0 0 0 ',0,0,0,""),
(@ENTRY+90,34477,@vendeur_ah,0,0,1,0,'0 0 0 0 0 ',0,'0 0 0 0 0 0 0 0 0 0 0 0 0 0 0 0 0 0 0 0 0 0 0 0 0 0 0 0 0 0 0 0 0 0 0 0 0 0 0 0 0 0 ',0,0,0,""),
(@ENTRY+91,34908,@vendeur_ah,0,0,1,0,'0 0 0 0 0 ',0,'0 0 0 0 0 0 0 0 0 0 0 0 0 0 0 0 0 0 0 0 0 0 0 0 0 0 0 0 0 0 0 0 0 0 0 0 0 0 0 0 0 0 ',0,0,0,""),
(@ENTRY+92,35705,@vendeur_ah,0,0,1,0,'0 0 0 0 0 ',0,'0 0 0 0 0 0 0 0 0 0 0 0 0 0 0 0 0 0 0 0 0 0 0 0 0 0 0 0 0 0 0 0 0 0 0 0 0 0 0 0 0 0 ',0,0,0,""),
(@ENTRY+93,36760,@vendeur_ah,0,0,1,0,'0 0 0 0 0 ',0,'0 0 0 0 0 0 0 0 0 0 0 0 0 0 0 0 0 0 0 0 0 0 0 0 0 0 0 0 0 0 0 0 0 0 0 0 0 0 0 0 0 0 ',0,0,0,""),
(@ENTRY+94,38555,@vendeur_ah,0,0,1,0,'0 0 0 0 0 ',0,'0 0 0 0 0 0 0 0 0 0 0 0 0 0 0 0 0 0 0 0 0 0 0 0 0 0 0 0 0 0 0 0 0 0 0 0 0 0 0 0 0 0 ',0,0,0,""),
(@ENTRY+95,40641,@vendeur_ah,0,0,1,0,'0 0 0 0 0 ',0,'0 0 0 0 0 0 0 0 0 0 0 0 0 0 0 0 0 0 0 0 0 0 0 0 0 0 0 0 0 0 0 0 0 0 0 0 0 0 0 0 0 0 ',0,0,0,""),
(@ENTRY+96,40652,@vendeur_ah,0,0,1,0,'0 0 0 0 0 ',0,'0 0 0 0 0 0 0 0 0 0 0 0 0 0 0 0 0 0 0 0 0 0 0 0 0 0 0 0 0 0 0 0 0 0 0 0 0 0 0 0 0 0 ',0,0,0,""),
(@ENTRY+97,40732,@vendeur_ah,0,0,1,0,'0 0 0 0 0 ',0,'0 0 0 0 0 0 0 0 0 0 0 0 0 0 0 0 0 0 0 0 0 0 0 0 0 0 0 0 0 0 0 0 0 0 0 0 0 0 0 0 0 0 ',0,0,0,""),
(@ENTRY+98,41428,@vendeur_ah,0,0,1,0,'0 0 0 0 0 ',0,'0 0 0 0 0 0 0 0 0 0 0 0 0 0 0 0 0 0 0 0 0 0 0 0 0 0 0 0 0 0 0 0 0 0 0 0 0 0 0 0 0 0 ',0,0,0,""),
(@ENTRY+99,42422,@vendeur_ah,0,0,1,0,'0 0 0 0 0 ',0,'0 0 0 0 0 0 0 0 0 0 0 0 0 0 0 0 0 0 0 0 0 0 0 0 0 0 0 0 0 0 0 0 0 0 0 0 0 0 0 0 0 0 ',0,0,0,""),
(@ENTRY+100,42482,@vendeur_ah,0,0,1,0,'0 0 0 0 0 ',0,'0 0 0 0 0 0 0 0 0 0 0 0 0 0 0 0 0 0 0 0 0 0 0 0 0 0 0 0 0 0 0 0 0 0 0 0 0 0 0 0 0 0 ',0,0,0,""),
(@ENTRY+101,43650,@vendeur_ah,0,0,1,0,'0 0 0 0 0 ',0,'0 0 0 0 0 0 0 0 0 0 0 0 0 0 0 0 0 0 0 0 0 0 0 0 0 0 0 0 0 0 0 0 0 0 0 0 0 0 0 0 0 0 ',0,0,0,""),
(@ENTRY+102,44581,@vendeur_ah,0,0,1,0,'0 0 0 0 0 ',0,'0 0 0 0 0 0 0 0 0 0 0 0 0 0 0 0 0 0 0 0 0 0 0 0 0 0 0 0 0 0 0 0 0 0 0 0 0 0 0 0 0 0 ',0,0,0,""),
(@ENTRY+103,44582,@vendeur_ah,0,0,1,0,'0 0 0 0 0 ',0,'0 0 0 0 0 0 0 0 0 0 0 0 0 0 0 0 0 0 0 0 0 0 0 0 0 0 0 0 0 0 0 0 0 0 0 0 0 0 0 0 0 0 ',0,0,0,""),
(@ENTRY+104,44925,@vendeur_ah,0,0,1,0,'0 0 0 0 0 ',0,'0 0 0 0 0 0 0 0 0 0 0 0 0 0 0 0 0 0 0 0 0 0 0 0 0 0 0 0 0 0 0 0 0 0 0 0 0 0 0 0 0 0 ',0,0,0,""),
(@ENTRY+105,45040,@vendeur_ah,0,0,1,0,'0 0 0 0 0 ',0,'0 0 0 0 0 0 0 0 0 0 0 0 0 0 0 0 0 0 0 0 0 0 0 0 0 0 0 0 0 0 0 0 0 0 0 0 0 0 0 0 0 0 ',0,0,0,""),
(@ENTRY+106,45796,@vendeur_ah,0,0,1,0,'0 0 0 0 0 ',0,'0 0 0 0 0 0 0 0 0 0 0 0 0 0 0 0 0 0 0 0 0 0 0 0 0 0 0 0 0 0 0 0 0 0 0 0 0 0 0 0 0 0 ',0,0,0,""),
(@ENTRY+107,46808,@vendeur_ah,0,0,1,0,'0 0 0 0 0 ',0,'0 0 0 0 0 0 0 0 0 0 0 0 0 0 0 0 0 0 0 0 0 0 0 0 0 0 0 0 0 0 0 0 0 0 0 0 0 0 0 0 0 0 ',0,0,0,""),
(@ENTRY+108,46895,@vendeur_ah,0,0,1,0,'0 0 0 0 0 ',0,'0 0 0 0 0 0 0 0 0 0 0 0 0 0 0 0 0 0 0 0 0 0 0 0 0 0 0 0 0 0 0 0 0 0 0 0 0 0 0 0 0 0 ',0,0,0,""),
(@ENTRY+109,49533,@vendeur_ah,0,0,1,0,'0 0 0 0 0 ',0,'0 0 0 0 0 0 0 0 0 0 0 0 0 0 0 0 0 0 0 0 0 0 0 0 0 0 0 0 0 0 0 0 0 0 0 0 0 0 0 0 0 0 ',0,0,0,""),
(@ENTRY+110,49881,@vendeur_ah,0,0,1,0,'0 0 0 0 0 ',0,'0 0 0 0 0 0 0 0 0 0 0 0 0 0 0 0 0 0 0 0 0 0 0 0 0 0 0 0 0 0 0 0 0 0 0 0 0 0 0 0 0 0 ',0,0,0,""),
(@ENTRY+111,53139,@vendeur_ah,0,0,1,0,'0 0 0 0 0 ',0,'0 0 0 0 0 0 0 0 0 0 0 0 0 0 0 0 0 0 0 0 0 0 0 0 0 0 0 0 0 0 0 0 0 0 0 0 0 0 0 0 0 0 ',0,0,0,""),
(@ENTRY+112,55200,@vendeur_ah,0,0,1,0,'0 0 0 0 0 ',0,'0 0 0 0 0 0 0 0 0 0 0 0 0 0 0 0 0 0 0 0 0 0 0 0 0 0 0 0 0 0 0 0 0 0 0 0 0 0 0 0 0 0 ',0,0,0,""),
(@ENTRY+113,55213,@vendeur_ah,0,0,1,0,'0 0 0 0 0 ',0,'0 0 0 0 0 0 0 0 0 0 0 0 0 0 0 0 0 0 0 0 0 0 0 0 0 0 0 0 0 0 0 0 0 0 0 0 0 0 0 0 0 0 ',0,0,0,""),
(@ENTRY+114,58950,@vendeur_ah,0,0,1,0,'0 0 0 0 0 ',0,'0 0 0 0 0 0 0 0 0 0 0 0 0 0 0 0 0 0 0 0 0 0 0 0 0 0 0 0 0 0 0 0 0 0 0 0 0 0 0 0 0 0 ',0,0,0,""),
(@ENTRY+115,58969,@vendeur_ah,0,0,1,0,'0 0 0 0 0 ',0,'0 0 0 0 0 0 0 0 0 0 0 0 0 0 0 0 0 0 0 0 0 0 0 0 0 0 0 0 0 0 0 0 0 0 0 0 0 0 0 0 0 0 ',0,0,0,""),
(@ENTRY+116,59033,@vendeur_ah,0,0,1,0,'0 0 0 0 0 ',0,'0 0 0 0 0 0 0 0 0 0 0 0 0 0 0 0 0 0 0 0 0 0 0 0 0 0 0 0 0 0 0 0 0 0 0 0 0 0 0 0 0 0 ',0,0,0,""),
(@ENTRY+117,59261,@vendeur_ah,0,0,1,0,'0 0 0 0 0 ',0,'0 0 0 0 0 0 0 0 0 0 0 0 0 0 0 0 0 0 0 0 0 0 0 0 0 0 0 0 0 0 0 0 0 0 0 0 0 0 0 0 0 0 ',0,0,0,""),
(@ENTRY+118,59522,@vendeur_ah,0,0,1,0,'0 0 0 0 0 ',0,'0 0 0 0 0 0 0 0 0 0 0 0 0 0 0 0 0 0 0 0 0 0 0 0 0 0 0 0 0 0 0 0 0 0 0 0 0 0 0 0 0 0 ',0,0,0,""),
(@ENTRY+119,60739,@vendeur_ah,0,0,1,0,'0 0 0 0 0 ',0,'0 0 0 0 0 0 0 0 0 0 0 0 0 0 0 0 0 0 0 0 0 0 0 0 0 0 0 0 0 0 0 0 0 0 0 0 0 0 0 0 0 0 ',0,0,0,""),
(@ENTRY+120,62608,@vendeur_ah,0,0,1,0,'0 0 0 0 0 ',0,'0 0 0 0 0 0 0 0 0 0 0 0 0 0 0 0 0 0 0 0 0 0 0 0 0 0 0 0 0 0 0 0 0 0 0 0 0 0 0 0 0 0 ',0,0,0,""),
(@ENTRY+121,62817,@vendeur_ah,0,0,1,0,'0 0 0 0 0 ',0,'0 0 0 0 0 0 0 0 0 0 0 0 0 0 0 0 0 0 0 0 0 0 0 0 0 0 0 0 0 0 0 0 0 0 0 0 0 0 0 0 0 0 ',0,0,0,""),
(@ENTRY+122,62926,@vendeur_ah,0,0,1,0,'0 0 0 0 0 ',0,'0 0 0 0 0 0 0 0 0 0 0 0 0 0 0 0 0 0 0 0 0 0 0 0 0 0 0 0 0 0 0 0 0 0 0 0 0 0 0 0 0 0 ',0,0,0,""),
(@ENTRY+123,64663,@vendeur_ah,0,0,1,0,'0 0 0 0 0 ',0,'0 0 0 0 0 0 0 0 0 0 0 0 0 0 0 0 0 0 0 0 0 0 0 0 0 0 0 0 0 0 0 0 0 0 0 0 0 0 0 0 0 0 ',0,0,0,"");







INSERT INTO `auctionhouse`  (id,auctioneerguid,itemguid,itemowner,buyoutprice,time,buyguid,lastbid,startbid,deposit)
VALUES (@newENTRY+1,@faction_ah,@ENTRY+1,@vendeur_ah,60891, UNIX_TIMESTAMP( ADDDATE(now(), INTERVAL floor(1+37*rand()) HOUR)) ,0,0,60891,6090),
(@newENTRY+2,@faction_ah,@ENTRY+2,@vendeur_ah,20222, UNIX_TIMESTAMP( ADDDATE(now(), INTERVAL floor(1+37*rand()) HOUR)) ,0,0,20222,2023),
(@newENTRY+3,@faction_ah,@ENTRY+3,@vendeur_ah,28370, UNIX_TIMESTAMP( ADDDATE(now(), INTERVAL floor(1+37*rand()) HOUR)) ,0,0,28370,2838),
(@newENTRY+4,@faction_ah,@ENTRY+4,@vendeur_ah,25314, UNIX_TIMESTAMP( ADDDATE(now(), INTERVAL floor(1+37*rand()) HOUR)) ,0,0,25314,2532),
(@newENTRY+5,@faction_ah,@ENTRY+5,@vendeur_ah,16953, UNIX_TIMESTAMP( ADDDATE(now(), INTERVAL floor(1+37*rand()) HOUR)) ,0,0,16953,1696),
(@newENTRY+6,@faction_ah,@ENTRY+6,@vendeur_ah,6031, UNIX_TIMESTAMP( ADDDATE(now(), INTERVAL floor(1+37*rand()) HOUR)) ,0,0,6031,604),
(@newENTRY+7,@faction_ah,@ENTRY+7,@vendeur_ah,6000, UNIX_TIMESTAMP( ADDDATE(now(), INTERVAL floor(1+37*rand()) HOUR)) ,0,0,6000,601),
(@newENTRY+8,@faction_ah,@ENTRY+8,@vendeur_ah,32281, UNIX_TIMESTAMP( ADDDATE(now(), INTERVAL floor(1+37*rand()) HOUR)) ,0,0,32281,3229),
(@newENTRY+9,@faction_ah,@ENTRY+9,@vendeur_ah,38062, UNIX_TIMESTAMP( ADDDATE(now(), INTERVAL floor(1+37*rand()) HOUR)) ,0,0,38062,3807),
(@newENTRY+10,@faction_ah,@ENTRY+10,@vendeur_ah,39205, UNIX_TIMESTAMP( ADDDATE(now(), INTERVAL floor(1+37*rand()) HOUR)) ,0,0,39205,3922),
(@newENTRY+11,@faction_ah,@ENTRY+11,@vendeur_ah,10023, UNIX_TIMESTAMP( ADDDATE(now(), INTERVAL floor(1+37*rand()) HOUR)) ,0,0,10023,1003),
(@newENTRY+12,@faction_ah,@ENTRY+12,@vendeur_ah,60148, UNIX_TIMESTAMP( ADDDATE(now(), INTERVAL floor(1+37*rand()) HOUR)) ,0,0,60148,6016),
(@newENTRY+13,@faction_ah,@ENTRY+13,@vendeur_ah,48780, UNIX_TIMESTAMP( ADDDATE(now(), INTERVAL floor(1+37*rand()) HOUR)) ,0,0,48780,4879),
(@newENTRY+14,@faction_ah,@ENTRY+14,@vendeur_ah,19403, UNIX_TIMESTAMP( ADDDATE(now(), INTERVAL floor(1+37*rand()) HOUR)) ,0,0,19403,1941),
(@newENTRY+15,@faction_ah,@ENTRY+15,@vendeur_ah,31078, UNIX_TIMESTAMP( ADDDATE(now(), INTERVAL floor(1+37*rand()) HOUR)) ,0,0,31078,3109),
(@newENTRY+16,@faction_ah,@ENTRY+16,@vendeur_ah,37167, UNIX_TIMESTAMP( ADDDATE(now(), INTERVAL floor(1+37*rand()) HOUR)) ,0,0,37167,3718),
(@newENTRY+17,@faction_ah,@ENTRY+17,@vendeur_ah,48768, UNIX_TIMESTAMP( ADDDATE(now(), INTERVAL floor(1+37*rand()) HOUR)) ,0,0,48768,4878),
(@newENTRY+18,@faction_ah,@ENTRY+18,@vendeur_ah,38736, UNIX_TIMESTAMP( ADDDATE(now(), INTERVAL floor(1+37*rand()) HOUR)) ,0,0,38736,3875),
(@newENTRY+19,@faction_ah,@ENTRY+19,@vendeur_ah,26668, UNIX_TIMESTAMP( ADDDATE(now(), INTERVAL floor(1+37*rand()) HOUR)) ,0,0,26668,2668),
(@newENTRY+20,@faction_ah,@ENTRY+20,@vendeur_ah,43961, UNIX_TIMESTAMP( ADDDATE(now(), INTERVAL floor(1+37*rand()) HOUR)) ,0,0,43961,4397),
(@newENTRY+21,@faction_ah,@ENTRY+21,@vendeur_ah,15725, UNIX_TIMESTAMP( ADDDATE(now(), INTERVAL floor(1+37*rand()) HOUR)) ,0,0,15725,1574),
(@newENTRY+22,@faction_ah,@ENTRY+22,@vendeur_ah,50519, UNIX_TIMESTAMP( ADDDATE(now(), INTERVAL floor(1+37*rand()) HOUR)) ,0,0,50519,5053),
(@newENTRY+23,@faction_ah,@ENTRY+23,@vendeur_ah,53822, UNIX_TIMESTAMP( ADDDATE(now(), INTERVAL floor(1+37*rand()) HOUR)) ,0,0,53822,5383),
(@newENTRY+24,@faction_ah,@ENTRY+24,@vendeur_ah,80969, UNIX_TIMESTAMP( ADDDATE(now(), INTERVAL floor(1+37*rand()) HOUR)) ,0,0,80969,8098),
(@newENTRY+25,@faction_ah,@ENTRY+25,@vendeur_ah,15693, UNIX_TIMESTAMP( ADDDATE(now(), INTERVAL floor(1+37*rand()) HOUR)) ,0,0,15693,1570),
(@newENTRY+26,@faction_ah,@ENTRY+26,@vendeur_ah,44632, UNIX_TIMESTAMP( ADDDATE(now(), INTERVAL floor(1+37*rand()) HOUR)) ,0,0,44632,4464),
(@newENTRY+27,@faction_ah,@ENTRY+27,@vendeur_ah,11530, UNIX_TIMESTAMP( ADDDATE(now(), INTERVAL floor(1+37*rand()) HOUR)) ,0,0,11530,1154),
(@newENTRY+28,@faction_ah,@ENTRY+28,@vendeur_ah,59482, UNIX_TIMESTAMP( ADDDATE(now(), INTERVAL floor(1+37*rand()) HOUR)) ,0,0,59482,5949),
(@newENTRY+29,@faction_ah,@ENTRY+29,@vendeur_ah,15624, UNIX_TIMESTAMP( ADDDATE(now(), INTERVAL floor(1+37*rand()) HOUR)) ,0,0,15624,1563),
(@newENTRY+30,@faction_ah,@ENTRY+30,@vendeur_ah,9193, UNIX_TIMESTAMP( ADDDATE(now(), INTERVAL floor(1+37*rand()) HOUR)) ,0,0,9193,920),
(@newENTRY+31,@faction_ah,@ENTRY+31,@vendeur_ah,21321, UNIX_TIMESTAMP( ADDDATE(now(), INTERVAL floor(1+37*rand()) HOUR)) ,0,0,21321,2133),
(@newENTRY+32,@faction_ah,@ENTRY+32,@vendeur_ah,43491, UNIX_TIMESTAMP( ADDDATE(now(), INTERVAL floor(1+37*rand()) HOUR)) ,0,0,43491,4350),
(@newENTRY+33,@faction_ah,@ENTRY+33,@vendeur_ah,15248, UNIX_TIMESTAMP( ADDDATE(now(), INTERVAL floor(1+37*rand()) HOUR)) ,0,0,15248,1526),
(@newENTRY+34,@faction_ah,@ENTRY+34,@vendeur_ah,43875, UNIX_TIMESTAMP( ADDDATE(now(), INTERVAL floor(1+37*rand()) HOUR)) ,0,0,43875,4389),
(@newENTRY+35,@faction_ah,@ENTRY+35,@vendeur_ah,20313, UNIX_TIMESTAMP( ADDDATE(now(), INTERVAL floor(1+37*rand()) HOUR)) ,0,0,20313,2032),
(@newENTRY+36,@faction_ah,@ENTRY+36,@vendeur_ah,29261, UNIX_TIMESTAMP( ADDDATE(now(), INTERVAL floor(1+37*rand()) HOUR)) ,0,0,29261,2927),
(@newENTRY+37,@faction_ah,@ENTRY+37,@vendeur_ah,54970, UNIX_TIMESTAMP( ADDDATE(now(), INTERVAL floor(1+37*rand()) HOUR)) ,0,0,54970,5498),
(@newENTRY+38,@faction_ah,@ENTRY+38,@vendeur_ah,6000, UNIX_TIMESTAMP( ADDDATE(now(), INTERVAL floor(1+37*rand()) HOUR)) ,0,0,6000,601),
(@newENTRY+39,@faction_ah,@ENTRY+39,@vendeur_ah,41817, UNIX_TIMESTAMP( ADDDATE(now(), INTERVAL floor(1+37*rand()) HOUR)) ,0,0,41817,4183),
(@newENTRY+40,@faction_ah,@ENTRY+40,@vendeur_ah,24191, UNIX_TIMESTAMP( ADDDATE(now(), INTERVAL floor(1+37*rand()) HOUR)) ,0,0,24191,2420),
(@newENTRY+41,@faction_ah,@ENTRY+41,@vendeur_ah,61710, UNIX_TIMESTAMP( ADDDATE(now(), INTERVAL floor(1+37*rand()) HOUR)) ,0,0,61710,6172),
(@newENTRY+42,@faction_ah,@ENTRY+42,@vendeur_ah,37229, UNIX_TIMESTAMP( ADDDATE(now(), INTERVAL floor(1+37*rand()) HOUR)) ,0,0,37229,3724),
(@newENTRY+43,@faction_ah,@ENTRY+43,@vendeur_ah,58585, UNIX_TIMESTAMP( ADDDATE(now(), INTERVAL floor(1+37*rand()) HOUR)) ,0,0,58585,5860),
(@newENTRY+44,@faction_ah,@ENTRY+44,@vendeur_ah,13173, UNIX_TIMESTAMP( ADDDATE(now(), INTERVAL floor(1+37*rand()) HOUR)) ,0,0,13173,1318),
(@newENTRY+45,@faction_ah,@ENTRY+45,@vendeur_ah,50545, UNIX_TIMESTAMP( ADDDATE(now(), INTERVAL floor(1+37*rand()) HOUR)) ,0,0,50545,5056),
(@newENTRY+46,@faction_ah,@ENTRY+46,@vendeur_ah,40142, UNIX_TIMESTAMP( ADDDATE(now(), INTERVAL floor(1+37*rand()) HOUR)) ,0,0,40142,4015),
(@newENTRY+47,@faction_ah,@ENTRY+47,@vendeur_ah,54359, UNIX_TIMESTAMP( ADDDATE(now(), INTERVAL floor(1+37*rand()) HOUR)) ,0,0,54359,5437),
(@newENTRY+48,@faction_ah,@ENTRY+48,@vendeur_ah,8676, UNIX_TIMESTAMP( ADDDATE(now(), INTERVAL floor(1+37*rand()) HOUR)) ,0,0,8676,869),
(@newENTRY+49,@faction_ah,@ENTRY+49,@vendeur_ah,13131, UNIX_TIMESTAMP( ADDDATE(now(), INTERVAL floor(1+37*rand()) HOUR)) ,0,0,13131,1314),
(@newENTRY+50,@faction_ah,@ENTRY+50,@vendeur_ah,9753, UNIX_TIMESTAMP( ADDDATE(now(), INTERVAL floor(1+37*rand()) HOUR)) ,0,0,9753,976),
(@newENTRY+51,@faction_ah,@ENTRY+51,@vendeur_ah,11456, UNIX_TIMESTAMP( ADDDATE(now(), INTERVAL floor(1+37*rand()) HOUR)) ,0,0,11456,1147),
(@newENTRY+52,@faction_ah,@ENTRY+52,@vendeur_ah,23579, UNIX_TIMESTAMP( ADDDATE(now(), INTERVAL floor(1+37*rand()) HOUR)) ,0,0,23579,2359),
(@newENTRY+53,@faction_ah,@ENTRY+53,@vendeur_ah,7312, UNIX_TIMESTAMP( ADDDATE(now(), INTERVAL floor(1+37*rand()) HOUR)) ,0,0,7312,732),
(@newENTRY+54,@faction_ah,@ENTRY+54,@vendeur_ah,41583, UNIX_TIMESTAMP( ADDDATE(now(), INTERVAL floor(1+37*rand()) HOUR)) ,0,0,41583,4159),
(@newENTRY+55,@faction_ah,@ENTRY+55,@vendeur_ah,7589, UNIX_TIMESTAMP( ADDDATE(now(), INTERVAL floor(1+37*rand()) HOUR)) ,0,0,7589,760),
(@newENTRY+56,@faction_ah,@ENTRY+56,@vendeur_ah,56960, UNIX_TIMESTAMP( ADDDATE(now(), INTERVAL floor(1+37*rand()) HOUR)) ,0,0,56960,5697),
(@newENTRY+57,@faction_ah,@ENTRY+57,@vendeur_ah,43927, UNIX_TIMESTAMP( ADDDATE(now(), INTERVAL floor(1+37*rand()) HOUR)) ,0,0,43927,4394),
(@newENTRY+58,@faction_ah,@ENTRY+58,@vendeur_ah,17661, UNIX_TIMESTAMP( ADDDATE(now(), INTERVAL floor(1+37*rand()) HOUR)) ,0,0,17661,1767),
(@newENTRY+59,@faction_ah,@ENTRY+59,@vendeur_ah,56879, UNIX_TIMESTAMP( ADDDATE(now(), INTERVAL floor(1+37*rand()) HOUR)) ,0,0,56879,5689),
(@newENTRY+60,@faction_ah,@ENTRY+60,@vendeur_ah,75461, UNIX_TIMESTAMP( ADDDATE(now(), INTERVAL floor(1+37*rand()) HOUR)) ,0,0,75461,7547),
(@newENTRY+61,@faction_ah,@ENTRY+61,@vendeur_ah,57049, UNIX_TIMESTAMP( ADDDATE(now(), INTERVAL floor(1+37*rand()) HOUR)) ,0,0,57049,5706),
(@newENTRY+62,@faction_ah,@ENTRY+62,@vendeur_ah,28940, UNIX_TIMESTAMP( ADDDATE(now(), INTERVAL floor(1+37*rand()) HOUR)) ,0,0,28940,2895),
(@newENTRY+63,@faction_ah,@ENTRY+63,@vendeur_ah,79179, UNIX_TIMESTAMP( ADDDATE(now(), INTERVAL floor(1+37*rand()) HOUR)) ,0,0,79179,7919),
(@newENTRY+64,@faction_ah,@ENTRY+64,@vendeur_ah,8476, UNIX_TIMESTAMP( ADDDATE(now(), INTERVAL floor(1+37*rand()) HOUR)) ,0,0,8476,849),
(@newENTRY+65,@faction_ah,@ENTRY+65,@vendeur_ah,9107, UNIX_TIMESTAMP( ADDDATE(now(), INTERVAL floor(1+37*rand()) HOUR)) ,0,0,9107,912),
(@newENTRY+66,@faction_ah,@ENTRY+66,@vendeur_ah,50009, UNIX_TIMESTAMP( ADDDATE(now(), INTERVAL floor(1+37*rand()) HOUR)) ,0,0,50009,5002),
(@newENTRY+67,@faction_ah,@ENTRY+67,@vendeur_ah,48194, UNIX_TIMESTAMP( ADDDATE(now(), INTERVAL floor(1+37*rand()) HOUR)) ,0,0,48194,4820),
(@newENTRY+68,@faction_ah,@ENTRY+68,@vendeur_ah,6000, UNIX_TIMESTAMP( ADDDATE(now(), INTERVAL floor(1+37*rand()) HOUR)) ,0,0,6000,601),
(@newENTRY+69,@faction_ah,@ENTRY+69,@vendeur_ah,63016, UNIX_TIMESTAMP( ADDDATE(now(), INTERVAL floor(1+37*rand()) HOUR)) ,0,0,63016,6303),
(@newENTRY+70,@faction_ah,@ENTRY+70,@vendeur_ah,11103, UNIX_TIMESTAMP( ADDDATE(now(), INTERVAL floor(1+37*rand()) HOUR)) ,0,0,11103,1111),
(@newENTRY+71,@faction_ah,@ENTRY+71,@vendeur_ah,54938, UNIX_TIMESTAMP( ADDDATE(now(), INTERVAL floor(1+37*rand()) HOUR)) ,0,0,54938,5495),
(@newENTRY+72,@faction_ah,@ENTRY+72,@vendeur_ah,28878, UNIX_TIMESTAMP( ADDDATE(now(), INTERVAL floor(1+37*rand()) HOUR)) ,0,0,28878,2889),
(@newENTRY+73,@faction_ah,@ENTRY+73,@vendeur_ah,22908, UNIX_TIMESTAMP( ADDDATE(now(), INTERVAL floor(1+37*rand()) HOUR)) ,0,0,22908,2292),
(@newENTRY+74,@faction_ah,@ENTRY+74,@vendeur_ah,30226, UNIX_TIMESTAMP( ADDDATE(now(), INTERVAL floor(1+37*rand()) HOUR)) ,0,0,30226,3024),
(@newENTRY+75,@faction_ah,@ENTRY+75,@vendeur_ah,6000, UNIX_TIMESTAMP( ADDDATE(now(), INTERVAL floor(1+37*rand()) HOUR)) ,0,0,6000,601),
(@newENTRY+76,@faction_ah,@ENTRY+76,@vendeur_ah,51803, UNIX_TIMESTAMP( ADDDATE(now(), INTERVAL floor(1+37*rand()) HOUR)) ,0,0,51803,5181),
(@newENTRY+77,@faction_ah,@ENTRY+77,@vendeur_ah,49425, UNIX_TIMESTAMP( ADDDATE(now(), INTERVAL floor(1+37*rand()) HOUR)) ,0,0,49425,4944),
(@newENTRY+78,@faction_ah,@ENTRY+78,@vendeur_ah,9354, UNIX_TIMESTAMP( ADDDATE(now(), INTERVAL floor(1+37*rand()) HOUR)) ,0,0,9354,936),
(@newENTRY+79,@faction_ah,@ENTRY+79,@vendeur_ah,38980, UNIX_TIMESTAMP( ADDDATE(now(), INTERVAL floor(1+37*rand()) HOUR)) ,0,0,38980,3899),
(@newENTRY+80,@faction_ah,@ENTRY+80,@vendeur_ah,7093, UNIX_TIMESTAMP( ADDDATE(now(), INTERVAL floor(1+37*rand()) HOUR)) ,0,0,7093,710),
(@newENTRY+81,@faction_ah,@ENTRY+81,@vendeur_ah,19117, UNIX_TIMESTAMP( ADDDATE(now(), INTERVAL floor(1+37*rand()) HOUR)) ,0,0,19117,1913),
(@newENTRY+82,@faction_ah,@ENTRY+82,@vendeur_ah,21130, UNIX_TIMESTAMP( ADDDATE(now(), INTERVAL floor(1+37*rand()) HOUR)) ,0,0,21130,2114),
(@newENTRY+83,@faction_ah,@ENTRY+83,@vendeur_ah,45753, UNIX_TIMESTAMP( ADDDATE(now(), INTERVAL floor(1+37*rand()) HOUR)) ,0,0,45753,4576),
(@newENTRY+84,@faction_ah,@ENTRY+84,@vendeur_ah,67331, UNIX_TIMESTAMP( ADDDATE(now(), INTERVAL floor(1+37*rand()) HOUR)) ,0,0,67331,6734),
(@newENTRY+85,@faction_ah,@ENTRY+85,@vendeur_ah,10025, UNIX_TIMESTAMP( ADDDATE(now(), INTERVAL floor(1+37*rand()) HOUR)) ,0,0,10025,1004),
(@newENTRY+86,@faction_ah,@ENTRY+86,@vendeur_ah,15166, UNIX_TIMESTAMP( ADDDATE(now(), INTERVAL floor(1+37*rand()) HOUR)) ,0,0,15166,1518),
(@newENTRY+87,@faction_ah,@ENTRY+87,@vendeur_ah,56214, UNIX_TIMESTAMP( ADDDATE(now(), INTERVAL floor(1+37*rand()) HOUR)) ,0,0,56214,5622),
(@newENTRY+88,@faction_ah,@ENTRY+88,@vendeur_ah,46672, UNIX_TIMESTAMP( ADDDATE(now(), INTERVAL floor(1+37*rand()) HOUR)) ,0,0,46672,4668),
(@newENTRY+89,@faction_ah,@ENTRY+89,@vendeur_ah,59225, UNIX_TIMESTAMP( ADDDATE(now(), INTERVAL floor(1+37*rand()) HOUR)) ,0,0,59225,5924),
(@newENTRY+90,@faction_ah,@ENTRY+90,@vendeur_ah,6000, UNIX_TIMESTAMP( ADDDATE(now(), INTERVAL floor(1+37*rand()) HOUR)) ,0,0,6000,601),
(@newENTRY+91,@faction_ah,@ENTRY+91,@vendeur_ah,42956, UNIX_TIMESTAMP( ADDDATE(now(), INTERVAL floor(1+37*rand()) HOUR)) ,0,0,42956,4297),
(@newENTRY+92,@faction_ah,@ENTRY+92,@vendeur_ah,34151, UNIX_TIMESTAMP( ADDDATE(now(), INTERVAL floor(1+37*rand()) HOUR)) ,0,0,34151,3416),
(@newENTRY+93,@faction_ah,@ENTRY+93,@vendeur_ah,57715, UNIX_TIMESTAMP( ADDDATE(now(), INTERVAL floor(1+37*rand()) HOUR)) ,0,0,57715,5773),
(@newENTRY+94,@faction_ah,@ENTRY+94,@vendeur_ah,27500, UNIX_TIMESTAMP( ADDDATE(now(), INTERVAL floor(1+37*rand()) HOUR)) ,0,0,27500,2751),
(@newENTRY+95,@faction_ah,@ENTRY+95,@vendeur_ah,51339, UNIX_TIMESTAMP( ADDDATE(now(), INTERVAL floor(1+37*rand()) HOUR)) ,0,0,51339,5135),
(@newENTRY+96,@faction_ah,@ENTRY+96,@vendeur_ah,41081, UNIX_TIMESTAMP( ADDDATE(now(), INTERVAL floor(1+37*rand()) HOUR)) ,0,0,41081,4109),
(@newENTRY+97,@faction_ah,@ENTRY+97,@vendeur_ah,54196, UNIX_TIMESTAMP( ADDDATE(now(), INTERVAL floor(1+37*rand()) HOUR)) ,0,0,54196,5421),
(@newENTRY+98,@faction_ah,@ENTRY+98,@vendeur_ah,57501, UNIX_TIMESTAMP( ADDDATE(now(), INTERVAL floor(1+37*rand()) HOUR)) ,0,0,57501,5751),
(@newENTRY+99,@faction_ah,@ENTRY+99,@vendeur_ah,39261, UNIX_TIMESTAMP( ADDDATE(now(), INTERVAL floor(1+37*rand()) HOUR)) ,0,0,39261,3927),
(@newENTRY+100,@faction_ah,@ENTRY+100,@vendeur_ah,32703, UNIX_TIMESTAMP( ADDDATE(now(), INTERVAL floor(1+37*rand()) HOUR)) ,0,0,32703,3271),
(@newENTRY+101,@faction_ah,@ENTRY+101,@vendeur_ah,6000, UNIX_TIMESTAMP( ADDDATE(now(), INTERVAL floor(1+37*rand()) HOUR)) ,0,0,6000,601),
(@newENTRY+102,@faction_ah,@ENTRY+102,@vendeur_ah,78964, UNIX_TIMESTAMP( ADDDATE(now(), INTERVAL floor(1+37*rand()) HOUR)) ,0,0,78964,7897),
(@newENTRY+103,@faction_ah,@ENTRY+103,@vendeur_ah,45811, UNIX_TIMESTAMP( ADDDATE(now(), INTERVAL floor(1+37*rand()) HOUR)) ,0,0,45811,4582),
(@newENTRY+104,@faction_ah,@ENTRY+104,@vendeur_ah,61911, UNIX_TIMESTAMP( ADDDATE(now(), INTERVAL floor(1+37*rand()) HOUR)) ,0,0,61911,6192),
(@newENTRY+105,@faction_ah,@ENTRY+105,@vendeur_ah,39010, UNIX_TIMESTAMP( ADDDATE(now(), INTERVAL floor(1+37*rand()) HOUR)) ,0,0,39010,3902),
(@newENTRY+106,@faction_ah,@ENTRY+106,@vendeur_ah,61091, UNIX_TIMESTAMP( ADDDATE(now(), INTERVAL floor(1+37*rand()) HOUR)) ,0,0,61091,6110),
(@newENTRY+107,@faction_ah,@ENTRY+107,@vendeur_ah,40160, UNIX_TIMESTAMP( ADDDATE(now(), INTERVAL floor(1+37*rand()) HOUR)) ,0,0,40160,4017),
(@newENTRY+108,@faction_ah,@ENTRY+108,@vendeur_ah,17118, UNIX_TIMESTAMP( ADDDATE(now(), INTERVAL floor(1+37*rand()) HOUR)) ,0,0,17118,1713),
(@newENTRY+109,@faction_ah,@ENTRY+109,@vendeur_ah,58682, UNIX_TIMESTAMP( ADDDATE(now(), INTERVAL floor(1+37*rand()) HOUR)) ,0,0,58682,5869),
(@newENTRY+110,@faction_ah,@ENTRY+110,@vendeur_ah,60308, UNIX_TIMESTAMP( ADDDATE(now(), INTERVAL floor(1+37*rand()) HOUR)) ,0,0,60308,6032),
(@newENTRY+111,@faction_ah,@ENTRY+111,@vendeur_ah,31921, UNIX_TIMESTAMP( ADDDATE(now(), INTERVAL floor(1+37*rand()) HOUR)) ,0,0,31921,3193),
(@newENTRY+112,@faction_ah,@ENTRY+112,@vendeur_ah,52940, UNIX_TIMESTAMP( ADDDATE(now(), INTERVAL floor(1+37*rand()) HOUR)) ,0,0,52940,5295),
(@newENTRY+113,@faction_ah,@ENTRY+113,@vendeur_ah,37698, UNIX_TIMESTAMP( ADDDATE(now(), INTERVAL floor(1+37*rand()) HOUR)) ,0,0,37698,3771),
(@newENTRY+114,@faction_ah,@ENTRY+114,@vendeur_ah,16658, UNIX_TIMESTAMP( ADDDATE(now(), INTERVAL floor(1+37*rand()) HOUR)) ,0,0,16658,1667),
(@newENTRY+115,@faction_ah,@ENTRY+115,@vendeur_ah,15697, UNIX_TIMESTAMP( ADDDATE(now(), INTERVAL floor(1+37*rand()) HOUR)) ,0,0,15697,1571),
(@newENTRY+116,@faction_ah,@ENTRY+116,@vendeur_ah,51585, UNIX_TIMESTAMP( ADDDATE(now(), INTERVAL floor(1+37*rand()) HOUR)) ,0,0,51585,5160),
(@newENTRY+117,@faction_ah,@ENTRY+117,@vendeur_ah,36251, UNIX_TIMESTAMP( ADDDATE(now(), INTERVAL floor(1+37*rand()) HOUR)) ,0,0,36251,3626),
(@newENTRY+118,@faction_ah,@ENTRY+118,@vendeur_ah,39427, UNIX_TIMESTAMP( ADDDATE(now(), INTERVAL floor(1+37*rand()) HOUR)) ,0,0,39427,3944),
(@newENTRY+119,@faction_ah,@ENTRY+119,@vendeur_ah,7603, UNIX_TIMESTAMP( ADDDATE(now(), INTERVAL floor(1+37*rand()) HOUR)) ,0,0,7603,761),
(@newENTRY+120,@faction_ah,@ENTRY+120,@vendeur_ah,56901, UNIX_TIMESTAMP( ADDDATE(now(), INTERVAL floor(1+37*rand()) HOUR)) ,0,0,56901,5691),
(@newENTRY+121,@faction_ah,@ENTRY+121,@vendeur_ah,58276, UNIX_TIMESTAMP( ADDDATE(now(), INTERVAL floor(1+37*rand()) HOUR)) ,0,0,58276,5829),
(@newENTRY+122,@faction_ah,@ENTRY+122,@vendeur_ah,46630, UNIX_TIMESTAMP( ADDDATE(now(), INTERVAL floor(1+37*rand()) HOUR)) ,0,0,46630,4664),
(@newENTRY+123,@faction_ah,@ENTRY+123,@vendeur_ah,24230, UNIX_TIMESTAMP( ADDDATE(now(), INTERVAL floor(1+37*rand()) HOUR)) ,0,0,24230,2424);









































