



SET  @newENTRY =(SELECT max(`id`) FROM `auctionhouse` );
set @vendeur_ah := 55;
SET  @ENTRY =(SELECT max(`guid`) FROM `item_instance` );

DROP TABLE IF EXISTS `t`;
CREATE TABLE `t` (i INT);
insert into `t` values(23442) , (79707) ,(4656);
set  @faction_ah = (SELECT i FROM t ORDER BY RAND() LIMIT 1);																																																		












INSERT INTO `item_instance` VALUES (	@ENTRY+1	,	2629	,	@vendeur_ah	,	@vendeur_ah	,	0	,	1	,	0	,	'0 0 0 0 0 '	,	0	,	'0 0 0 0 0 0 0 0 0 0 0 0 0 0 0 0 0 0 0 0 0 0 0 0 0 0 0 0 0 0 0 0 0 0 0 0 0 0 0 0 0 0 '	,	0	,	0	,	0	,	""	);
INSERT INTO `item_instance` VALUES (	@ENTRY+2	,	2719	,	@vendeur_ah	,	@vendeur_ah	,	0	,	1	,	0	,	'0 0 0 0 0 '	,	0	,	'0 0 0 0 0 0 0 0 0 0 0 0 0 0 0 0 0 0 0 0 0 0 0 0 0 0 0 0 0 0 0 0 0 0 0 0 0 0 0 0 0 0 '	,	0	,	0	,	0	,	""	);
INSERT INTO `item_instance` VALUES (	@ENTRY+3	,	3467	,	@vendeur_ah	,	@vendeur_ah	,	0	,	1	,	0	,	'0 0 0 0 0 '	,	0	,	'0 0 0 0 0 0 0 0 0 0 0 0 0 0 0 0 0 0 0 0 0 0 0 0 0 0 0 0 0 0 0 0 0 0 0 0 0 0 0 0 0 0 '	,	0	,	0	,	0	,	""	);
INSERT INTO `item_instance` VALUES (	@ENTRY+4	,	3499	,	@vendeur_ah	,	@vendeur_ah	,	0	,	1	,	0	,	'0 0 0 0 0 '	,	0	,	'0 0 0 0 0 0 0 0 0 0 0 0 0 0 0 0 0 0 0 0 0 0 0 0 0 0 0 0 0 0 0 0 0 0 0 0 0 0 0 0 0 0 '	,	0	,	0	,	0	,	""	);
INSERT INTO `item_instance` VALUES (	@ENTRY+5	,	3704	,	@vendeur_ah	,	@vendeur_ah	,	0	,	1	,	0	,	'0 0 0 0 0 '	,	0	,	'0 0 0 0 0 0 0 0 0 0 0 0 0 0 0 0 0 0 0 0 0 0 0 0 0 0 0 0 0 0 0 0 0 0 0 0 0 0 0 0 0 0 '	,	0	,	0	,	0	,	""	);
INSERT INTO `item_instance` VALUES (	@ENTRY+6	,	3930	,	@vendeur_ah	,	@vendeur_ah	,	0	,	1	,	0	,	'0 0 0 0 0 '	,	0	,	'0 0 0 0 0 0 0 0 0 0 0 0 0 0 0 0 0 0 0 0 0 0 0 0 0 0 0 0 0 0 0 0 0 0 0 0 0 0 0 0 0 0 '	,	0	,	0	,	0	,	""	);
INSERT INTO `item_instance` VALUES (	@ENTRY+7	,	4103	,	@vendeur_ah	,	@vendeur_ah	,	0	,	1	,	0	,	'0 0 0 0 0 '	,	0	,	'0 0 0 0 0 0 0 0 0 0 0 0 0 0 0 0 0 0 0 0 0 0 0 0 0 0 0 0 0 0 0 0 0 0 0 0 0 0 0 0 0 0 '	,	0	,	0	,	0	,	""	);
INSERT INTO `item_instance` VALUES (	@ENTRY+8	,	4483	,	@vendeur_ah	,	@vendeur_ah	,	0	,	1	,	0	,	'0 0 0 0 0 '	,	0	,	'0 0 0 0 0 0 0 0 0 0 0 0 0 0 0 0 0 0 0 0 0 0 0 0 0 0 0 0 0 0 0 0 0 0 0 0 0 0 0 0 0 0 '	,	0	,	0	,	0	,	""	);
INSERT INTO `item_instance` VALUES (	@ENTRY+9	,	4484	,	@vendeur_ah	,	@vendeur_ah	,	0	,	1	,	0	,	'0 0 0 0 0 '	,	0	,	'0 0 0 0 0 0 0 0 0 0 0 0 0 0 0 0 0 0 0 0 0 0 0 0 0 0 0 0 0 0 0 0 0 0 0 0 0 0 0 0 0 0 '	,	0	,	0	,	0	,	""	);
INSERT INTO `item_instance` VALUES (	@ENTRY+10	,	4485	,	@vendeur_ah	,	@vendeur_ah	,	0	,	1	,	0	,	'0 0 0 0 0 '	,	0	,	'0 0 0 0 0 0 0 0 0 0 0 0 0 0 0 0 0 0 0 0 0 0 0 0 0 0 0 0 0 0 0 0 0 0 0 0 0 0 0 0 0 0 '	,	0	,	0	,	0	,	""	);
INSERT INTO `item_instance` VALUES (	@ENTRY+11	,	4882	,	@vendeur_ah	,	@vendeur_ah	,	0	,	1	,	0	,	'0 0 0 0 0 '	,	0	,	'0 0 0 0 0 0 0 0 0 0 0 0 0 0 0 0 0 0 0 0 0 0 0 0 0 0 0 0 0 0 0 0 0 0 0 0 0 0 0 0 0 0 '	,	0	,	0	,	0	,	""	);
INSERT INTO `item_instance` VALUES (	@ENTRY+12	,	5020	,	@vendeur_ah	,	@vendeur_ah	,	0	,	1	,	0	,	'0 0 0 0 0 '	,	0	,	'0 0 0 0 0 0 0 0 0 0 0 0 0 0 0 0 0 0 0 0 0 0 0 0 0 0 0 0 0 0 0 0 0 0 0 0 0 0 0 0 0 0 '	,	0	,	0	,	0	,	""	);
INSERT INTO `item_instance` VALUES (	@ENTRY+13	,	5050	,	@vendeur_ah	,	@vendeur_ah	,	0	,	1	,	0	,	'0 0 0 0 0 '	,	0	,	'0 0 0 0 0 0 0 0 0 0 0 0 0 0 0 0 0 0 0 0 0 0 0 0 0 0 0 0 0 0 0 0 0 0 0 0 0 0 0 0 0 0 '	,	0	,	0	,	0	,	""	);
INSERT INTO `item_instance` VALUES (	@ENTRY+14	,	5089	,	@vendeur_ah	,	@vendeur_ah	,	0	,	1	,	0	,	'0 0 0 0 0 '	,	0	,	'0 0 0 0 0 0 0 0 0 0 0 0 0 0 0 0 0 0 0 0 0 0 0 0 0 0 0 0 0 0 0 0 0 0 0 0 0 0 0 0 0 0 '	,	0	,	0	,	0	,	""	);
INSERT INTO `item_instance` VALUES (	@ENTRY+15	,	5396	,	@vendeur_ah	,	@vendeur_ah	,	0	,	1	,	0	,	'0 0 0 0 0 '	,	0	,	'0 0 0 0 0 0 0 0 0 0 0 0 0 0 0 0 0 0 0 0 0 0 0 0 0 0 0 0 0 0 0 0 0 0 0 0 0 0 0 0 0 0 '	,	0	,	0	,	0	,	""	);
INSERT INTO `item_instance` VALUES (	@ENTRY+16	,	5397	,	@vendeur_ah	,	@vendeur_ah	,	0	,	1	,	0	,	'0 0 0 0 0 '	,	0	,	'0 0 0 0 0 0 0 0 0 0 0 0 0 0 0 0 0 0 0 0 0 0 0 0 0 0 0 0 0 0 0 0 0 0 0 0 0 0 0 0 0 0 '	,	0	,	0	,	0	,	""	);
INSERT INTO `item_instance` VALUES (	@ENTRY+17	,	5475	,	@vendeur_ah	,	@vendeur_ah	,	0	,	1	,	0	,	'0 0 0 0 0 '	,	0	,	'0 0 0 0 0 0 0 0 0 0 0 0 0 0 0 0 0 0 0 0 0 0 0 0 0 0 0 0 0 0 0 0 0 0 0 0 0 0 0 0 0 0 '	,	0	,	0	,	0	,	""	);
INSERT INTO `item_instance` VALUES (	@ENTRY+18	,	5851	,	@vendeur_ah	,	@vendeur_ah	,	0	,	1	,	0	,	'0 0 0 0 0 '	,	0	,	'0 0 0 0 0 0 0 0 0 0 0 0 0 0 0 0 0 0 0 0 0 0 0 0 0 0 0 0 0 0 0 0 0 0 0 0 0 0 0 0 0 0 '	,	0	,	0	,	0	,	""	);
INSERT INTO `item_instance` VALUES (	@ENTRY+19	,	5916	,	@vendeur_ah	,	@vendeur_ah	,	0	,	1	,	0	,	'0 0 0 0 0 '	,	0	,	'0 0 0 0 0 0 0 0 0 0 0 0 0 0 0 0 0 0 0 0 0 0 0 0 0 0 0 0 0 0 0 0 0 0 0 0 0 0 0 0 0 0 '	,	0	,	0	,	0	,	""	);
INSERT INTO `item_instance` VALUES (	@ENTRY+20	,	6893	,	@vendeur_ah	,	@vendeur_ah	,	0	,	1	,	0	,	'0 0 0 0 0 '	,	0	,	'0 0 0 0 0 0 0 0 0 0 0 0 0 0 0 0 0 0 0 0 0 0 0 0 0 0 0 0 0 0 0 0 0 0 0 0 0 0 0 0 0 0 '	,	0	,	0	,	0	,	""	);
INSERT INTO `item_instance` VALUES (	@ENTRY+21	,	7146	,	@vendeur_ah	,	@vendeur_ah	,	0	,	1	,	0	,	'0 0 0 0 0 '	,	0	,	'0 0 0 0 0 0 0 0 0 0 0 0 0 0 0 0 0 0 0 0 0 0 0 0 0 0 0 0 0 0 0 0 0 0 0 0 0 0 0 0 0 0 '	,	0	,	0	,	0	,	""	);
INSERT INTO `item_instance` VALUES (	@ENTRY+22	,	7923	,	@vendeur_ah	,	@vendeur_ah	,	0	,	1	,	0	,	'0 0 0 0 0 '	,	0	,	'0 0 0 0 0 0 0 0 0 0 0 0 0 0 0 0 0 0 0 0 0 0 0 0 0 0 0 0 0 0 0 0 0 0 0 0 0 0 0 0 0 0 '	,	0	,	0	,	0	,	""	);
INSERT INTO `item_instance` VALUES (	@ENTRY+23	,	8072	,	@vendeur_ah	,	@vendeur_ah	,	0	,	1	,	0	,	'0 0 0 0 0 '	,	0	,	'0 0 0 0 0 0 0 0 0 0 0 0 0 0 0 0 0 0 0 0 0 0 0 0 0 0 0 0 0 0 0 0 0 0 0 0 0 0 0 0 0 0 '	,	0	,	0	,	0	,	""	);
INSERT INTO `item_instance` VALUES (	@ENTRY+24	,	9249	,	@vendeur_ah	,	@vendeur_ah	,	0	,	1	,	0	,	'0 0 0 0 0 '	,	0	,	'0 0 0 0 0 0 0 0 0 0 0 0 0 0 0 0 0 0 0 0 0 0 0 0 0 0 0 0 0 0 0 0 0 0 0 0 0 0 0 0 0 0 '	,	0	,	0	,	0	,	""	);
INSERT INTO `item_instance` VALUES (	@ENTRY+25	,	9299	,	@vendeur_ah	,	@vendeur_ah	,	0	,	1	,	0	,	'0 0 0 0 0 '	,	0	,	'0 0 0 0 0 0 0 0 0 0 0 0 0 0 0 0 0 0 0 0 0 0 0 0 0 0 0 0 0 0 0 0 0 0 0 0 0 0 0 0 0 0 '	,	0	,	0	,	0	,	""	);
INSERT INTO `item_instance` VALUES (	@ENTRY+26	,	10460	,	@vendeur_ah	,	@vendeur_ah	,	0	,	1	,	0	,	'0 0 0 0 0 '	,	0	,	'0 0 0 0 0 0 0 0 0 0 0 0 0 0 0 0 0 0 0 0 0 0 0 0 0 0 0 0 0 0 0 0 0 0 0 0 0 0 0 0 0 0 '	,	0	,	0	,	0	,	""	);
INSERT INTO `item_instance` VALUES (	@ENTRY+27	,	10757	,	@vendeur_ah	,	@vendeur_ah	,	0	,	1	,	0	,	'0 0 0 0 0 '	,	0	,	'0 0 0 0 0 0 0 0 0 0 0 0 0 0 0 0 0 0 0 0 0 0 0 0 0 0 0 0 0 0 0 0 0 0 0 0 0 0 0 0 0 0 '	,	0	,	0	,	0	,	""	);
INSERT INTO `item_instance` VALUES (	@ENTRY+28	,	11000	,	@vendeur_ah	,	@vendeur_ah	,	0	,	1	,	0	,	'0 0 0 0 0 '	,	0	,	'0 0 0 0 0 0 0 0 0 0 0 0 0 0 0 0 0 0 0 0 0 0 0 0 0 0 0 0 0 0 0 0 0 0 0 0 0 0 0 0 0 0 '	,	0	,	0	,	0	,	""	);
INSERT INTO `item_instance` VALUES (	@ENTRY+29	,	11078	,	@vendeur_ah	,	@vendeur_ah	,	0	,	1	,	0	,	'0 0 0 0 0 '	,	0	,	'0 0 0 0 0 0 0 0 0 0 0 0 0 0 0 0 0 0 0 0 0 0 0 0 0 0 0 0 0 0 0 0 0 0 0 0 0 0 0 0 0 0 '	,	0	,	0	,	0	,	""	);
INSERT INTO `item_instance` VALUES (	@ENTRY+30	,	11079	,	@vendeur_ah	,	@vendeur_ah	,	0	,	1	,	0	,	'0 0 0 0 0 '	,	0	,	'0 0 0 0 0 0 0 0 0 0 0 0 0 0 0 0 0 0 0 0 0 0 0 0 0 0 0 0 0 0 0 0 0 0 0 0 0 0 0 0 0 0 '	,	0	,	0	,	0	,	""	);
INSERT INTO `item_instance` VALUES (	@ENTRY+31	,	11140	,	@vendeur_ah	,	@vendeur_ah	,	0	,	1	,	0	,	'0 0 0 0 0 '	,	0	,	'0 0 0 0 0 0 0 0 0 0 0 0 0 0 0 0 0 0 0 0 0 0 0 0 0 0 0 0 0 0 0 0 0 0 0 0 0 0 0 0 0 0 '	,	0	,	0	,	0	,	""	);
INSERT INTO `item_instance` VALUES (	@ENTRY+32	,	11197	,	@vendeur_ah	,	@vendeur_ah	,	0	,	1	,	0	,	'0 0 0 0 0 '	,	0	,	'0 0 0 0 0 0 0 0 0 0 0 0 0 0 0 0 0 0 0 0 0 0 0 0 0 0 0 0 0 0 0 0 0 0 0 0 0 0 0 0 0 0 '	,	0	,	0	,	0	,	""	);
INSERT INTO `item_instance` VALUES (	@ENTRY+33	,	11602	,	@vendeur_ah	,	@vendeur_ah	,	0	,	1	,	0	,	'0 0 0 0 0 '	,	0	,	'0 0 0 0 0 0 0 0 0 0 0 0 0 0 0 0 0 0 0 0 0 0 0 0 0 0 0 0 0 0 0 0 0 0 0 0 0 0 0 0 0 0 '	,	0	,	0	,	0	,	""	);
INSERT INTO `item_instance` VALUES (	@ENTRY+34	,	12144	,	@vendeur_ah	,	@vendeur_ah	,	0	,	1	,	0	,	'0 0 0 0 0 '	,	0	,	'0 0 0 0 0 0 0 0 0 0 0 0 0 0 0 0 0 0 0 0 0 0 0 0 0 0 0 0 0 0 0 0 0 0 0 0 0 0 0 0 0 0 '	,	0	,	0	,	0	,	""	);
INSERT INTO `item_instance` VALUES (	@ENTRY+35	,	12301	,	@vendeur_ah	,	@vendeur_ah	,	0	,	1	,	0	,	'0 0 0 0 0 '	,	0	,	'0 0 0 0 0 0 0 0 0 0 0 0 0 0 0 0 0 0 0 0 0 0 0 0 0 0 0 0 0 0 0 0 0 0 0 0 0 0 0 0 0 0 '	,	0	,	0	,	0	,	""	);
INSERT INTO `item_instance` VALUES (	@ENTRY+36	,	12382	,	@vendeur_ah	,	@vendeur_ah	,	0	,	1	,	0	,	'0 0 0 0 0 '	,	0	,	'0 0 0 0 0 0 0 0 0 0 0 0 0 0 0 0 0 0 0 0 0 0 0 0 0 0 0 0 0 0 0 0 0 0 0 0 0 0 0 0 0 0 '	,	0	,	0	,	0	,	""	);
INSERT INTO `item_instance` VALUES (	@ENTRY+37	,	12973	,	@vendeur_ah	,	@vendeur_ah	,	0	,	1	,	0	,	'0 0 0 0 0 '	,	0	,	'0 0 0 0 0 0 0 0 0 0 0 0 0 0 0 0 0 0 0 0 0 0 0 0 0 0 0 0 0 0 0 0 0 0 0 0 0 0 0 0 0 0 '	,	0	,	0	,	0	,	""	);
INSERT INTO `item_instance` VALUES (	@ENTRY+38	,	13302	,	@vendeur_ah	,	@vendeur_ah	,	0	,	1	,	0	,	'0 0 0 0 0 '	,	0	,	'0 0 0 0 0 0 0 0 0 0 0 0 0 0 0 0 0 0 0 0 0 0 0 0 0 0 0 0 0 0 0 0 0 0 0 0 0 0 0 0 0 0 '	,	0	,	0	,	0	,	""	);
INSERT INTO `item_instance` VALUES (	@ENTRY+39	,	13303	,	@vendeur_ah	,	@vendeur_ah	,	0	,	1	,	0	,	'0 0 0 0 0 '	,	0	,	'0 0 0 0 0 0 0 0 0 0 0 0 0 0 0 0 0 0 0 0 0 0 0 0 0 0 0 0 0 0 0 0 0 0 0 0 0 0 0 0 0 0 '	,	0	,	0	,	0	,	""	);
INSERT INTO `item_instance` VALUES (	@ENTRY+40	,	13304	,	@vendeur_ah	,	@vendeur_ah	,	0	,	1	,	0	,	'0 0 0 0 0 '	,	0	,	'0 0 0 0 0 0 0 0 0 0 0 0 0 0 0 0 0 0 0 0 0 0 0 0 0 0 0 0 0 0 0 0 0 0 0 0 0 0 0 0 0 0 '	,	0	,	0	,	0	,	""	);
INSERT INTO `item_instance` VALUES (	@ENTRY+41	,	13305	,	@vendeur_ah	,	@vendeur_ah	,	0	,	1	,	0	,	'0 0 0 0 0 '	,	0	,	'0 0 0 0 0 0 0 0 0 0 0 0 0 0 0 0 0 0 0 0 0 0 0 0 0 0 0 0 0 0 0 0 0 0 0 0 0 0 0 0 0 0 '	,	0	,	0	,	0	,	""	);
INSERT INTO `item_instance` VALUES (	@ENTRY+42	,	13306	,	@vendeur_ah	,	@vendeur_ah	,	0	,	1	,	0	,	'0 0 0 0 0 '	,	0	,	'0 0 0 0 0 0 0 0 0 0 0 0 0 0 0 0 0 0 0 0 0 0 0 0 0 0 0 0 0 0 0 0 0 0 0 0 0 0 0 0 0 0 '	,	0	,	0	,	0	,	""	);
INSERT INTO `item_instance` VALUES (	@ENTRY+43	,	13307	,	@vendeur_ah	,	@vendeur_ah	,	0	,	1	,	0	,	'0 0 0 0 0 '	,	0	,	'0 0 0 0 0 0 0 0 0 0 0 0 0 0 0 0 0 0 0 0 0 0 0 0 0 0 0 0 0 0 0 0 0 0 0 0 0 0 0 0 0 0 '	,	0	,	0	,	0	,	""	);
INSERT INTO `item_instance` VALUES (	@ENTRY+44	,	13704	,	@vendeur_ah	,	@vendeur_ah	,	0	,	1	,	0	,	'0 0 0 0 0 '	,	0	,	'0 0 0 0 0 0 0 0 0 0 0 0 0 0 0 0 0 0 0 0 0 0 0 0 0 0 0 0 0 0 0 0 0 0 0 0 0 0 0 0 0 0 '	,	0	,	0	,	0	,	""	);
INSERT INTO `item_instance` VALUES (	@ENTRY+45	,	13873	,	@vendeur_ah	,	@vendeur_ah	,	0	,	1	,	0	,	'0 0 0 0 0 '	,	0	,	'0 0 0 0 0 0 0 0 0 0 0 0 0 0 0 0 0 0 0 0 0 0 0 0 0 0 0 0 0 0 0 0 0 0 0 0 0 0 0 0 0 0 '	,	0	,	0	,	0	,	""	);
INSERT INTO `item_instance` VALUES (	@ENTRY+46	,	17242	,	@vendeur_ah	,	@vendeur_ah	,	0	,	1	,	0	,	'0 0 0 0 0 '	,	0	,	'0 0 0 0 0 0 0 0 0 0 0 0 0 0 0 0 0 0 0 0 0 0 0 0 0 0 0 0 0 0 0 0 0 0 0 0 0 0 0 0 0 0 '	,	0	,	0	,	0	,	""	);
INSERT INTO `item_instance` VALUES (	@ENTRY+47	,	17262	,	@vendeur_ah	,	@vendeur_ah	,	0	,	1	,	0	,	'0 0 0 0 0 '	,	0	,	'0 0 0 0 0 0 0 0 0 0 0 0 0 0 0 0 0 0 0 0 0 0 0 0 0 0 0 0 0 0 0 0 0 0 0 0 0 0 0 0 0 0 '	,	0	,	0	,	0	,	""	);
INSERT INTO `item_instance` VALUES (	@ENTRY+48	,	18249	,	@vendeur_ah	,	@vendeur_ah	,	0	,	1	,	0	,	'0 0 0 0 0 '	,	0	,	'0 0 0 0 0 0 0 0 0 0 0 0 0 0 0 0 0 0 0 0 0 0 0 0 0 0 0 0 0 0 0 0 0 0 0 0 0 0 0 0 0 0 '	,	0	,	0	,	0	,	""	);
INSERT INTO `item_instance` VALUES (	@ENTRY+49	,	18266	,	@vendeur_ah	,	@vendeur_ah	,	0	,	1	,	0	,	'0 0 0 0 0 '	,	0	,	'0 0 0 0 0 0 0 0 0 0 0 0 0 0 0 0 0 0 0 0 0 0 0 0 0 0 0 0 0 0 0 0 0 0 0 0 0 0 0 0 0 0 '	,	0	,	0	,	0	,	""	);
INSERT INTO `item_instance` VALUES (	@ENTRY+50	,	18268	,	@vendeur_ah	,	@vendeur_ah	,	0	,	1	,	0	,	'0 0 0 0 0 '	,	0	,	'0 0 0 0 0 0 0 0 0 0 0 0 0 0 0 0 0 0 0 0 0 0 0 0 0 0 0 0 0 0 0 0 0 0 0 0 0 0 0 0 0 0 '	,	0	,	0	,	0	,	""	);
INSERT INTO `item_instance` VALUES (	@ENTRY+51	,	21761	,	@vendeur_ah	,	@vendeur_ah	,	0	,	1	,	0	,	'0 0 0 0 0 '	,	0	,	'0 0 0 0 0 0 0 0 0 0 0 0 0 0 0 0 0 0 0 0 0 0 0 0 0 0 0 0 0 0 0 0 0 0 0 0 0 0 0 0 0 0 '	,	0	,	0	,	0	,	""	);
INSERT INTO `item_instance` VALUES (	@ENTRY+52	,	21762	,	@vendeur_ah	,	@vendeur_ah	,	0	,	1	,	0	,	'0 0 0 0 0 '	,	0	,	'0 0 0 0 0 0 0 0 0 0 0 0 0 0 0 0 0 0 0 0 0 0 0 0 0 0 0 0 0 0 0 0 0 0 0 0 0 0 0 0 0 0 '	,	0	,	0	,	0	,	""	);
INSERT INTO `item_instance` VALUES (	@ENTRY+53	,	23801	,	@vendeur_ah	,	@vendeur_ah	,	0	,	1	,	0	,	'0 0 0 0 0 '	,	0	,	'0 0 0 0 0 0 0 0 0 0 0 0 0 0 0 0 0 0 0 0 0 0 0 0 0 0 0 0 0 0 0 0 0 0 0 0 0 0 0 0 0 0 '	,	0	,	0	,	0	,	""	);
INSERT INTO `item_instance` VALUES (	@ENTRY+54	,	24010	,	@vendeur_ah	,	@vendeur_ah	,	0	,	1	,	0	,	'0 0 0 0 0 '	,	0	,	'0 0 0 0 0 0 0 0 0 0 0 0 0 0 0 0 0 0 0 0 0 0 0 0 0 0 0 0 0 0 0 0 0 0 0 0 0 0 0 0 0 0 '	,	0	,	0	,	0	,	""	);
INSERT INTO `item_instance` VALUES (	@ENTRY+55	,	24099	,	@vendeur_ah	,	@vendeur_ah	,	0	,	1	,	0	,	'0 0 0 0 0 '	,	0	,	'0 0 0 0 0 0 0 0 0 0 0 0 0 0 0 0 0 0 0 0 0 0 0 0 0 0 0 0 0 0 0 0 0 0 0 0 0 0 0 0 0 0 '	,	0	,	0	,	0	,	""	);
INSERT INTO `item_instance` VALUES (	@ENTRY+56	,	24490	,	@vendeur_ah	,	@vendeur_ah	,	0	,	1	,	0	,	'0 0 0 0 0 '	,	0	,	'0 0 0 0 0 0 0 0 0 0 0 0 0 0 0 0 0 0 0 0 0 0 0 0 0 0 0 0 0 0 0 0 0 0 0 0 0 0 0 0 0 0 '	,	0	,	0	,	0	,	""	);
INSERT INTO `item_instance` VALUES (	@ENTRY+57	,	27808	,	@vendeur_ah	,	@vendeur_ah	,	0	,	1	,	0	,	'0 0 0 0 0 '	,	0	,	'0 0 0 0 0 0 0 0 0 0 0 0 0 0 0 0 0 0 0 0 0 0 0 0 0 0 0 0 0 0 0 0 0 0 0 0 0 0 0 0 0 0 '	,	0	,	0	,	0	,	""	);
INSERT INTO `item_instance` VALUES (	@ENTRY+58	,	27991	,	@vendeur_ah	,	@vendeur_ah	,	0	,	1	,	0	,	'0 0 0 0 0 '	,	0	,	'0 0 0 0 0 0 0 0 0 0 0 0 0 0 0 0 0 0 0 0 0 0 0 0 0 0 0 0 0 0 0 0 0 0 0 0 0 0 0 0 0 0 '	,	0	,	0	,	0	,	""	);
INSERT INTO `item_instance` VALUES (	@ENTRY+59	,	28395	,	@vendeur_ah	,	@vendeur_ah	,	0	,	1	,	0	,	'0 0 0 0 0 '	,	0	,	'0 0 0 0 0 0 0 0 0 0 0 0 0 0 0 0 0 0 0 0 0 0 0 0 0 0 0 0 0 0 0 0 0 0 0 0 0 0 0 0 0 0 '	,	0	,	0	,	0	,	""	);
INSERT INTO `item_instance` VALUES (	@ENTRY+60	,	29460	,	@vendeur_ah	,	@vendeur_ah	,	0	,	1	,	0	,	'0 0 0 0 0 '	,	0	,	'0 0 0 0 0 0 0 0 0 0 0 0 0 0 0 0 0 0 0 0 0 0 0 0 0 0 0 0 0 0 0 0 0 0 0 0 0 0 0 0 0 0 '	,	0	,	0	,	0	,	""	);
INSERT INTO `item_instance` VALUES (	@ENTRY+61	,	29501	,	@vendeur_ah	,	@vendeur_ah	,	0	,	1	,	0	,	'0 0 0 0 0 '	,	0	,	'0 0 0 0 0 0 0 0 0 0 0 0 0 0 0 0 0 0 0 0 0 0 0 0 0 0 0 0 0 0 0 0 0 0 0 0 0 0 0 0 0 0 '	,	0	,	0	,	0	,	""	);
INSERT INTO `item_instance` VALUES (	@ENTRY+62	,	29742	,	@vendeur_ah	,	@vendeur_ah	,	0	,	1	,	0	,	'0 0 0 0 0 '	,	0	,	'0 0 0 0 0 0 0 0 0 0 0 0 0 0 0 0 0 0 0 0 0 0 0 0 0 0 0 0 0 0 0 0 0 0 0 0 0 0 0 0 0 0 '	,	0	,	0	,	0	,	""	);
INSERT INTO `item_instance` VALUES (	@ENTRY+63	,	29750	,	@vendeur_ah	,	@vendeur_ah	,	0	,	1	,	0	,	'0 0 0 0 0 '	,	0	,	'0 0 0 0 0 0 0 0 0 0 0 0 0 0 0 0 0 0 0 0 0 0 0 0 0 0 0 0 0 0 0 0 0 0 0 0 0 0 0 0 0 0 '	,	0	,	0	,	0	,	""	);
INSERT INTO `item_instance` VALUES (	@ENTRY+64	,	30426	,	@vendeur_ah	,	@vendeur_ah	,	0	,	1	,	0	,	'0 0 0 0 0 '	,	0	,	'0 0 0 0 0 0 0 0 0 0 0 0 0 0 0 0 0 0 0 0 0 0 0 0 0 0 0 0 0 0 0 0 0 0 0 0 0 0 0 0 0 0 '	,	0	,	0	,	0	,	""	);
INSERT INTO `item_instance` VALUES (	@ENTRY+65	,	30438	,	@vendeur_ah	,	@vendeur_ah	,	0	,	1	,	0	,	'0 0 0 0 0 '	,	0	,	'0 0 0 0 0 0 0 0 0 0 0 0 0 0 0 0 0 0 0 0 0 0 0 0 0 0 0 0 0 0 0 0 0 0 0 0 0 0 0 0 0 0 '	,	0	,	0	,	0	,	""	);
INSERT INTO `item_instance` VALUES (	@ENTRY+66	,	30622	,	@vendeur_ah	,	@vendeur_ah	,	0	,	1	,	0	,	'0 0 0 0 0 '	,	0	,	'0 0 0 0 0 0 0 0 0 0 0 0 0 0 0 0 0 0 0 0 0 0 0 0 0 0 0 0 0 0 0 0 0 0 0 0 0 0 0 0 0 0 '	,	0	,	0	,	0	,	""	);
INSERT INTO `item_instance` VALUES (	@ENTRY+67	,	30623	,	@vendeur_ah	,	@vendeur_ah	,	0	,	1	,	0	,	'0 0 0 0 0 '	,	0	,	'0 0 0 0 0 0 0 0 0 0 0 0 0 0 0 0 0 0 0 0 0 0 0 0 0 0 0 0 0 0 0 0 0 0 0 0 0 0 0 0 0 0 '	,	0	,	0	,	0	,	""	);
INSERT INTO `item_instance` VALUES (	@ENTRY+68	,	30633	,	@vendeur_ah	,	@vendeur_ah	,	0	,	1	,	0	,	'0 0 0 0 0 '	,	0	,	'0 0 0 0 0 0 0 0 0 0 0 0 0 0 0 0 0 0 0 0 0 0 0 0 0 0 0 0 0 0 0 0 0 0 0 0 0 0 0 0 0 0 '	,	0	,	0	,	0	,	""	);
INSERT INTO `item_instance` VALUES (	@ENTRY+69	,	30634	,	@vendeur_ah	,	@vendeur_ah	,	0	,	1	,	0	,	'0 0 0 0 0 '	,	0	,	'0 0 0 0 0 0 0 0 0 0 0 0 0 0 0 0 0 0 0 0 0 0 0 0 0 0 0 0 0 0 0 0 0 0 0 0 0 0 0 0 0 0 '	,	0	,	0	,	0	,	""	);
INSERT INTO `item_instance` VALUES (	@ENTRY+70	,	30635	,	@vendeur_ah	,	@vendeur_ah	,	0	,	1	,	0	,	'0 0 0 0 0 '	,	0	,	'0 0 0 0 0 0 0 0 0 0 0 0 0 0 0 0 0 0 0 0 0 0 0 0 0 0 0 0 0 0 0 0 0 0 0 0 0 0 0 0 0 0 '	,	0	,	0	,	0	,	""	);
INSERT INTO `item_instance` VALUES (	@ENTRY+71	,	30637	,	@vendeur_ah	,	@vendeur_ah	,	0	,	1	,	0	,	'0 0 0 0 0 '	,	0	,	'0 0 0 0 0 0 0 0 0 0 0 0 0 0 0 0 0 0 0 0 0 0 0 0 0 0 0 0 0 0 0 0 0 0 0 0 0 0 0 0 0 0 '	,	0	,	0	,	0	,	""	);
INSERT INTO `item_instance` VALUES (	@ENTRY+72	,	30712	,	@vendeur_ah	,	@vendeur_ah	,	0	,	1	,	0	,	'0 0 0 0 0 '	,	0	,	'0 0 0 0 0 0 0 0 0 0 0 0 0 0 0 0 0 0 0 0 0 0 0 0 0 0 0 0 0 0 0 0 0 0 0 0 0 0 0 0 0 0 '	,	0	,	0	,	0	,	""	);
INSERT INTO `item_instance` VALUES (	@ENTRY+73	,	31084	,	@vendeur_ah	,	@vendeur_ah	,	0	,	1	,	0	,	'0 0 0 0 0 '	,	0	,	'0 0 0 0 0 0 0 0 0 0 0 0 0 0 0 0 0 0 0 0 0 0 0 0 0 0 0 0 0 0 0 0 0 0 0 0 0 0 0 0 0 0 '	,	0	,	0	,	0	,	""	);
INSERT INTO `item_instance` VALUES (	@ENTRY+74	,	31536	,	@vendeur_ah	,	@vendeur_ah	,	0	,	1	,	0	,	'0 0 0 0 0 '	,	0	,	'0 0 0 0 0 0 0 0 0 0 0 0 0 0 0 0 0 0 0 0 0 0 0 0 0 0 0 0 0 0 0 0 0 0 0 0 0 0 0 0 0 0 '	,	0	,	0	,	0	,	""	);
INSERT INTO `item_instance` VALUES (	@ENTRY+75	,	31655	,	@vendeur_ah	,	@vendeur_ah	,	0	,	1	,	0	,	'0 0 0 0 0 '	,	0	,	'0 0 0 0 0 0 0 0 0 0 0 0 0 0 0 0 0 0 0 0 0 0 0 0 0 0 0 0 0 0 0 0 0 0 0 0 0 0 0 0 0 0 '	,	0	,	0	,	0	,	""	);
INSERT INTO `item_instance` VALUES (	@ENTRY+76	,	31664	,	@vendeur_ah	,	@vendeur_ah	,	0	,	1	,	0	,	'0 0 0 0 0 '	,	0	,	'0 0 0 0 0 0 0 0 0 0 0 0 0 0 0 0 0 0 0 0 0 0 0 0 0 0 0 0 0 0 0 0 0 0 0 0 0 0 0 0 0 0 '	,	0	,	0	,	0	,	""	);
INSERT INTO `item_instance` VALUES (	@ENTRY+77	,	31704	,	@vendeur_ah	,	@vendeur_ah	,	0	,	1	,	0	,	'0 0 0 0 0 '	,	0	,	'0 0 0 0 0 0 0 0 0 0 0 0 0 0 0 0 0 0 0 0 0 0 0 0 0 0 0 0 0 0 0 0 0 0 0 0 0 0 0 0 0 0 '	,	0	,	0	,	0	,	""	);
INSERT INTO `item_instance` VALUES (	@ENTRY+78	,	31705	,	@vendeur_ah	,	@vendeur_ah	,	0	,	1	,	0	,	'0 0 0 0 0 '	,	0	,	'0 0 0 0 0 0 0 0 0 0 0 0 0 0 0 0 0 0 0 0 0 0 0 0 0 0 0 0 0 0 0 0 0 0 0 0 0 0 0 0 0 0 '	,	0	,	0	,	0	,	""	);
INSERT INTO `item_instance` VALUES (	@ENTRY+79	,	31956	,	@vendeur_ah	,	@vendeur_ah	,	0	,	1	,	0	,	'0 0 0 0 0 '	,	0	,	'0 0 0 0 0 0 0 0 0 0 0 0 0 0 0 0 0 0 0 0 0 0 0 0 0 0 0 0 0 0 0 0 0 0 0 0 0 0 0 0 0 0 '	,	0	,	0	,	0	,	""	);
INSERT INTO `item_instance` VALUES (	@ENTRY+80	,	31994	,	@vendeur_ah	,	@vendeur_ah	,	0	,	1	,	0	,	'0 0 0 0 0 '	,	0	,	'0 0 0 0 0 0 0 0 0 0 0 0 0 0 0 0 0 0 0 0 0 0 0 0 0 0 0 0 0 0 0 0 0 0 0 0 0 0 0 0 0 0 '	,	0	,	0	,	0	,	""	);
INSERT INTO `item_instance` VALUES (	@ENTRY+81	,	32069	,	@vendeur_ah	,	@vendeur_ah	,	0	,	1	,	0	,	'0 0 0 0 0 '	,	0	,	'0 0 0 0 0 0 0 0 0 0 0 0 0 0 0 0 0 0 0 0 0 0 0 0 0 0 0 0 0 0 0 0 0 0 0 0 0 0 0 0 0 0 '	,	0	,	0	,	0	,	""	);
INSERT INTO `item_instance` VALUES (	@ENTRY+82	,	32079	,	@vendeur_ah	,	@vendeur_ah	,	0	,	1	,	0	,	'0 0 0 0 0 '	,	0	,	'0 0 0 0 0 0 0 0 0 0 0 0 0 0 0 0 0 0 0 0 0 0 0 0 0 0 0 0 0 0 0 0 0 0 0 0 0 0 0 0 0 0 '	,	0	,	0	,	0	,	""	);
INSERT INTO `item_instance` VALUES (	@ENTRY+83	,	32092	,	@vendeur_ah	,	@vendeur_ah	,	0	,	1	,	0	,	'0 0 0 0 0 '	,	0	,	'0 0 0 0 0 0 0 0 0 0 0 0 0 0 0 0 0 0 0 0 0 0 0 0 0 0 0 0 0 0 0 0 0 0 0 0 0 0 0 0 0 0 '	,	0	,	0	,	0	,	""	);
INSERT INTO `item_instance` VALUES (	@ENTRY+84	,	32773	,	@vendeur_ah	,	@vendeur_ah	,	0	,	1	,	0	,	'0 0 0 0 0 '	,	0	,	'0 0 0 0 0 0 0 0 0 0 0 0 0 0 0 0 0 0 0 0 0 0 0 0 0 0 0 0 0 0 0 0 0 0 0 0 0 0 0 0 0 0 '	,	0	,	0	,	0	,	""	);
INSERT INTO `item_instance` VALUES (	@ENTRY+85	,	33061	,	@vendeur_ah	,	@vendeur_ah	,	0	,	1	,	0	,	'0 0 0 0 0 '	,	0	,	'0 0 0 0 0 0 0 0 0 0 0 0 0 0 0 0 0 0 0 0 0 0 0 0 0 0 0 0 0 0 0 0 0 0 0 0 0 0 0 0 0 0 '	,	0	,	0	,	0	,	""	);
INSERT INTO `item_instance` VALUES (	@ENTRY+86	,	33284	,	@vendeur_ah	,	@vendeur_ah	,	0	,	1	,	0	,	'0 0 0 0 0 '	,	0	,	'0 0 0 0 0 0 0 0 0 0 0 0 0 0 0 0 0 0 0 0 0 0 0 0 0 0 0 0 0 0 0 0 0 0 0 0 0 0 0 0 0 0 '	,	0	,	0	,	0	,	""	);
INSERT INTO `item_instance` VALUES (	@ENTRY+87	,	33290	,	@vendeur_ah	,	@vendeur_ah	,	0	,	1	,	0	,	'0 0 0 0 0 '	,	0	,	'0 0 0 0 0 0 0 0 0 0 0 0 0 0 0 0 0 0 0 0 0 0 0 0 0 0 0 0 0 0 0 0 0 0 0 0 0 0 0 0 0 0 '	,	0	,	0	,	0	,	""	);
INSERT INTO `item_instance` VALUES (	@ENTRY+88	,	33308	,	@vendeur_ah	,	@vendeur_ah	,	0	,	1	,	0	,	'0 0 0 0 0 '	,	0	,	'0 0 0 0 0 0 0 0 0 0 0 0 0 0 0 0 0 0 0 0 0 0 0 0 0 0 0 0 0 0 0 0 0 0 0 0 0 0 0 0 0 0 '	,	0	,	0	,	0	,	""	);
INSERT INTO `item_instance` VALUES (	@ENTRY+89	,	34117	,	@vendeur_ah	,	@vendeur_ah	,	0	,	1	,	0	,	'0 0 0 0 0 '	,	0	,	'0 0 0 0 0 0 0 0 0 0 0 0 0 0 0 0 0 0 0 0 0 0 0 0 0 0 0 0 0 0 0 0 0 0 0 0 0 0 0 0 0 0 '	,	0	,	0	,	0	,	""	);
INSERT INTO `item_instance` VALUES (	@ENTRY+90	,	34477	,	@vendeur_ah	,	@vendeur_ah	,	0	,	1	,	0	,	'0 0 0 0 0 '	,	0	,	'0 0 0 0 0 0 0 0 0 0 0 0 0 0 0 0 0 0 0 0 0 0 0 0 0 0 0 0 0 0 0 0 0 0 0 0 0 0 0 0 0 0 '	,	0	,	0	,	0	,	""	);
INSERT INTO `item_instance` VALUES (	@ENTRY+91	,	34908	,	@vendeur_ah	,	@vendeur_ah	,	0	,	1	,	0	,	'0 0 0 0 0 '	,	0	,	'0 0 0 0 0 0 0 0 0 0 0 0 0 0 0 0 0 0 0 0 0 0 0 0 0 0 0 0 0 0 0 0 0 0 0 0 0 0 0 0 0 0 '	,	0	,	0	,	0	,	""	);
INSERT INTO `item_instance` VALUES (	@ENTRY+92	,	35705	,	@vendeur_ah	,	@vendeur_ah	,	0	,	1	,	0	,	'0 0 0 0 0 '	,	0	,	'0 0 0 0 0 0 0 0 0 0 0 0 0 0 0 0 0 0 0 0 0 0 0 0 0 0 0 0 0 0 0 0 0 0 0 0 0 0 0 0 0 0 '	,	0	,	0	,	0	,	""	);
INSERT INTO `item_instance` VALUES (	@ENTRY+93	,	36760	,	@vendeur_ah	,	@vendeur_ah	,	0	,	1	,	0	,	'0 0 0 0 0 '	,	0	,	'0 0 0 0 0 0 0 0 0 0 0 0 0 0 0 0 0 0 0 0 0 0 0 0 0 0 0 0 0 0 0 0 0 0 0 0 0 0 0 0 0 0 '	,	0	,	0	,	0	,	""	);
INSERT INTO `item_instance` VALUES (	@ENTRY+94	,	38555	,	@vendeur_ah	,	@vendeur_ah	,	0	,	1	,	0	,	'0 0 0 0 0 '	,	0	,	'0 0 0 0 0 0 0 0 0 0 0 0 0 0 0 0 0 0 0 0 0 0 0 0 0 0 0 0 0 0 0 0 0 0 0 0 0 0 0 0 0 0 '	,	0	,	0	,	0	,	""	);
INSERT INTO `item_instance` VALUES (	@ENTRY+95	,	40641	,	@vendeur_ah	,	@vendeur_ah	,	0	,	1	,	0	,	'0 0 0 0 0 '	,	0	,	'0 0 0 0 0 0 0 0 0 0 0 0 0 0 0 0 0 0 0 0 0 0 0 0 0 0 0 0 0 0 0 0 0 0 0 0 0 0 0 0 0 0 '	,	0	,	0	,	0	,	""	);
INSERT INTO `item_instance` VALUES (	@ENTRY+96	,	40652	,	@vendeur_ah	,	@vendeur_ah	,	0	,	1	,	0	,	'0 0 0 0 0 '	,	0	,	'0 0 0 0 0 0 0 0 0 0 0 0 0 0 0 0 0 0 0 0 0 0 0 0 0 0 0 0 0 0 0 0 0 0 0 0 0 0 0 0 0 0 '	,	0	,	0	,	0	,	""	);
INSERT INTO `item_instance` VALUES (	@ENTRY+97	,	40732	,	@vendeur_ah	,	@vendeur_ah	,	0	,	1	,	0	,	'0 0 0 0 0 '	,	0	,	'0 0 0 0 0 0 0 0 0 0 0 0 0 0 0 0 0 0 0 0 0 0 0 0 0 0 0 0 0 0 0 0 0 0 0 0 0 0 0 0 0 0 '	,	0	,	0	,	0	,	""	);
INSERT INTO `item_instance` VALUES (	@ENTRY+98	,	41428	,	@vendeur_ah	,	@vendeur_ah	,	0	,	1	,	0	,	'0 0 0 0 0 '	,	0	,	'0 0 0 0 0 0 0 0 0 0 0 0 0 0 0 0 0 0 0 0 0 0 0 0 0 0 0 0 0 0 0 0 0 0 0 0 0 0 0 0 0 0 '	,	0	,	0	,	0	,	""	);
INSERT INTO `item_instance` VALUES (	@ENTRY+99	,	42422	,	@vendeur_ah	,	@vendeur_ah	,	0	,	1	,	0	,	'0 0 0 0 0 '	,	0	,	'0 0 0 0 0 0 0 0 0 0 0 0 0 0 0 0 0 0 0 0 0 0 0 0 0 0 0 0 0 0 0 0 0 0 0 0 0 0 0 0 0 0 '	,	0	,	0	,	0	,	""	);
INSERT INTO `item_instance` VALUES (	@ENTRY+100	,	42482	,	@vendeur_ah	,	@vendeur_ah	,	0	,	1	,	0	,	'0 0 0 0 0 '	,	0	,	'0 0 0 0 0 0 0 0 0 0 0 0 0 0 0 0 0 0 0 0 0 0 0 0 0 0 0 0 0 0 0 0 0 0 0 0 0 0 0 0 0 0 '	,	0	,	0	,	0	,	""	);
INSERT INTO `item_instance` VALUES (	@ENTRY+101	,	43650	,	@vendeur_ah	,	@vendeur_ah	,	0	,	1	,	0	,	'0 0 0 0 0 '	,	0	,	'0 0 0 0 0 0 0 0 0 0 0 0 0 0 0 0 0 0 0 0 0 0 0 0 0 0 0 0 0 0 0 0 0 0 0 0 0 0 0 0 0 0 '	,	0	,	0	,	0	,	""	);
INSERT INTO `item_instance` VALUES (	@ENTRY+102	,	44581	,	@vendeur_ah	,	@vendeur_ah	,	0	,	1	,	0	,	'0 0 0 0 0 '	,	0	,	'0 0 0 0 0 0 0 0 0 0 0 0 0 0 0 0 0 0 0 0 0 0 0 0 0 0 0 0 0 0 0 0 0 0 0 0 0 0 0 0 0 0 '	,	0	,	0	,	0	,	""	);
INSERT INTO `item_instance` VALUES (	@ENTRY+103	,	44582	,	@vendeur_ah	,	@vendeur_ah	,	0	,	1	,	0	,	'0 0 0 0 0 '	,	0	,	'0 0 0 0 0 0 0 0 0 0 0 0 0 0 0 0 0 0 0 0 0 0 0 0 0 0 0 0 0 0 0 0 0 0 0 0 0 0 0 0 0 0 '	,	0	,	0	,	0	,	""	);
INSERT INTO `item_instance` VALUES (	@ENTRY+104	,	44925	,	@vendeur_ah	,	@vendeur_ah	,	0	,	1	,	0	,	'0 0 0 0 0 '	,	0	,	'0 0 0 0 0 0 0 0 0 0 0 0 0 0 0 0 0 0 0 0 0 0 0 0 0 0 0 0 0 0 0 0 0 0 0 0 0 0 0 0 0 0 '	,	0	,	0	,	0	,	""	);
INSERT INTO `item_instance` VALUES (	@ENTRY+105	,	45040	,	@vendeur_ah	,	@vendeur_ah	,	0	,	1	,	0	,	'0 0 0 0 0 '	,	0	,	'0 0 0 0 0 0 0 0 0 0 0 0 0 0 0 0 0 0 0 0 0 0 0 0 0 0 0 0 0 0 0 0 0 0 0 0 0 0 0 0 0 0 '	,	0	,	0	,	0	,	""	);
INSERT INTO `item_instance` VALUES (	@ENTRY+106	,	45796	,	@vendeur_ah	,	@vendeur_ah	,	0	,	1	,	0	,	'0 0 0 0 0 '	,	0	,	'0 0 0 0 0 0 0 0 0 0 0 0 0 0 0 0 0 0 0 0 0 0 0 0 0 0 0 0 0 0 0 0 0 0 0 0 0 0 0 0 0 0 '	,	0	,	0	,	0	,	""	);
INSERT INTO `item_instance` VALUES (	@ENTRY+107	,	46808	,	@vendeur_ah	,	@vendeur_ah	,	0	,	1	,	0	,	'0 0 0 0 0 '	,	0	,	'0 0 0 0 0 0 0 0 0 0 0 0 0 0 0 0 0 0 0 0 0 0 0 0 0 0 0 0 0 0 0 0 0 0 0 0 0 0 0 0 0 0 '	,	0	,	0	,	0	,	""	);
INSERT INTO `item_instance` VALUES (	@ENTRY+108	,	46895	,	@vendeur_ah	,	@vendeur_ah	,	0	,	1	,	0	,	'0 0 0 0 0 '	,	0	,	'0 0 0 0 0 0 0 0 0 0 0 0 0 0 0 0 0 0 0 0 0 0 0 0 0 0 0 0 0 0 0 0 0 0 0 0 0 0 0 0 0 0 '	,	0	,	0	,	0	,	""	);
INSERT INTO `item_instance` VALUES (	@ENTRY+109	,	49533	,	@vendeur_ah	,	@vendeur_ah	,	0	,	1	,	0	,	'0 0 0 0 0 '	,	0	,	'0 0 0 0 0 0 0 0 0 0 0 0 0 0 0 0 0 0 0 0 0 0 0 0 0 0 0 0 0 0 0 0 0 0 0 0 0 0 0 0 0 0 '	,	0	,	0	,	0	,	""	);
INSERT INTO `item_instance` VALUES (	@ENTRY+110	,	49881	,	@vendeur_ah	,	@vendeur_ah	,	0	,	1	,	0	,	'0 0 0 0 0 '	,	0	,	'0 0 0 0 0 0 0 0 0 0 0 0 0 0 0 0 0 0 0 0 0 0 0 0 0 0 0 0 0 0 0 0 0 0 0 0 0 0 0 0 0 0 '	,	0	,	0	,	0	,	""	);
INSERT INTO `item_instance` VALUES (	@ENTRY+111	,	53139	,	@vendeur_ah	,	@vendeur_ah	,	0	,	1	,	0	,	'0 0 0 0 0 '	,	0	,	'0 0 0 0 0 0 0 0 0 0 0 0 0 0 0 0 0 0 0 0 0 0 0 0 0 0 0 0 0 0 0 0 0 0 0 0 0 0 0 0 0 0 '	,	0	,	0	,	0	,	""	);
INSERT INTO `item_instance` VALUES (	@ENTRY+112	,	55200	,	@vendeur_ah	,	@vendeur_ah	,	0	,	1	,	0	,	'0 0 0 0 0 '	,	0	,	'0 0 0 0 0 0 0 0 0 0 0 0 0 0 0 0 0 0 0 0 0 0 0 0 0 0 0 0 0 0 0 0 0 0 0 0 0 0 0 0 0 0 '	,	0	,	0	,	0	,	""	);
INSERT INTO `item_instance` VALUES (	@ENTRY+113	,	55213	,	@vendeur_ah	,	@vendeur_ah	,	0	,	1	,	0	,	'0 0 0 0 0 '	,	0	,	'0 0 0 0 0 0 0 0 0 0 0 0 0 0 0 0 0 0 0 0 0 0 0 0 0 0 0 0 0 0 0 0 0 0 0 0 0 0 0 0 0 0 '	,	0	,	0	,	0	,	""	);
INSERT INTO `item_instance` VALUES (	@ENTRY+114	,	58950	,	@vendeur_ah	,	@vendeur_ah	,	0	,	1	,	0	,	'0 0 0 0 0 '	,	0	,	'0 0 0 0 0 0 0 0 0 0 0 0 0 0 0 0 0 0 0 0 0 0 0 0 0 0 0 0 0 0 0 0 0 0 0 0 0 0 0 0 0 0 '	,	0	,	0	,	0	,	""	);
INSERT INTO `item_instance` VALUES (	@ENTRY+115	,	58969	,	@vendeur_ah	,	@vendeur_ah	,	0	,	1	,	0	,	'0 0 0 0 0 '	,	0	,	'0 0 0 0 0 0 0 0 0 0 0 0 0 0 0 0 0 0 0 0 0 0 0 0 0 0 0 0 0 0 0 0 0 0 0 0 0 0 0 0 0 0 '	,	0	,	0	,	0	,	""	);
INSERT INTO `item_instance` VALUES (	@ENTRY+116	,	59033	,	@vendeur_ah	,	@vendeur_ah	,	0	,	1	,	0	,	'0 0 0 0 0 '	,	0	,	'0 0 0 0 0 0 0 0 0 0 0 0 0 0 0 0 0 0 0 0 0 0 0 0 0 0 0 0 0 0 0 0 0 0 0 0 0 0 0 0 0 0 '	,	0	,	0	,	0	,	""	);
INSERT INTO `item_instance` VALUES (	@ENTRY+117	,	59261	,	@vendeur_ah	,	@vendeur_ah	,	0	,	1	,	0	,	'0 0 0 0 0 '	,	0	,	'0 0 0 0 0 0 0 0 0 0 0 0 0 0 0 0 0 0 0 0 0 0 0 0 0 0 0 0 0 0 0 0 0 0 0 0 0 0 0 0 0 0 '	,	0	,	0	,	0	,	""	);
INSERT INTO `item_instance` VALUES (	@ENTRY+118	,	59522	,	@vendeur_ah	,	@vendeur_ah	,	0	,	1	,	0	,	'0 0 0 0 0 '	,	0	,	'0 0 0 0 0 0 0 0 0 0 0 0 0 0 0 0 0 0 0 0 0 0 0 0 0 0 0 0 0 0 0 0 0 0 0 0 0 0 0 0 0 0 '	,	0	,	0	,	0	,	""	);
INSERT INTO `item_instance` VALUES (	@ENTRY+119	,	60739	,	@vendeur_ah	,	@vendeur_ah	,	0	,	1	,	0	,	'0 0 0 0 0 '	,	0	,	'0 0 0 0 0 0 0 0 0 0 0 0 0 0 0 0 0 0 0 0 0 0 0 0 0 0 0 0 0 0 0 0 0 0 0 0 0 0 0 0 0 0 '	,	0	,	0	,	0	,	""	);
INSERT INTO `item_instance` VALUES (	@ENTRY+120	,	62608	,	@vendeur_ah	,	@vendeur_ah	,	0	,	1	,	0	,	'0 0 0 0 0 '	,	0	,	'0 0 0 0 0 0 0 0 0 0 0 0 0 0 0 0 0 0 0 0 0 0 0 0 0 0 0 0 0 0 0 0 0 0 0 0 0 0 0 0 0 0 '	,	0	,	0	,	0	,	""	);
INSERT INTO `item_instance` VALUES (	@ENTRY+121	,	62817	,	@vendeur_ah	,	@vendeur_ah	,	0	,	1	,	0	,	'0 0 0 0 0 '	,	0	,	'0 0 0 0 0 0 0 0 0 0 0 0 0 0 0 0 0 0 0 0 0 0 0 0 0 0 0 0 0 0 0 0 0 0 0 0 0 0 0 0 0 0 '	,	0	,	0	,	0	,	""	);
INSERT INTO `item_instance` VALUES (	@ENTRY+122	,	62926	,	@vendeur_ah	,	@vendeur_ah	,	0	,	1	,	0	,	'0 0 0 0 0 '	,	0	,	'0 0 0 0 0 0 0 0 0 0 0 0 0 0 0 0 0 0 0 0 0 0 0 0 0 0 0 0 0 0 0 0 0 0 0 0 0 0 0 0 0 0 '	,	0	,	0	,	0	,	""	);
INSERT INTO `item_instance` VALUES (	@ENTRY+123	,	64663	,	@vendeur_ah	,	@vendeur_ah	,	0	,	1	,	0	,	'0 0 0 0 0 '	,	0	,	'0 0 0 0 0 0 0 0 0 0 0 0 0 0 0 0 0 0 0 0 0 0 0 0 0 0 0 0 0 0 0 0 0 0 0 0 0 0 0 0 0 0 '	,	0	,	0	,	0	,	""	);

















INSERT INTO `auctionhouse` VALUES (	@newENTRY+1	,	@faction_ah	,	@ENTRY+1	,	@vendeur_ah	,	5265	,	 UNIX_TIMESTAMP( ADDDATE(now(), INTERVAL floor(1+37*rand()) HOUR)) 	,	0	,	0	,	52644	,	5265	);
INSERT INTO `auctionhouse` VALUES (	@newENTRY+2	,	@faction_ah	,	@ENTRY+2	,	@vendeur_ah	,	4850	,	 UNIX_TIMESTAMP( ADDDATE(now(), INTERVAL floor(1+37*rand()) HOUR)) 	,	0	,	0	,	48486	,	4850	);
INSERT INTO `auctionhouse` VALUES (	@newENTRY+3	,	@faction_ah	,	@ENTRY+3	,	@vendeur_ah	,	5734	,	 UNIX_TIMESTAMP( ADDDATE(now(), INTERVAL floor(1+37*rand()) HOUR)) 	,	0	,	0	,	57332	,	5734	);
INSERT INTO `auctionhouse` VALUES (	@newENTRY+4	,	@faction_ah	,	@ENTRY+4	,	@vendeur_ah	,	601	,	 UNIX_TIMESTAMP( ADDDATE(now(), INTERVAL floor(1+37*rand()) HOUR)) 	,	0	,	0	,	6000	,	601	);
INSERT INTO `auctionhouse` VALUES (	@newENTRY+5	,	@faction_ah	,	@ENTRY+5	,	@vendeur_ah	,	5757	,	 UNIX_TIMESTAMP( ADDDATE(now(), INTERVAL floor(1+37*rand()) HOUR)) 	,	0	,	0	,	57556	,	5757	);
INSERT INTO `auctionhouse` VALUES (	@newENTRY+6	,	@faction_ah	,	@ENTRY+6	,	@vendeur_ah	,	3782	,	 UNIX_TIMESTAMP( ADDDATE(now(), INTERVAL floor(1+37*rand()) HOUR)) 	,	0	,	0	,	37812	,	3782	);
INSERT INTO `auctionhouse` VALUES (	@newENTRY+7	,	@faction_ah	,	@ENTRY+7	,	@vendeur_ah	,	2892	,	 UNIX_TIMESTAMP( ADDDATE(now(), INTERVAL floor(1+37*rand()) HOUR)) 	,	0	,	0	,	28909	,	2892	);
INSERT INTO `auctionhouse` VALUES (	@newENTRY+8	,	@faction_ah	,	@ENTRY+8	,	@vendeur_ah	,	6044	,	 UNIX_TIMESTAMP( ADDDATE(now(), INTERVAL floor(1+37*rand()) HOUR)) 	,	0	,	0	,	60426	,	6044	);
INSERT INTO `auctionhouse` VALUES (	@newENTRY+9	,	@faction_ah	,	@ENTRY+9	,	@vendeur_ah	,	5713	,	 UNIX_TIMESTAMP( ADDDATE(now(), INTERVAL floor(1+37*rand()) HOUR)) 	,	0	,	0	,	57116	,	5713	);
INSERT INTO `auctionhouse` VALUES (	@newENTRY+10	,	@faction_ah	,	@ENTRY+10	,	@vendeur_ah	,	1974	,	 UNIX_TIMESTAMP( ADDDATE(now(), INTERVAL floor(1+37*rand()) HOUR)) 	,	0	,	0	,	19734	,	1974	);
INSERT INTO `auctionhouse` VALUES (	@newENTRY+11	,	@faction_ah	,	@ENTRY+11	,	@vendeur_ah	,	2880	,	 UNIX_TIMESTAMP( ADDDATE(now(), INTERVAL floor(1+37*rand()) HOUR)) 	,	0	,	0	,	28792	,	2880	);
INSERT INTO `auctionhouse` VALUES (	@newENTRY+12	,	@faction_ah	,	@ENTRY+12	,	@vendeur_ah	,	4112	,	 UNIX_TIMESTAMP( ADDDATE(now(), INTERVAL floor(1+37*rand()) HOUR)) 	,	0	,	0	,	41108	,	4112	);
INSERT INTO `auctionhouse` VALUES (	@newENTRY+13	,	@faction_ah	,	@ENTRY+13	,	@vendeur_ah	,	4287	,	 UNIX_TIMESTAMP( ADDDATE(now(), INTERVAL floor(1+37*rand()) HOUR)) 	,	0	,	0	,	42859	,	4287	);
INSERT INTO `auctionhouse` VALUES (	@newENTRY+14	,	@faction_ah	,	@ENTRY+14	,	@vendeur_ah	,	4545	,	 UNIX_TIMESTAMP( ADDDATE(now(), INTERVAL floor(1+37*rand()) HOUR)) 	,	0	,	0	,	45436	,	4545	);
INSERT INTO `auctionhouse` VALUES (	@newENTRY+15	,	@faction_ah	,	@ENTRY+15	,	@vendeur_ah	,	2883	,	 UNIX_TIMESTAMP( ADDDATE(now(), INTERVAL floor(1+37*rand()) HOUR)) 	,	0	,	0	,	28824	,	2883	);
INSERT INTO `auctionhouse` VALUES (	@newENTRY+16	,	@faction_ah	,	@ENTRY+16	,	@vendeur_ah	,	2977	,	 UNIX_TIMESTAMP( ADDDATE(now(), INTERVAL floor(1+37*rand()) HOUR)) 	,	0	,	0	,	29760	,	2977	);
INSERT INTO `auctionhouse` VALUES (	@newENTRY+17	,	@faction_ah	,	@ENTRY+17	,	@vendeur_ah	,	1452	,	 UNIX_TIMESTAMP( ADDDATE(now(), INTERVAL floor(1+37*rand()) HOUR)) 	,	0	,	0	,	14505	,	1452	);
INSERT INTO `auctionhouse` VALUES (	@newENTRY+18	,	@faction_ah	,	@ENTRY+18	,	@vendeur_ah	,	5223	,	 UNIX_TIMESTAMP( ADDDATE(now(), INTERVAL floor(1+37*rand()) HOUR)) 	,	0	,	0	,	52221	,	5223	);
INSERT INTO `auctionhouse` VALUES (	@newENTRY+19	,	@faction_ah	,	@ENTRY+19	,	@vendeur_ah	,	5388	,	 UNIX_TIMESTAMP( ADDDATE(now(), INTERVAL floor(1+37*rand()) HOUR)) 	,	0	,	0	,	53868	,	5388	);
INSERT INTO `auctionhouse` VALUES (	@newENTRY+20	,	@faction_ah	,	@ENTRY+20	,	@vendeur_ah	,	903	,	 UNIX_TIMESTAMP( ADDDATE(now(), INTERVAL floor(1+37*rand()) HOUR)) 	,	0	,	0	,	9023	,	903	);
INSERT INTO `auctionhouse` VALUES (	@newENTRY+21	,	@faction_ah	,	@ENTRY+21	,	@vendeur_ah	,	4467	,	 UNIX_TIMESTAMP( ADDDATE(now(), INTERVAL floor(1+37*rand()) HOUR)) 	,	0	,	0	,	44655	,	4467	);
INSERT INTO `auctionhouse` VALUES (	@newENTRY+22	,	@faction_ah	,	@ENTRY+22	,	@vendeur_ah	,	3157	,	 UNIX_TIMESTAMP( ADDDATE(now(), INTERVAL floor(1+37*rand()) HOUR)) 	,	0	,	0	,	31557	,	3157	);
INSERT INTO `auctionhouse` VALUES (	@newENTRY+23	,	@faction_ah	,	@ENTRY+23	,	@vendeur_ah	,	5980	,	 UNIX_TIMESTAMP( ADDDATE(now(), INTERVAL floor(1+37*rand()) HOUR)) 	,	0	,	0	,	59791	,	5980	);
INSERT INTO `auctionhouse` VALUES (	@newENTRY+24	,	@faction_ah	,	@ENTRY+24	,	@vendeur_ah	,	6805	,	 UNIX_TIMESTAMP( ADDDATE(now(), INTERVAL floor(1+37*rand()) HOUR)) 	,	0	,	0	,	68038	,	6805	);
INSERT INTO `auctionhouse` VALUES (	@newENTRY+25	,	@faction_ah	,	@ENTRY+25	,	@vendeur_ah	,	3589	,	 UNIX_TIMESTAMP( ADDDATE(now(), INTERVAL floor(1+37*rand()) HOUR)) 	,	0	,	0	,	35877	,	3589	);
INSERT INTO `auctionhouse` VALUES (	@newENTRY+26	,	@faction_ah	,	@ENTRY+26	,	@vendeur_ah	,	5379	,	 UNIX_TIMESTAMP( ADDDATE(now(), INTERVAL floor(1+37*rand()) HOUR)) 	,	0	,	0	,	53775	,	5379	);
INSERT INTO `auctionhouse` VALUES (	@newENTRY+27	,	@faction_ah	,	@ENTRY+27	,	@vendeur_ah	,	1859	,	 UNIX_TIMESTAMP( ADDDATE(now(), INTERVAL floor(1+37*rand()) HOUR)) 	,	0	,	0	,	18582	,	1859	);
INSERT INTO `auctionhouse` VALUES (	@newENTRY+28	,	@faction_ah	,	@ENTRY+28	,	@vendeur_ah	,	5241	,	 UNIX_TIMESTAMP( ADDDATE(now(), INTERVAL floor(1+37*rand()) HOUR)) 	,	0	,	0	,	52404	,	5241	);
INSERT INTO `auctionhouse` VALUES (	@newENTRY+29	,	@faction_ah	,	@ENTRY+29	,	@vendeur_ah	,	1545	,	 UNIX_TIMESTAMP( ADDDATE(now(), INTERVAL floor(1+37*rand()) HOUR)) 	,	0	,	0	,	15442	,	1545	);
INSERT INTO `auctionhouse` VALUES (	@newENTRY+30	,	@faction_ah	,	@ENTRY+30	,	@vendeur_ah	,	2233	,	 UNIX_TIMESTAMP( ADDDATE(now(), INTERVAL floor(1+37*rand()) HOUR)) 	,	0	,	0	,	22321	,	2233	);
INSERT INTO `auctionhouse` VALUES (	@newENTRY+31	,	@faction_ah	,	@ENTRY+31	,	@vendeur_ah	,	1855	,	 UNIX_TIMESTAMP( ADDDATE(now(), INTERVAL floor(1+37*rand()) HOUR)) 	,	0	,	0	,	18541	,	1855	);
INSERT INTO `auctionhouse` VALUES (	@newENTRY+32	,	@faction_ah	,	@ENTRY+32	,	@vendeur_ah	,	4134	,	 UNIX_TIMESTAMP( ADDDATE(now(), INTERVAL floor(1+37*rand()) HOUR)) 	,	0	,	0	,	41333	,	4134	);
INSERT INTO `auctionhouse` VALUES (	@newENTRY+33	,	@faction_ah	,	@ENTRY+33	,	@vendeur_ah	,	2437	,	 UNIX_TIMESTAMP( ADDDATE(now(), INTERVAL floor(1+37*rand()) HOUR)) 	,	0	,	0	,	24358	,	2437	);
INSERT INTO `auctionhouse` VALUES (	@newENTRY+34	,	@faction_ah	,	@ENTRY+34	,	@vendeur_ah	,	2662	,	 UNIX_TIMESTAMP( ADDDATE(now(), INTERVAL floor(1+37*rand()) HOUR)) 	,	0	,	0	,	26612	,	2662	);
INSERT INTO `auctionhouse` VALUES (	@newENTRY+35	,	@faction_ah	,	@ENTRY+35	,	@vendeur_ah	,	640	,	 UNIX_TIMESTAMP( ADDDATE(now(), INTERVAL floor(1+37*rand()) HOUR)) 	,	0	,	0	,	6391	,	640	);
INSERT INTO `auctionhouse` VALUES (	@newENTRY+36	,	@faction_ah	,	@ENTRY+36	,	@vendeur_ah	,	2171	,	 UNIX_TIMESTAMP( ADDDATE(now(), INTERVAL floor(1+37*rand()) HOUR)) 	,	0	,	0	,	21702	,	2171	);
INSERT INTO `auctionhouse` VALUES (	@newENTRY+37	,	@faction_ah	,	@ENTRY+37	,	@vendeur_ah	,	6081	,	 UNIX_TIMESTAMP( ADDDATE(now(), INTERVAL floor(1+37*rand()) HOUR)) 	,	0	,	0	,	60802	,	6081	);
INSERT INTO `auctionhouse` VALUES (	@newENTRY+38	,	@faction_ah	,	@ENTRY+38	,	@vendeur_ah	,	4846	,	 UNIX_TIMESTAMP( ADDDATE(now(), INTERVAL floor(1+37*rand()) HOUR)) 	,	0	,	0	,	48445	,	4846	);
INSERT INTO `auctionhouse` VALUES (	@newENTRY+39	,	@faction_ah	,	@ENTRY+39	,	@vendeur_ah	,	5950	,	 UNIX_TIMESTAMP( ADDDATE(now(), INTERVAL floor(1+37*rand()) HOUR)) 	,	0	,	0	,	59490	,	5950	);
INSERT INTO `auctionhouse` VALUES (	@newENTRY+40	,	@faction_ah	,	@ENTRY+40	,	@vendeur_ah	,	3674	,	 UNIX_TIMESTAMP( ADDDATE(now(), INTERVAL floor(1+37*rand()) HOUR)) 	,	0	,	0	,	36729	,	3674	);
INSERT INTO `auctionhouse` VALUES (	@newENTRY+41	,	@faction_ah	,	@ENTRY+41	,	@vendeur_ah	,	1701	,	 UNIX_TIMESTAMP( ADDDATE(now(), INTERVAL floor(1+37*rand()) HOUR)) 	,	0	,	0	,	16998	,	1701	);
INSERT INTO `auctionhouse` VALUES (	@newENTRY+42	,	@faction_ah	,	@ENTRY+42	,	@vendeur_ah	,	6075	,	 UNIX_TIMESTAMP( ADDDATE(now(), INTERVAL floor(1+37*rand()) HOUR)) 	,	0	,	0	,	60740	,	6075	);
INSERT INTO `auctionhouse` VALUES (	@newENTRY+43	,	@faction_ah	,	@ENTRY+43	,	@vendeur_ah	,	2492	,	 UNIX_TIMESTAMP( ADDDATE(now(), INTERVAL floor(1+37*rand()) HOUR)) 	,	0	,	0	,	24909	,	2492	);
INSERT INTO `auctionhouse` VALUES (	@newENTRY+44	,	@faction_ah	,	@ENTRY+44	,	@vendeur_ah	,	711	,	 UNIX_TIMESTAMP( ADDDATE(now(), INTERVAL floor(1+37*rand()) HOUR)) 	,	0	,	0	,	7095	,	711	);
INSERT INTO `auctionhouse` VALUES (	@newENTRY+45	,	@faction_ah	,	@ENTRY+45	,	@vendeur_ah	,	4348	,	 UNIX_TIMESTAMP( ADDDATE(now(), INTERVAL floor(1+37*rand()) HOUR)) 	,	0	,	0	,	43469	,	4348	);
INSERT INTO `auctionhouse` VALUES (	@newENTRY+46	,	@faction_ah	,	@ENTRY+46	,	@vendeur_ah	,	3451	,	 UNIX_TIMESTAMP( ADDDATE(now(), INTERVAL floor(1+37*rand()) HOUR)) 	,	0	,	0	,	34499	,	3451	);
INSERT INTO `auctionhouse` VALUES (	@newENTRY+47	,	@faction_ah	,	@ENTRY+47	,	@vendeur_ah	,	6154	,	 UNIX_TIMESTAMP( ADDDATE(now(), INTERVAL floor(1+37*rand()) HOUR)) 	,	0	,	0	,	61534	,	6154	);
INSERT INTO `auctionhouse` VALUES (	@newENTRY+48	,	@faction_ah	,	@ENTRY+48	,	@vendeur_ah	,	5374	,	 UNIX_TIMESTAMP( ADDDATE(now(), INTERVAL floor(1+37*rand()) HOUR)) 	,	0	,	0	,	53726	,	5374	);
INSERT INTO `auctionhouse` VALUES (	@newENTRY+49	,	@faction_ah	,	@ENTRY+49	,	@vendeur_ah	,	3054	,	 UNIX_TIMESTAMP( ADDDATE(now(), INTERVAL floor(1+37*rand()) HOUR)) 	,	0	,	0	,	30530	,	3054	);
INSERT INTO `auctionhouse` VALUES (	@newENTRY+50	,	@faction_ah	,	@ENTRY+50	,	@vendeur_ah	,	4718	,	 UNIX_TIMESTAMP( ADDDATE(now(), INTERVAL floor(1+37*rand()) HOUR)) 	,	0	,	0	,	47172	,	4718	);
INSERT INTO `auctionhouse` VALUES (	@newENTRY+51	,	@faction_ah	,	@ENTRY+51	,	@vendeur_ah	,	3219	,	 UNIX_TIMESTAMP( ADDDATE(now(), INTERVAL floor(1+37*rand()) HOUR)) 	,	0	,	0	,	32184	,	3219	);
INSERT INTO `auctionhouse` VALUES (	@newENTRY+52	,	@faction_ah	,	@ENTRY+52	,	@vendeur_ah	,	4966	,	 UNIX_TIMESTAMP( ADDDATE(now(), INTERVAL floor(1+37*rand()) HOUR)) 	,	0	,	0	,	49653	,	4966	);
INSERT INTO `auctionhouse` VALUES (	@newENTRY+53	,	@faction_ah	,	@ENTRY+53	,	@vendeur_ah	,	4366	,	 UNIX_TIMESTAMP( ADDDATE(now(), INTERVAL floor(1+37*rand()) HOUR)) 	,	0	,	0	,	43652	,	4366	);
INSERT INTO `auctionhouse` VALUES (	@newENTRY+54	,	@faction_ah	,	@ENTRY+54	,	@vendeur_ah	,	4465	,	 UNIX_TIMESTAMP( ADDDATE(now(), INTERVAL floor(1+37*rand()) HOUR)) 	,	0	,	0	,	44641	,	4465	);
INSERT INTO `auctionhouse` VALUES (	@newENTRY+55	,	@faction_ah	,	@ENTRY+55	,	@vendeur_ah	,	2414	,	 UNIX_TIMESTAMP( ADDDATE(now(), INTERVAL floor(1+37*rand()) HOUR)) 	,	0	,	0	,	24132	,	2414	);
INSERT INTO `auctionhouse` VALUES (	@newENTRY+56	,	@faction_ah	,	@ENTRY+56	,	@vendeur_ah	,	1483	,	 UNIX_TIMESTAMP( ADDDATE(now(), INTERVAL floor(1+37*rand()) HOUR)) 	,	0	,	0	,	14824	,	1483	);
INSERT INTO `auctionhouse` VALUES (	@newENTRY+57	,	@faction_ah	,	@ENTRY+57	,	@vendeur_ah	,	1242	,	 UNIX_TIMESTAMP( ADDDATE(now(), INTERVAL floor(1+37*rand()) HOUR)) 	,	0	,	0	,	12410	,	1242	);
INSERT INTO `auctionhouse` VALUES (	@newENTRY+58	,	@faction_ah	,	@ENTRY+58	,	@vendeur_ah	,	2669	,	 UNIX_TIMESTAMP( ADDDATE(now(), INTERVAL floor(1+37*rand()) HOUR)) 	,	0	,	0	,	26675	,	2669	);
INSERT INTO `auctionhouse` VALUES (	@newENTRY+59	,	@faction_ah	,	@ENTRY+59	,	@vendeur_ah	,	4636	,	 UNIX_TIMESTAMP( ADDDATE(now(), INTERVAL floor(1+37*rand()) HOUR)) 	,	0	,	0	,	46350	,	4636	);
INSERT INTO `auctionhouse` VALUES (	@newENTRY+60	,	@faction_ah	,	@ENTRY+60	,	@vendeur_ah	,	3790	,	 UNIX_TIMESTAMP( ADDDATE(now(), INTERVAL floor(1+37*rand()) HOUR)) 	,	0	,	0	,	37890	,	3790	);
INSERT INTO `auctionhouse` VALUES (	@newENTRY+61	,	@faction_ah	,	@ENTRY+61	,	@vendeur_ah	,	2708	,	 UNIX_TIMESTAMP( ADDDATE(now(), INTERVAL floor(1+37*rand()) HOUR)) 	,	0	,	0	,	27068	,	2708	);
INSERT INTO `auctionhouse` VALUES (	@newENTRY+62	,	@faction_ah	,	@ENTRY+62	,	@vendeur_ah	,	3829	,	 UNIX_TIMESTAMP( ADDDATE(now(), INTERVAL floor(1+37*rand()) HOUR)) 	,	0	,	0	,	38277	,	3829	);
INSERT INTO `auctionhouse` VALUES (	@newENTRY+63	,	@faction_ah	,	@ENTRY+63	,	@vendeur_ah	,	1491	,	 UNIX_TIMESTAMP( ADDDATE(now(), INTERVAL floor(1+37*rand()) HOUR)) 	,	0	,	0	,	14900	,	1491	);
INSERT INTO `auctionhouse` VALUES (	@newENTRY+64	,	@faction_ah	,	@ENTRY+64	,	@vendeur_ah	,	1368	,	 UNIX_TIMESTAMP( ADDDATE(now(), INTERVAL floor(1+37*rand()) HOUR)) 	,	0	,	0	,	13665	,	1368	);
INSERT INTO `auctionhouse` VALUES (	@newENTRY+65	,	@faction_ah	,	@ENTRY+65	,	@vendeur_ah	,	2037	,	 UNIX_TIMESTAMP( ADDDATE(now(), INTERVAL floor(1+37*rand()) HOUR)) 	,	0	,	0	,	20358	,	2037	);
INSERT INTO `auctionhouse` VALUES (	@newENTRY+66	,	@faction_ah	,	@ENTRY+66	,	@vendeur_ah	,	922	,	 UNIX_TIMESTAMP( ADDDATE(now(), INTERVAL floor(1+37*rand()) HOUR)) 	,	0	,	0	,	9207	,	922	);
INSERT INTO `auctionhouse` VALUES (	@newENTRY+67	,	@faction_ah	,	@ENTRY+67	,	@vendeur_ah	,	3258	,	 UNIX_TIMESTAMP( ADDDATE(now(), INTERVAL floor(1+37*rand()) HOUR)) 	,	0	,	0	,	32565	,	3258	);
INSERT INTO `auctionhouse` VALUES (	@newENTRY+68	,	@faction_ah	,	@ENTRY+68	,	@vendeur_ah	,	4720	,	 UNIX_TIMESTAMP( ADDDATE(now(), INTERVAL floor(1+37*rand()) HOUR)) 	,	0	,	0	,	47192	,	4720	);
INSERT INTO `auctionhouse` VALUES (	@newENTRY+69	,	@faction_ah	,	@ENTRY+69	,	@vendeur_ah	,	3867	,	 UNIX_TIMESTAMP( ADDDATE(now(), INTERVAL floor(1+37*rand()) HOUR)) 	,	0	,	0	,	38659	,	3867	);
INSERT INTO `auctionhouse` VALUES (	@newENTRY+70	,	@faction_ah	,	@ENTRY+70	,	@vendeur_ah	,	2669	,	 UNIX_TIMESTAMP( ADDDATE(now(), INTERVAL floor(1+37*rand()) HOUR)) 	,	0	,	0	,	26680	,	2669	);
INSERT INTO `auctionhouse` VALUES (	@newENTRY+71	,	@faction_ah	,	@ENTRY+71	,	@vendeur_ah	,	3061	,	 UNIX_TIMESTAMP( ADDDATE(now(), INTERVAL floor(1+37*rand()) HOUR)) 	,	0	,	0	,	30604	,	3061	);
INSERT INTO `auctionhouse` VALUES (	@newENTRY+72	,	@faction_ah	,	@ENTRY+72	,	@vendeur_ah	,	3391	,	 UNIX_TIMESTAMP( ADDDATE(now(), INTERVAL floor(1+37*rand()) HOUR)) 	,	0	,	0	,	33902	,	3391	);
INSERT INTO `auctionhouse` VALUES (	@newENTRY+73	,	@faction_ah	,	@ENTRY+73	,	@vendeur_ah	,	5596	,	 UNIX_TIMESTAMP( ADDDATE(now(), INTERVAL floor(1+37*rand()) HOUR)) 	,	0	,	0	,	55945	,	5596	);
INSERT INTO `auctionhouse` VALUES (	@newENTRY+74	,	@faction_ah	,	@ENTRY+74	,	@vendeur_ah	,	806	,	 UNIX_TIMESTAMP( ADDDATE(now(), INTERVAL floor(1+37*rand()) HOUR)) 	,	0	,	0	,	8045	,	806	);
INSERT INTO `auctionhouse` VALUES (	@newENTRY+75	,	@faction_ah	,	@ENTRY+75	,	@vendeur_ah	,	655	,	 UNIX_TIMESTAMP( ADDDATE(now(), INTERVAL floor(1+37*rand()) HOUR)) 	,	0	,	0	,	6542	,	655	);
INSERT INTO `auctionhouse` VALUES (	@newENTRY+76	,	@faction_ah	,	@ENTRY+76	,	@vendeur_ah	,	4621	,	 UNIX_TIMESTAMP( ADDDATE(now(), INTERVAL floor(1+37*rand()) HOUR)) 	,	0	,	0	,	46195	,	4621	);
INSERT INTO `auctionhouse` VALUES (	@newENTRY+77	,	@faction_ah	,	@ENTRY+77	,	@vendeur_ah	,	5003	,	 UNIX_TIMESTAMP( ADDDATE(now(), INTERVAL floor(1+37*rand()) HOUR)) 	,	0	,	0	,	50018	,	5003	);
INSERT INTO `auctionhouse` VALUES (	@newENTRY+78	,	@faction_ah	,	@ENTRY+78	,	@vendeur_ah	,	4857	,	 UNIX_TIMESTAMP( ADDDATE(now(), INTERVAL floor(1+37*rand()) HOUR)) 	,	0	,	0	,	48556	,	4857	);
INSERT INTO `auctionhouse` VALUES (	@newENTRY+79	,	@faction_ah	,	@ENTRY+79	,	@vendeur_ah	,	2050	,	 UNIX_TIMESTAMP( ADDDATE(now(), INTERVAL floor(1+37*rand()) HOUR)) 	,	0	,	0	,	20489	,	2050	);
INSERT INTO `auctionhouse` VALUES (	@newENTRY+80	,	@faction_ah	,	@ENTRY+80	,	@vendeur_ah	,	4771	,	 UNIX_TIMESTAMP( ADDDATE(now(), INTERVAL floor(1+37*rand()) HOUR)) 	,	0	,	0	,	47699	,	4771	);
INSERT INTO `auctionhouse` VALUES (	@newENTRY+81	,	@faction_ah	,	@ENTRY+81	,	@vendeur_ah	,	3156	,	 UNIX_TIMESTAMP( ADDDATE(now(), INTERVAL floor(1+37*rand()) HOUR)) 	,	0	,	0	,	31551	,	3156	);
INSERT INTO `auctionhouse` VALUES (	@newENTRY+82	,	@faction_ah	,	@ENTRY+82	,	@vendeur_ah	,	4460	,	 UNIX_TIMESTAMP( ADDDATE(now(), INTERVAL floor(1+37*rand()) HOUR)) 	,	0	,	0	,	44593	,	4460	);
INSERT INTO `auctionhouse` VALUES (	@newENTRY+83	,	@faction_ah	,	@ENTRY+83	,	@vendeur_ah	,	4544	,	 UNIX_TIMESTAMP( ADDDATE(now(), INTERVAL floor(1+37*rand()) HOUR)) 	,	0	,	0	,	45430	,	4544	);
INSERT INTO `auctionhouse` VALUES (	@newENTRY+84	,	@faction_ah	,	@ENTRY+84	,	@vendeur_ah	,	3166	,	 UNIX_TIMESTAMP( ADDDATE(now(), INTERVAL floor(1+37*rand()) HOUR)) 	,	0	,	0	,	31650	,	3166	);
INSERT INTO `auctionhouse` VALUES (	@newENTRY+85	,	@faction_ah	,	@ENTRY+85	,	@vendeur_ah	,	3888	,	 UNIX_TIMESTAMP( ADDDATE(now(), INTERVAL floor(1+37*rand()) HOUR)) 	,	0	,	0	,	38868	,	3888	);
INSERT INTO `auctionhouse` VALUES (	@newENTRY+86	,	@faction_ah	,	@ENTRY+86	,	@vendeur_ah	,	3934	,	 UNIX_TIMESTAMP( ADDDATE(now(), INTERVAL floor(1+37*rand()) HOUR)) 	,	0	,	0	,	39330	,	3934	);
INSERT INTO `auctionhouse` VALUES (	@newENTRY+87	,	@faction_ah	,	@ENTRY+87	,	@vendeur_ah	,	4848	,	 UNIX_TIMESTAMP( ADDDATE(now(), INTERVAL floor(1+37*rand()) HOUR)) 	,	0	,	0	,	48473	,	4848	);
INSERT INTO `auctionhouse` VALUES (	@newENTRY+88	,	@faction_ah	,	@ENTRY+88	,	@vendeur_ah	,	5191	,	 UNIX_TIMESTAMP( ADDDATE(now(), INTERVAL floor(1+37*rand()) HOUR)) 	,	0	,	0	,	51903	,	5191	);
INSERT INTO `auctionhouse` VALUES (	@newENTRY+89	,	@faction_ah	,	@ENTRY+89	,	@vendeur_ah	,	601	,	 UNIX_TIMESTAMP( ADDDATE(now(), INTERVAL floor(1+37*rand()) HOUR)) 	,	0	,	0	,	6000	,	601	);
INSERT INTO `auctionhouse` VALUES (	@newENTRY+90	,	@faction_ah	,	@ENTRY+90	,	@vendeur_ah	,	2307	,	 UNIX_TIMESTAMP( ADDDATE(now(), INTERVAL floor(1+37*rand()) HOUR)) 	,	0	,	0	,	23063	,	2307	);
INSERT INTO `auctionhouse` VALUES (	@newENTRY+91	,	@faction_ah	,	@ENTRY+91	,	@vendeur_ah	,	5690	,	 UNIX_TIMESTAMP( ADDDATE(now(), INTERVAL floor(1+37*rand()) HOUR)) 	,	0	,	0	,	56890	,	5690	);
INSERT INTO `auctionhouse` VALUES (	@newENTRY+92	,	@faction_ah	,	@ENTRY+92	,	@vendeur_ah	,	2682	,	 UNIX_TIMESTAMP( ADDDATE(now(), INTERVAL floor(1+37*rand()) HOUR)) 	,	0	,	0	,	26811	,	2682	);
INSERT INTO `auctionhouse` VALUES (	@newENTRY+93	,	@faction_ah	,	@ENTRY+93	,	@vendeur_ah	,	4726	,	 UNIX_TIMESTAMP( ADDDATE(now(), INTERVAL floor(1+37*rand()) HOUR)) 	,	0	,	0	,	47254	,	4726	);
INSERT INTO `auctionhouse` VALUES (	@newENTRY+94	,	@faction_ah	,	@ENTRY+94	,	@vendeur_ah	,	3734	,	 UNIX_TIMESTAMP( ADDDATE(now(), INTERVAL floor(1+37*rand()) HOUR)) 	,	0	,	0	,	37328	,	3734	);
INSERT INTO `auctionhouse` VALUES (	@newENTRY+95	,	@faction_ah	,	@ENTRY+95	,	@vendeur_ah	,	601	,	 UNIX_TIMESTAMP( ADDDATE(now(), INTERVAL floor(1+37*rand()) HOUR)) 	,	0	,	0	,	6000	,	601	);
INSERT INTO `auctionhouse` VALUES (	@newENTRY+96	,	@faction_ah	,	@ENTRY+96	,	@vendeur_ah	,	4670	,	 UNIX_TIMESTAMP( ADDDATE(now(), INTERVAL floor(1+37*rand()) HOUR)) 	,	0	,	0	,	46687	,	4670	);
INSERT INTO `auctionhouse` VALUES (	@newENTRY+97	,	@faction_ah	,	@ENTRY+97	,	@vendeur_ah	,	3729	,	 UNIX_TIMESTAMP( ADDDATE(now(), INTERVAL floor(1+37*rand()) HOUR)) 	,	0	,	0	,	37275	,	3729	);
INSERT INTO `auctionhouse` VALUES (	@newENTRY+98	,	@faction_ah	,	@ENTRY+98	,	@vendeur_ah	,	4838	,	 UNIX_TIMESTAMP( ADDDATE(now(), INTERVAL floor(1+37*rand()) HOUR)) 	,	0	,	0	,	48374	,	4838	);
INSERT INTO `auctionhouse` VALUES (	@newENTRY+99	,	@faction_ah	,	@ENTRY+99	,	@vendeur_ah	,	2990	,	 UNIX_TIMESTAMP( ADDDATE(now(), INTERVAL floor(1+37*rand()) HOUR)) 	,	0	,	0	,	29888	,	2990	);
INSERT INTO `auctionhouse` VALUES (	@newENTRY+100	,	@faction_ah	,	@ENTRY+100	,	@vendeur_ah	,	4935	,	 UNIX_TIMESTAMP( ADDDATE(now(), INTERVAL floor(1+37*rand()) HOUR)) 	,	0	,	0	,	49342	,	4935	);
INSERT INTO `auctionhouse` VALUES (	@newENTRY+101	,	@faction_ah	,	@ENTRY+101	,	@vendeur_ah	,	1935	,	 UNIX_TIMESTAMP( ADDDATE(now(), INTERVAL floor(1+37*rand()) HOUR)) 	,	0	,	0	,	19336	,	1935	);
INSERT INTO `auctionhouse` VALUES (	@newENTRY+102	,	@faction_ah	,	@ENTRY+102	,	@vendeur_ah	,	1037	,	 UNIX_TIMESTAMP( ADDDATE(now(), INTERVAL floor(1+37*rand()) HOUR)) 	,	0	,	0	,	10362	,	1037	);
INSERT INTO `auctionhouse` VALUES (	@newENTRY+103	,	@faction_ah	,	@ENTRY+103	,	@vendeur_ah	,	2071	,	 UNIX_TIMESTAMP( ADDDATE(now(), INTERVAL floor(1+37*rand()) HOUR)) 	,	0	,	0	,	20704	,	2071	);
INSERT INTO `auctionhouse` VALUES (	@newENTRY+104	,	@faction_ah	,	@ENTRY+104	,	@vendeur_ah	,	4628	,	 UNIX_TIMESTAMP( ADDDATE(now(), INTERVAL floor(1+37*rand()) HOUR)) 	,	0	,	0	,	46274	,	4628	);
INSERT INTO `auctionhouse` VALUES (	@newENTRY+105	,	@faction_ah	,	@ENTRY+105	,	@vendeur_ah	,	1809	,	 UNIX_TIMESTAMP( ADDDATE(now(), INTERVAL floor(1+37*rand()) HOUR)) 	,	0	,	0	,	18076	,	1809	);
INSERT INTO `auctionhouse` VALUES (	@newENTRY+106	,	@faction_ah	,	@ENTRY+106	,	@vendeur_ah	,	797	,	 UNIX_TIMESTAMP( ADDDATE(now(), INTERVAL floor(1+37*rand()) HOUR)) 	,	0	,	0	,	7964	,	797	);
INSERT INTO `auctionhouse` VALUES (	@newENTRY+107	,	@faction_ah	,	@ENTRY+107	,	@vendeur_ah	,	5637	,	 UNIX_TIMESTAMP( ADDDATE(now(), INTERVAL floor(1+37*rand()) HOUR)) 	,	0	,	0	,	56355	,	5637	);
INSERT INTO `auctionhouse` VALUES (	@newENTRY+108	,	@faction_ah	,	@ENTRY+108	,	@vendeur_ah	,	3224	,	 UNIX_TIMESTAMP( ADDDATE(now(), INTERVAL floor(1+37*rand()) HOUR)) 	,	0	,	0	,	32230	,	3224	);
INSERT INTO `auctionhouse` VALUES (	@newENTRY+109	,	@faction_ah	,	@ENTRY+109	,	@vendeur_ah	,	5153	,	 UNIX_TIMESTAMP( ADDDATE(now(), INTERVAL floor(1+37*rand()) HOUR)) 	,	0	,	0	,	51519	,	5153	);
INSERT INTO `auctionhouse` VALUES (	@newENTRY+110	,	@faction_ah	,	@ENTRY+110	,	@vendeur_ah	,	1788	,	 UNIX_TIMESTAMP( ADDDATE(now(), INTERVAL floor(1+37*rand()) HOUR)) 	,	0	,	0	,	17874	,	1788	);
INSERT INTO `auctionhouse` VALUES (	@newENTRY+111	,	@faction_ah	,	@ENTRY+111	,	@vendeur_ah	,	4235	,	 UNIX_TIMESTAMP( ADDDATE(now(), INTERVAL floor(1+37*rand()) HOUR)) 	,	0	,	0	,	42343	,	4235	);
INSERT INTO `auctionhouse` VALUES (	@newENTRY+112	,	@faction_ah	,	@ENTRY+112	,	@vendeur_ah	,	2018	,	 UNIX_TIMESTAMP( ADDDATE(now(), INTERVAL floor(1+37*rand()) HOUR)) 	,	0	,	0	,	20167	,	2018	);
INSERT INTO `auctionhouse` VALUES (	@newENTRY+113	,	@faction_ah	,	@ENTRY+113	,	@vendeur_ah	,	2981	,	 UNIX_TIMESTAMP( ADDDATE(now(), INTERVAL floor(1+37*rand()) HOUR)) 	,	0	,	0	,	29798	,	2981	);
INSERT INTO `auctionhouse` VALUES (	@newENTRY+114	,	@faction_ah	,	@ENTRY+114	,	@vendeur_ah	,	3698	,	 UNIX_TIMESTAMP( ADDDATE(now(), INTERVAL floor(1+37*rand()) HOUR)) 	,	0	,	0	,	36974	,	3698	);
INSERT INTO `auctionhouse` VALUES (	@newENTRY+115	,	@faction_ah	,	@ENTRY+115	,	@vendeur_ah	,	601	,	 UNIX_TIMESTAMP( ADDDATE(now(), INTERVAL floor(1+37*rand()) HOUR)) 	,	0	,	0	,	6000	,	601	);
INSERT INTO `auctionhouse` VALUES (	@newENTRY+116	,	@faction_ah	,	@ENTRY+116	,	@vendeur_ah	,	3484	,	 UNIX_TIMESTAMP( ADDDATE(now(), INTERVAL floor(1+37*rand()) HOUR)) 	,	0	,	0	,	34833	,	3484	);
INSERT INTO `auctionhouse` VALUES (	@newENTRY+117	,	@faction_ah	,	@ENTRY+117	,	@vendeur_ah	,	765	,	 UNIX_TIMESTAMP( ADDDATE(now(), INTERVAL floor(1+37*rand()) HOUR)) 	,	0	,	0	,	7644	,	765	);
INSERT INTO `auctionhouse` VALUES (	@newENTRY+118	,	@faction_ah	,	@ENTRY+118	,	@vendeur_ah	,	1064	,	 UNIX_TIMESTAMP( ADDDATE(now(), INTERVAL floor(1+37*rand()) HOUR)) 	,	0	,	0	,	10630	,	1064	);
INSERT INTO `auctionhouse` VALUES (	@newENTRY+119	,	@faction_ah	,	@ENTRY+119	,	@vendeur_ah	,	3679	,	 UNIX_TIMESTAMP( ADDDATE(now(), INTERVAL floor(1+37*rand()) HOUR)) 	,	0	,	0	,	36775	,	3679	);
INSERT INTO `auctionhouse` VALUES (	@newENTRY+120	,	@faction_ah	,	@ENTRY+120	,	@vendeur_ah	,	731	,	 UNIX_TIMESTAMP( ADDDATE(now(), INTERVAL floor(1+37*rand()) HOUR)) 	,	0	,	0	,	7300	,	731	);
INSERT INTO `auctionhouse` VALUES (	@newENTRY+121	,	@faction_ah	,	@ENTRY+121	,	@vendeur_ah	,	1752	,	 UNIX_TIMESTAMP( ADDDATE(now(), INTERVAL floor(1+37*rand()) HOUR)) 	,	0	,	0	,	17510	,	1752	);
INSERT INTO `auctionhouse` VALUES (	@newENTRY+122	,	@faction_ah	,	@ENTRY+122	,	@vendeur_ah	,	1579	,	 UNIX_TIMESTAMP( ADDDATE(now(), INTERVAL floor(1+37*rand()) HOUR)) 	,	0	,	0	,	15778	,	1579	);
INSERT INTO `auctionhouse` VALUES (	@newENTRY+123	,	@faction_ah	,	@ENTRY+123	,	@vendeur_ah	,	6171	,	 UNIX_TIMESTAMP( ADDDATE(now(), INTERVAL floor(1+37*rand()) HOUR)) 	,	0	,	0	,	61697	,	6171	);










































































