SET  @newENTRY =(SELECT max(`id`) FROM `auctionhouse` );
set @vendeur_ah := 55;
SET  @ENTRY =(SELECT max(`guid`) FROM `item_instance` );

DROP TABLE IF EXISTS `t`;
CREATE TABLE `t` (i INT);
insert into `t` values(23442) , (79707) ,(4656);
set  @faction_ah = (SELECT i FROM t ORDER BY RAND() LIMIT 1);




INSERT INTO `item_instance`  (guid,itemEntry,owner_guid,creatorGuid,giftCreatorGuid,count,duration,charges,flags,enchantments,randomPropertyId,durability,playedTime,text)
VALUES (@ENTRY+1,878,@vendeur_ah,@vendeur_ah,0,floor(rand()*5+5),0,'0 0 0 0 0 ',0,'0 0 0 0 0 0 0 0 0 0 0 0 0 0 0 0 0 0 0 0 0 0 0 0 0 0 0 0 0 0 0 0 0 0 0 0 0 0 0 0 0 0 ',0,0,0,""),
(@ENTRY+2,1288,@vendeur_ah,@vendeur_ah,0,floor(rand()*5+5),0,'0 0 0 0 0 ',0,'0 0 0 0 0 0 0 0 0 0 0 0 0 0 0 0 0 0 0 0 0 0 0 0 0 0 0 0 0 0 0 0 0 0 0 0 0 0 0 0 0 0 ',0,0,0,""),
(@ENTRY+3,1475,@vendeur_ah,@vendeur_ah,0,floor(rand()*5+5),0,'0 0 0 0 0 ',0,'0 0 0 0 0 0 0 0 0 0 0 0 0 0 0 0 0 0 0 0 0 0 0 0 0 0 0 0 0 0 0 0 0 0 0 0 0 0 0 0 0 0 ',0,0,0,""),
(@ENTRY+4,1963,@vendeur_ah,@vendeur_ah,0,floor(rand()*5+5),0,'0 0 0 0 0 ',0,'0 0 0 0 0 0 0 0 0 0 0 0 0 0 0 0 0 0 0 0 0 0 0 0 0 0 0 0 0 0 0 0 0 0 0 0 0 0 0 0 0 0 ',0,0,0,""),
(@ENTRY+5,2324,@vendeur_ah,@vendeur_ah,0,floor(rand()*5+5),0,'0 0 0 0 0 ',0,'0 0 0 0 0 0 0 0 0 0 0 0 0 0 0 0 0 0 0 0 0 0 0 0 0 0 0 0 0 0 0 0 0 0 0 0 0 0 0 0 0 0 ',0,0,0,""),
(@ENTRY+6,2325,@vendeur_ah,@vendeur_ah,0,floor(rand()*5+5),0,'0 0 0 0 0 ',0,'0 0 0 0 0 0 0 0 0 0 0 0 0 0 0 0 0 0 0 0 0 0 0 0 0 0 0 0 0 0 0 0 0 0 0 0 0 0 0 0 0 0 ',0,0,0,""),
(@ENTRY+7,2604,@vendeur_ah,@vendeur_ah,0,floor(rand()*5+5),0,'0 0 0 0 0 ',0,'0 0 0 0 0 0 0 0 0 0 0 0 0 0 0 0 0 0 0 0 0 0 0 0 0 0 0 0 0 0 0 0 0 0 0 0 0 0 0 0 0 0 ',0,0,0,""),
(@ENTRY+8,2605,@vendeur_ah,@vendeur_ah,0,floor(rand()*5+5),0,'0 0 0 0 0 ',0,'0 0 0 0 0 0 0 0 0 0 0 0 0 0 0 0 0 0 0 0 0 0 0 0 0 0 0 0 0 0 0 0 0 0 0 0 0 0 0 0 0 0 ',0,0,0,""),
(@ENTRY+9,2678,@vendeur_ah,@vendeur_ah,0,floor(rand()*5+5),0,'0 0 0 0 0 ',0,'0 0 0 0 0 0 0 0 0 0 0 0 0 0 0 0 0 0 0 0 0 0 0 0 0 0 0 0 0 0 0 0 0 0 0 0 0 0 0 0 0 0 ',0,0,0,""),
(@ENTRY+10,2880,@vendeur_ah,@vendeur_ah,0,floor(rand()*5+5),0,'0 0 0 0 0 ',0,'0 0 0 0 0 0 0 0 0 0 0 0 0 0 0 0 0 0 0 0 0 0 0 0 0 0 0 0 0 0 0 0 0 0 0 0 0 0 0 0 0 0 ',0,0,0,""),
(@ENTRY+11,3164,@vendeur_ah,@vendeur_ah,0,floor(rand()*5+5),0,'0 0 0 0 0 ',0,'0 0 0 0 0 0 0 0 0 0 0 0 0 0 0 0 0 0 0 0 0 0 0 0 0 0 0 0 0 0 0 0 0 0 0 0 0 0 0 0 0 0 ',0,0,0,""),
(@ENTRY+12,3371,@vendeur_ah,@vendeur_ah,0,floor(rand()*5+5),0,'0 0 0 0 0 ',0,'0 0 0 0 0 0 0 0 0 0 0 0 0 0 0 0 0 0 0 0 0 0 0 0 0 0 0 0 0 0 0 0 0 0 0 0 0 0 0 0 0 0 ',0,0,0,""),
(@ENTRY+13,3372,@vendeur_ah,@vendeur_ah,0,floor(rand()*5+5),0,'0 0 0 0 0 ',0,'0 0 0 0 0 0 0 0 0 0 0 0 0 0 0 0 0 0 0 0 0 0 0 0 0 0 0 0 0 0 0 0 0 0 0 0 0 0 0 0 0 0 ',0,0,0,""),
(@ENTRY+14,3466,@vendeur_ah,@vendeur_ah,0,floor(rand()*5+5),0,'0 0 0 0 0 ',0,'0 0 0 0 0 0 0 0 0 0 0 0 0 0 0 0 0 0 0 0 0 0 0 0 0 0 0 0 0 0 0 0 0 0 0 0 0 0 0 0 0 0 ',0,0,0,""),
(@ENTRY+15,4340,@vendeur_ah,@vendeur_ah,0,floor(rand()*5+5),0,'0 0 0 0 0 ',0,'0 0 0 0 0 0 0 0 0 0 0 0 0 0 0 0 0 0 0 0 0 0 0 0 0 0 0 0 0 0 0 0 0 0 0 0 0 0 0 0 0 0 ',0,0,0,""),
(@ENTRY+16,4341,@vendeur_ah,@vendeur_ah,0,floor(rand()*5+5),0,'0 0 0 0 0 ',0,'0 0 0 0 0 0 0 0 0 0 0 0 0 0 0 0 0 0 0 0 0 0 0 0 0 0 0 0 0 0 0 0 0 0 0 0 0 0 0 0 0 0 ',0,0,0,""),
(@ENTRY+17,4342,@vendeur_ah,@vendeur_ah,0,floor(rand()*5+5),0,'0 0 0 0 0 ',0,'0 0 0 0 0 0 0 0 0 0 0 0 0 0 0 0 0 0 0 0 0 0 0 0 0 0 0 0 0 0 0 0 0 0 0 0 0 0 0 0 0 0 ',0,0,0,""),
(@ENTRY+18,4402,@vendeur_ah,@vendeur_ah,0,floor(rand()*5+5),0,'0 0 0 0 0 ',0,'0 0 0 0 0 0 0 0 0 0 0 0 0 0 0 0 0 0 0 0 0 0 0 0 0 0 0 0 0 0 0 0 0 0 0 0 0 0 0 0 0 0 ',0,0,0,""),
(@ENTRY+19,4470,@vendeur_ah,@vendeur_ah,0,floor(rand()*5+5),0,'0 0 0 0 0 ',0,'0 0 0 0 0 0 0 0 0 0 0 0 0 0 0 0 0 0 0 0 0 0 0 0 0 0 0 0 0 0 0 0 0 0 0 0 0 0 0 0 0 0 ',0,0,0,""),
(@ENTRY+20,4471,@vendeur_ah,@vendeur_ah,0,floor(rand()*5+5),0,'0 0 0 0 0 ',0,'0 0 0 0 0 0 0 0 0 0 0 0 0 0 0 0 0 0 0 0 0 0 0 0 0 0 0 0 0 0 0 0 0 0 0 0 0 0 0 0 0 0 ',0,0,0,""),
(@ENTRY+21,4589,@vendeur_ah,@vendeur_ah,0,floor(rand()*5+5),0,'0 0 0 0 0 ',0,'0 0 0 0 0 0 0 0 0 0 0 0 0 0 0 0 0 0 0 0 0 0 0 0 0 0 0 0 0 0 0 0 0 0 0 0 0 0 0 0 0 0 ',0,0,0,""),
(@ENTRY+22,4611,@vendeur_ah,@vendeur_ah,0,floor(rand()*5+5),0,'0 0 0 0 0 ',0,'0 0 0 0 0 0 0 0 0 0 0 0 0 0 0 0 0 0 0 0 0 0 0 0 0 0 0 0 0 0 0 0 0 0 0 0 0 0 0 0 0 0 ',0,0,0,""),
(@ENTRY+23,5523,@vendeur_ah,@vendeur_ah,0,floor(rand()*5+5),0,'0 0 0 0 0 ',0,'0 0 0 0 0 0 0 0 0 0 0 0 0 0 0 0 0 0 0 0 0 0 0 0 0 0 0 0 0 0 0 0 0 0 0 0 0 0 0 0 0 0 ',0,0,0,""),
(@ENTRY+24,5524,@vendeur_ah,@vendeur_ah,0,floor(rand()*5+5),0,'0 0 0 0 0 ',0,'0 0 0 0 0 0 0 0 0 0 0 0 0 0 0 0 0 0 0 0 0 0 0 0 0 0 0 0 0 0 0 0 0 0 0 0 0 0 0 0 0 0 ',0,0,0,""),
(@ENTRY+25,5635,@vendeur_ah,@vendeur_ah,0,floor(rand()*5+5),0,'0 0 0 0 0 ',0,'0 0 0 0 0 0 0 0 0 0 0 0 0 0 0 0 0 0 0 0 0 0 0 0 0 0 0 0 0 0 0 0 0 0 0 0 0 0 0 0 0 0 ',0,0,0,""),
(@ENTRY+26,5637,@vendeur_ah,@vendeur_ah,0,floor(rand()*5+5),0,'0 0 0 0 0 ',0,'0 0 0 0 0 0 0 0 0 0 0 0 0 0 0 0 0 0 0 0 0 0 0 0 0 0 0 0 0 0 0 0 0 0 0 0 0 0 0 0 0 0 ',0,0,0,""),
(@ENTRY+27,6260,@vendeur_ah,@vendeur_ah,0,floor(rand()*5+5),0,'0 0 0 0 0 ',0,'0 0 0 0 0 0 0 0 0 0 0 0 0 0 0 0 0 0 0 0 0 0 0 0 0 0 0 0 0 0 0 0 0 0 0 0 0 0 0 0 0 0 ',0,0,0,""),
(@ENTRY+28,6261,@vendeur_ah,@vendeur_ah,0,floor(rand()*5+5),0,'0 0 0 0 0 ',0,'0 0 0 0 0 0 0 0 0 0 0 0 0 0 0 0 0 0 0 0 0 0 0 0 0 0 0 0 0 0 0 0 0 0 0 0 0 0 0 0 0 0 ',0,0,0,""),
(@ENTRY+29,6358,@vendeur_ah,@vendeur_ah,0,floor(rand()*5+5),0,'0 0 0 0 0 ',0,'0 0 0 0 0 0 0 0 0 0 0 0 0 0 0 0 0 0 0 0 0 0 0 0 0 0 0 0 0 0 0 0 0 0 0 0 0 0 0 0 0 0 ',0,0,0,""),
(@ENTRY+30,6359,@vendeur_ah,@vendeur_ah,0,floor(rand()*5+5),0,'0 0 0 0 0 ',0,'0 0 0 0 0 0 0 0 0 0 0 0 0 0 0 0 0 0 0 0 0 0 0 0 0 0 0 0 0 0 0 0 0 0 0 0 0 0 0 0 0 0 ',0,0,0,""),
(@ENTRY+31,6370,@vendeur_ah,@vendeur_ah,0,floor(rand()*5+5),0,'0 0 0 0 0 ',0,'0 0 0 0 0 0 0 0 0 0 0 0 0 0 0 0 0 0 0 0 0 0 0 0 0 0 0 0 0 0 0 0 0 0 0 0 0 0 0 0 0 0 ',0,0,0,""),
(@ENTRY+32,6371,@vendeur_ah,@vendeur_ah,0,floor(rand()*5+5),0,'0 0 0 0 0 ',0,'0 0 0 0 0 0 0 0 0 0 0 0 0 0 0 0 0 0 0 0 0 0 0 0 0 0 0 0 0 0 0 0 0 0 0 0 0 0 0 0 0 0 ',0,0,0,""),
(@ENTRY+33,7072,@vendeur_ah,@vendeur_ah,0,floor(rand()*5+5),0,'0 0 0 0 0 ',0,'0 0 0 0 0 0 0 0 0 0 0 0 0 0 0 0 0 0 0 0 0 0 0 0 0 0 0 0 0 0 0 0 0 0 0 0 0 0 0 0 0 0 ',0,0,0,""),
(@ENTRY+34,7973,@vendeur_ah,@vendeur_ah,0,floor(rand()*5+5),0,'0 0 0 0 0 ',0,'0 0 0 0 0 0 0 0 0 0 0 0 0 0 0 0 0 0 0 0 0 0 0 0 0 0 0 0 0 0 0 0 0 0 0 0 0 0 0 0 0 0 ',0,0,0,""),
(@ENTRY+35,8151,@vendeur_ah,@vendeur_ah,0,floor(rand()*5+5),0,'0 0 0 0 0 ',0,'0 0 0 0 0 0 0 0 0 0 0 0 0 0 0 0 0 0 0 0 0 0 0 0 0 0 0 0 0 0 0 0 0 0 0 0 0 0 0 0 0 0 ',0,0,0,""),
(@ENTRY+36,8152,@vendeur_ah,@vendeur_ah,0,floor(rand()*5+5),0,'0 0 0 0 0 ',0,'0 0 0 0 0 0 0 0 0 0 0 0 0 0 0 0 0 0 0 0 0 0 0 0 0 0 0 0 0 0 0 0 0 0 0 0 0 0 0 0 0 0 ',0,0,0,""),
(@ENTRY+37,8925,@vendeur_ah,@vendeur_ah,0,floor(rand()*5+5),0,'0 0 0 0 0 ',0,'0 0 0 0 0 0 0 0 0 0 0 0 0 0 0 0 0 0 0 0 0 0 0 0 0 0 0 0 0 0 0 0 0 0 0 0 0 0 0 0 0 0 ',0,0,0,""),
(@ENTRY+38,9210,@vendeur_ah,@vendeur_ah,0,floor(rand()*5+5),0,'0 0 0 0 0 ',0,'0 0 0 0 0 0 0 0 0 0 0 0 0 0 0 0 0 0 0 0 0 0 0 0 0 0 0 0 0 0 0 0 0 0 0 0 0 0 0 0 0 0 ',0,0,0,""),
(@ENTRY+39,9262,@vendeur_ah,@vendeur_ah,0,floor(rand()*5+5),0,'0 0 0 0 0 ',0,'0 0 0 0 0 0 0 0 0 0 0 0 0 0 0 0 0 0 0 0 0 0 0 0 0 0 0 0 0 0 0 0 0 0 0 0 0 0 0 0 0 0 ',0,0,0,""),
(@ENTRY+40,9719,@vendeur_ah,@vendeur_ah,0,floor(rand()*5+5),0,'0 0 0 0 0 ',0,'0 0 0 0 0 0 0 0 0 0 0 0 0 0 0 0 0 0 0 0 0 0 0 0 0 0 0 0 0 0 0 0 0 0 0 0 0 0 0 0 0 0 ',0,0,0,""),
(@ENTRY+41,10290,@vendeur_ah,@vendeur_ah,0,floor(rand()*5+5),0,'0 0 0 0 0 ',0,'0 0 0 0 0 0 0 0 0 0 0 0 0 0 0 0 0 0 0 0 0 0 0 0 0 0 0 0 0 0 0 0 0 0 0 0 0 0 0 0 0 0 ',0,0,0,""),
(@ENTRY+42,10648,@vendeur_ah,@vendeur_ah,0,floor(rand()*5+5),0,'0 0 0 0 0 ',0,'0 0 0 0 0 0 0 0 0 0 0 0 0 0 0 0 0 0 0 0 0 0 0 0 0 0 0 0 0 0 0 0 0 0 0 0 0 0 0 0 0 0 ',0,0,0,""),
(@ENTRY+43,11291,@vendeur_ah,@vendeur_ah,0,floor(rand()*5+5),0,'0 0 0 0 0 ',0,'0 0 0 0 0 0 0 0 0 0 0 0 0 0 0 0 0 0 0 0 0 0 0 0 0 0 0 0 0 0 0 0 0 0 0 0 0 0 0 0 0 0 ',0,0,0,""),
(@ENTRY+44,12662,@vendeur_ah,@vendeur_ah,0,floor(rand()*5+5),0,'0 0 0 0 0 ',0,'0 0 0 0 0 0 0 0 0 0 0 0 0 0 0 0 0 0 0 0 0 0 0 0 0 0 0 0 0 0 0 0 0 0 0 0 0 0 0 0 0 0 ',0,0,0,""),
(@ENTRY+45,12804,@vendeur_ah,@vendeur_ah,0,floor(rand()*5+5),0,'0 0 0 0 0 ',0,'0 0 0 0 0 0 0 0 0 0 0 0 0 0 0 0 0 0 0 0 0 0 0 0 0 0 0 0 0 0 0 0 0 0 0 0 0 0 0 0 0 0 ',0,0,0,""),
(@ENTRY+46,12811,@vendeur_ah,@vendeur_ah,0,floor(rand()*5+5),0,'0 0 0 0 0 ',0,'0 0 0 0 0 0 0 0 0 0 0 0 0 0 0 0 0 0 0 0 0 0 0 0 0 0 0 0 0 0 0 0 0 0 0 0 0 0 0 0 0 0 ',0,0,0,""),
(@ENTRY+47,13422,@vendeur_ah,@vendeur_ah,0,floor(rand()*5+5),0,'0 0 0 0 0 ',0,'0 0 0 0 0 0 0 0 0 0 0 0 0 0 0 0 0 0 0 0 0 0 0 0 0 0 0 0 0 0 0 0 0 0 0 0 0 0 0 0 0 0 ',0,0,0,""),
(@ENTRY+48,13423,@vendeur_ah,@vendeur_ah,0,floor(rand()*5+5),0,'0 0 0 0 0 ',0,'0 0 0 0 0 0 0 0 0 0 0 0 0 0 0 0 0 0 0 0 0 0 0 0 0 0 0 0 0 0 0 0 0 0 0 0 0 0 0 0 0 0 ',0,0,0,""),
(@ENTRY+49,13503,@vendeur_ah,@vendeur_ah,0,floor(rand()*5+5),0,'0 0 0 0 0 ',0,'0 0 0 0 0 0 0 0 0 0 0 0 0 0 0 0 0 0 0 0 0 0 0 0 0 0 0 0 0 0 0 0 0 0 0 0 0 0 0 0 0 0 ',0,0,0,""),
(@ENTRY+50,13757,@vendeur_ah,@vendeur_ah,0,floor(rand()*5+5),0,'0 0 0 0 0 ',0,'0 0 0 0 0 0 0 0 0 0 0 0 0 0 0 0 0 0 0 0 0 0 0 0 0 0 0 0 0 0 0 0 0 0 0 0 0 0 0 0 0 0 ',0,0,0,""),
(@ENTRY+51,15874,@vendeur_ah,@vendeur_ah,0,floor(rand()*5+5),0,'0 0 0 0 0 ',0,'0 0 0 0 0 0 0 0 0 0 0 0 0 0 0 0 0 0 0 0 0 0 0 0 0 0 0 0 0 0 0 0 0 0 0 0 0 0 0 0 0 0 ',0,0,0,""),
(@ENTRY+52,17010,@vendeur_ah,@vendeur_ah,0,floor(rand()*5+5),0,'0 0 0 0 0 ',0,'0 0 0 0 0 0 0 0 0 0 0 0 0 0 0 0 0 0 0 0 0 0 0 0 0 0 0 0 0 0 0 0 0 0 0 0 0 0 0 0 0 0 ',0,0,0,""),
(@ENTRY+53,17011,@vendeur_ah,@vendeur_ah,0,floor(rand()*5+5),0,'0 0 0 0 0 ',0,'0 0 0 0 0 0 0 0 0 0 0 0 0 0 0 0 0 0 0 0 0 0 0 0 0 0 0 0 0 0 0 0 0 0 0 0 0 0 0 0 0 0 ',0,0,0,""),
(@ENTRY+54,17204,@vendeur_ah,@vendeur_ah,0,floor(rand()*5+5),0,'0 0 0 0 0 ',0,'0 0 0 0 0 0 0 0 0 0 0 0 0 0 0 0 0 0 0 0 0 0 0 0 0 0 0 0 0 0 0 0 0 0 0 0 0 0 0 0 0 0 ',0,0,0,""),
(@ENTRY+55,17968,@vendeur_ah,@vendeur_ah,0,floor(rand()*5+5),0,'0 0 0 0 0 ',0,'0 0 0 0 0 0 0 0 0 0 0 0 0 0 0 0 0 0 0 0 0 0 0 0 0 0 0 0 0 0 0 0 0 0 0 0 0 0 0 0 0 0 ',0,0,0,""),
(@ENTRY+56,18240,@vendeur_ah,@vendeur_ah,0,floor(rand()*5+5),0,'0 0 0 0 0 ',0,'0 0 0 0 0 0 0 0 0 0 0 0 0 0 0 0 0 0 0 0 0 0 0 0 0 0 0 0 0 0 0 0 0 0 0 0 0 0 0 0 0 0 ',0,0,0,""),
(@ENTRY+57,18256,@vendeur_ah,@vendeur_ah,0,floor(rand()*5+5),0,'0 0 0 0 0 ',0,'0 0 0 0 0 0 0 0 0 0 0 0 0 0 0 0 0 0 0 0 0 0 0 0 0 0 0 0 0 0 0 0 0 0 0 0 0 0 0 0 0 0 ',0,0,0,""),
(@ENTRY+58,18512,@vendeur_ah,@vendeur_ah,0,floor(rand()*5+5),0,'0 0 0 0 0 ',0,'0 0 0 0 0 0 0 0 0 0 0 0 0 0 0 0 0 0 0 0 0 0 0 0 0 0 0 0 0 0 0 0 0 0 0 0 0 0 0 0 0 0 ',0,0,0,""),
(@ENTRY+59,19441,@vendeur_ah,@vendeur_ah,0,floor(rand()*5+5),0,'0 0 0 0 0 ',0,'0 0 0 0 0 0 0 0 0 0 0 0 0 0 0 0 0 0 0 0 0 0 0 0 0 0 0 0 0 0 0 0 0 0 0 0 0 0 0 0 0 0 ',0,0,0,""),
(@ENTRY+60,19943,@vendeur_ah,@vendeur_ah,0,floor(rand()*5+5),0,'0 0 0 0 0 ',0,'0 0 0 0 0 0 0 0 0 0 0 0 0 0 0 0 0 0 0 0 0 0 0 0 0 0 0 0 0 0 0 0 0 0 0 0 0 0 0 0 0 0 ',0,0,0,""),
(@ENTRY+61,20520,@vendeur_ah,@vendeur_ah,0,floor(rand()*5+5),0,'0 0 0 0 0 ',0,'0 0 0 0 0 0 0 0 0 0 0 0 0 0 0 0 0 0 0 0 0 0 0 0 0 0 0 0 0 0 0 0 0 0 0 0 0 0 0 0 0 0 ',0,0,0,""),
(@ENTRY+62,20815,@vendeur_ah,@vendeur_ah,0,floor(rand()*5+5),0,'0 0 0 0 0 ',0,'0 0 0 0 0 0 0 0 0 0 0 0 0 0 0 0 0 0 0 0 0 0 0 0 0 0 0 0 0 0 0 0 0 0 0 0 0 0 0 0 0 0 ',0,0,0,""),
(@ENTRY+63,21882,@vendeur_ah,@vendeur_ah,0,floor(rand()*5+5),0,'0 0 0 0 0 ',0,'0 0 0 0 0 0 0 0 0 0 0 0 0 0 0 0 0 0 0 0 0 0 0 0 0 0 0 0 0 0 0 0 0 0 0 0 0 0 0 0 0 0 ',0,0,0,""),
(@ENTRY+64,22682,@vendeur_ah,@vendeur_ah,0,floor(rand()*5+5),0,'0 0 0 0 0 ',0,'0 0 0 0 0 0 0 0 0 0 0 0 0 0 0 0 0 0 0 0 0 0 0 0 0 0 0 0 0 0 0 0 0 0 0 0 0 0 0 0 0 0 ',0,0,0,""),
(@ENTRY+65,23055,@vendeur_ah,@vendeur_ah,0,floor(rand()*5+5),0,'0 0 0 0 0 ',0,'0 0 0 0 0 0 0 0 0 0 0 0 0 0 0 0 0 0 0 0 0 0 0 0 0 0 0 0 0 0 0 0 0 0 0 0 0 0 0 0 0 0 ',0,0,0,""),
(@ENTRY+66,24476,@vendeur_ah,@vendeur_ah,0,floor(rand()*5+5),0,'0 0 0 0 0 ',0,'0 0 0 0 0 0 0 0 0 0 0 0 0 0 0 0 0 0 0 0 0 0 0 0 0 0 0 0 0 0 0 0 0 0 0 0 0 0 0 0 0 0 ',0,0,0,""),
(@ENTRY+67,27511,@vendeur_ah,@vendeur_ah,0,floor(rand()*5+5),0,'0 0 0 0 0 ',0,'0 0 0 0 0 0 0 0 0 0 0 0 0 0 0 0 0 0 0 0 0 0 0 0 0 0 0 0 0 0 0 0 0 0 0 0 0 0 0 0 0 0 ',0,0,0,""),
(@ENTRY+68,27513,@vendeur_ah,@vendeur_ah,0,floor(rand()*5+5),0,'0 0 0 0 0 ',0,'0 0 0 0 0 0 0 0 0 0 0 0 0 0 0 0 0 0 0 0 0 0 0 0 0 0 0 0 0 0 0 0 0 0 0 0 0 0 0 0 0 0 ',0,0,0,""),
(@ENTRY+69,30817,@vendeur_ah,@vendeur_ah,0,floor(rand()*5+5),0,'0 0 0 0 0 ',0,'0 0 0 0 0 0 0 0 0 0 0 0 0 0 0 0 0 0 0 0 0 0 0 0 0 0 0 0 0 0 0 0 0 0 0 0 0 0 0 0 0 0 ',0,0,0,""),
(@ENTRY+70,32428,@vendeur_ah,@vendeur_ah,0,floor(rand()*5+5),0,'0 0 0 0 0 ',0,'0 0 0 0 0 0 0 0 0 0 0 0 0 0 0 0 0 0 0 0 0 0 0 0 0 0 0 0 0 0 0 0 0 0 0 0 0 0 0 0 0 0 ',0,0,0,""),
(@ENTRY+71,34664,@vendeur_ah,@vendeur_ah,0,floor(rand()*5+5),0,'0 0 0 0 0 ',0,'0 0 0 0 0 0 0 0 0 0 0 0 0 0 0 0 0 0 0 0 0 0 0 0 0 0 0 0 0 0 0 0 0 0 0 0 0 0 0 0 0 0 ',0,0,0,""),
(@ENTRY+72,36781,@vendeur_ah,@vendeur_ah,0,floor(rand()*5+5),0,'0 0 0 0 0 ',0,'0 0 0 0 0 0 0 0 0 0 0 0 0 0 0 0 0 0 0 0 0 0 0 0 0 0 0 0 0 0 0 0 0 0 0 0 0 0 0 0 0 0 ',0,0,0,""),
(@ENTRY+73,37145,@vendeur_ah,@vendeur_ah,0,floor(rand()*5+5),0,'0 0 0 0 0 ',0,'0 0 0 0 0 0 0 0 0 0 0 0 0 0 0 0 0 0 0 0 0 0 0 0 0 0 0 0 0 0 0 0 0 0 0 0 0 0 0 0 0 0 ',0,0,0,""),
(@ENTRY+74,37147,@vendeur_ah,@vendeur_ah,0,floor(rand()*5+5),0,'0 0 0 0 0 ',0,'0 0 0 0 0 0 0 0 0 0 0 0 0 0 0 0 0 0 0 0 0 0 0 0 0 0 0 0 0 0 0 0 0 0 0 0 0 0 0 0 0 0 ',0,0,0,""),
(@ENTRY+75,37159,@vendeur_ah,@vendeur_ah,0,floor(rand()*5+5),0,'0 0 0 0 0 ',0,'0 0 0 0 0 0 0 0 0 0 0 0 0 0 0 0 0 0 0 0 0 0 0 0 0 0 0 0 0 0 0 0 0 0 0 0 0 0 0 0 0 0 ',0,0,0,""),
(@ENTRY+76,37160,@vendeur_ah,@vendeur_ah,0,floor(rand()*5+5),0,'0 0 0 0 0 ',0,'0 0 0 0 0 0 0 0 0 0 0 0 0 0 0 0 0 0 0 0 0 0 0 0 0 0 0 0 0 0 0 0 0 0 0 0 0 0 0 0 0 0 ',0,0,0,""),
(@ENTRY+77,37161,@vendeur_ah,@vendeur_ah,0,floor(rand()*5+5),0,'0 0 0 0 0 ',0,'0 0 0 0 0 0 0 0 0 0 0 0 0 0 0 0 0 0 0 0 0 0 0 0 0 0 0 0 0 0 0 0 0 0 0 0 0 0 0 0 0 0 ',0,0,0,""),
(@ENTRY+78,37168,@vendeur_ah,@vendeur_ah,0,floor(rand()*5+5),0,'0 0 0 0 0 ',0,'0 0 0 0 0 0 0 0 0 0 0 0 0 0 0 0 0 0 0 0 0 0 0 0 0 0 0 0 0 0 0 0 0 0 0 0 0 0 0 0 0 0 ',0,0,0,""),
(@ENTRY+79,37602,@vendeur_ah,@vendeur_ah,0,floor(rand()*5+5),0,'0 0 0 0 0 ',0,'0 0 0 0 0 0 0 0 0 0 0 0 0 0 0 0 0 0 0 0 0 0 0 0 0 0 0 0 0 0 0 0 0 0 0 0 0 0 0 0 0 0 ',0,0,0,""),
(@ENTRY+80,39151,@vendeur_ah,@vendeur_ah,0,floor(rand()*5+5),0,'0 0 0 0 0 ',0,'0 0 0 0 0 0 0 0 0 0 0 0 0 0 0 0 0 0 0 0 0 0 0 0 0 0 0 0 0 0 0 0 0 0 0 0 0 0 0 0 0 0 ',0,0,0,""),
(@ENTRY+81,39334,@vendeur_ah,@vendeur_ah,0,floor(rand()*5+5),0,'0 0 0 0 0 ',0,'0 0 0 0 0 0 0 0 0 0 0 0 0 0 0 0 0 0 0 0 0 0 0 0 0 0 0 0 0 0 0 0 0 0 0 0 0 0 0 0 0 0 ',0,0,0,""),
(@ENTRY+82,39338,@vendeur_ah,@vendeur_ah,0,floor(rand()*5+5),0,'0 0 0 0 0 ',0,'0 0 0 0 0 0 0 0 0 0 0 0 0 0 0 0 0 0 0 0 0 0 0 0 0 0 0 0 0 0 0 0 0 0 0 0 0 0 0 0 0 0 ',0,0,0,""),
(@ENTRY+83,39339,@vendeur_ah,@vendeur_ah,0,floor(rand()*5+5),0,'0 0 0 0 0 ',0,'0 0 0 0 0 0 0 0 0 0 0 0 0 0 0 0 0 0 0 0 0 0 0 0 0 0 0 0 0 0 0 0 0 0 0 0 0 0 0 0 0 0 ',0,0,0,""),
(@ENTRY+84,39340,@vendeur_ah,@vendeur_ah,0,floor(rand()*5+5),0,'0 0 0 0 0 ',0,'0 0 0 0 0 0 0 0 0 0 0 0 0 0 0 0 0 0 0 0 0 0 0 0 0 0 0 0 0 0 0 0 0 0 0 0 0 0 0 0 0 0 ',0,0,0,""),
(@ENTRY+85,39341,@vendeur_ah,@vendeur_ah,0,floor(rand()*5+5),0,'0 0 0 0 0 ',0,'0 0 0 0 0 0 0 0 0 0 0 0 0 0 0 0 0 0 0 0 0 0 0 0 0 0 0 0 0 0 0 0 0 0 0 0 0 0 0 0 0 0 ',0,0,0,""),
(@ENTRY+86,39342,@vendeur_ah,@vendeur_ah,0,floor(rand()*5+5),0,'0 0 0 0 0 ',0,'0 0 0 0 0 0 0 0 0 0 0 0 0 0 0 0 0 0 0 0 0 0 0 0 0 0 0 0 0 0 0 0 0 0 0 0 0 0 0 0 0 0 ',0,0,0,""),
(@ENTRY+87,39343,@vendeur_ah,@vendeur_ah,0,floor(rand()*5+5),0,'0 0 0 0 0 ',0,'0 0 0 0 0 0 0 0 0 0 0 0 0 0 0 0 0 0 0 0 0 0 0 0 0 0 0 0 0 0 0 0 0 0 0 0 0 0 0 0 0 0 ',0,0,0,""),
(@ENTRY+88,39349,@vendeur_ah,@vendeur_ah,0,floor(rand()*5+5),0,'0 0 0 0 0 ',0,'0 0 0 0 0 0 0 0 0 0 0 0 0 0 0 0 0 0 0 0 0 0 0 0 0 0 0 0 0 0 0 0 0 0 0 0 0 0 0 0 0 0 ',0,0,0,""),
(@ENTRY+89,39350,@vendeur_ah,@vendeur_ah,0,floor(rand()*5+5),0,'0 0 0 0 0 ',0,'0 0 0 0 0 0 0 0 0 0 0 0 0 0 0 0 0 0 0 0 0 0 0 0 0 0 0 0 0 0 0 0 0 0 0 0 0 0 0 0 0 0 ',0,0,0,""),
(@ENTRY+90,39354,@vendeur_ah,@vendeur_ah,0,floor(rand()*5+5),0,'0 0 0 0 0 ',0,'0 0 0 0 0 0 0 0 0 0 0 0 0 0 0 0 0 0 0 0 0 0 0 0 0 0 0 0 0 0 0 0 0 0 0 0 0 0 0 0 0 0 ',0,0,0,""),
(@ENTRY+91,39501,@vendeur_ah,@vendeur_ah,0,floor(rand()*5+5),0,'0 0 0 0 0 ',0,'0 0 0 0 0 0 0 0 0 0 0 0 0 0 0 0 0 0 0 0 0 0 0 0 0 0 0 0 0 0 0 0 0 0 0 0 0 0 0 0 0 0 ',0,0,0,""),
(@ENTRY+92,39502,@vendeur_ah,@vendeur_ah,0,floor(rand()*5+5),0,'0 0 0 0 0 ',0,'0 0 0 0 0 0 0 0 0 0 0 0 0 0 0 0 0 0 0 0 0 0 0 0 0 0 0 0 0 0 0 0 0 0 0 0 0 0 0 0 0 0 ',0,0,0,""),
(@ENTRY+93,39505,@vendeur_ah,@vendeur_ah,0,floor(rand()*5+5),0,'0 0 0 0 0 ',0,'0 0 0 0 0 0 0 0 0 0 0 0 0 0 0 0 0 0 0 0 0 0 0 0 0 0 0 0 0 0 0 0 0 0 0 0 0 0 0 0 0 0 ',0,0,0,""),
(@ENTRY+94,40195,@vendeur_ah,@vendeur_ah,0,floor(rand()*5+5),0,'0 0 0 0 0 ',0,'0 0 0 0 0 0 0 0 0 0 0 0 0 0 0 0 0 0 0 0 0 0 0 0 0 0 0 0 0 0 0 0 0 0 0 0 0 0 0 0 0 0 ',0,0,0,""),
(@ENTRY+95,40199,@vendeur_ah,@vendeur_ah,0,floor(rand()*5+5),0,'0 0 0 0 0 ',0,'0 0 0 0 0 0 0 0 0 0 0 0 0 0 0 0 0 0 0 0 0 0 0 0 0 0 0 0 0 0 0 0 0 0 0 0 0 0 0 0 0 0 ',0,0,0,""),
(@ENTRY+96,40411,@vendeur_ah,@vendeur_ah,0,floor(rand()*5+5),0,'0 0 0 0 0 ',0,'0 0 0 0 0 0 0 0 0 0 0 0 0 0 0 0 0 0 0 0 0 0 0 0 0 0 0 0 0 0 0 0 0 0 0 0 0 0 0 0 0 0 ',0,0,0,""),
(@ENTRY+97,42440,@vendeur_ah,@vendeur_ah,0,floor(rand()*5+5),0,'0 0 0 0 0 ',0,'0 0 0 0 0 0 0 0 0 0 0 0 0 0 0 0 0 0 0 0 0 0 0 0 0 0 0 0 0 0 0 0 0 0 0 0 0 0 0 0 0 0 ',0,0,0,""),
(@ENTRY+98,42953,@vendeur_ah,@vendeur_ah,0,floor(rand()*5+5),0,'0 0 0 0 0 ',0,'0 0 0 0 0 0 0 0 0 0 0 0 0 0 0 0 0 0 0 0 0 0 0 0 0 0 0 0 0 0 0 0 0 0 0 0 0 0 0 0 0 0 ',0,0,0,""),
(@ENTRY+99,43007,@vendeur_ah,@vendeur_ah,0,floor(rand()*5+5),0,'0 0 0 0 0 ',0,'0 0 0 0 0 0 0 0 0 0 0 0 0 0 0 0 0 0 0 0 0 0 0 0 0 0 0 0 0 0 0 0 0 0 0 0 0 0 0 0 0 0 ',0,0,0,""),
(@ENTRY+100,43102,@vendeur_ah,@vendeur_ah,0,floor(rand()*5+5),0,'0 0 0 0 0 ',0,'0 0 0 0 0 0 0 0 0 0 0 0 0 0 0 0 0 0 0 0 0 0 0 0 0 0 0 0 0 0 0 0 0 0 0 0 0 0 0 0 0 0 ',0,0,0,""),
(@ENTRY+101,43103,@vendeur_ah,@vendeur_ah,0,floor(rand()*5+5),0,'0 0 0 0 0 ',0,'0 0 0 0 0 0 0 0 0 0 0 0 0 0 0 0 0 0 0 0 0 0 0 0 0 0 0 0 0 0 0 0 0 0 0 0 0 0 0 0 0 0 ',0,0,0,""),
(@ENTRY+102,43104,@vendeur_ah,@vendeur_ah,0,floor(rand()*5+5),0,'0 0 0 0 0 ',0,'0 0 0 0 0 0 0 0 0 0 0 0 0 0 0 0 0 0 0 0 0 0 0 0 0 0 0 0 0 0 0 0 0 0 0 0 0 0 0 0 0 0 ',0,0,0,""),
(@ENTRY+103,43105,@vendeur_ah,@vendeur_ah,0,floor(rand()*5+5),0,'0 0 0 0 0 ',0,'0 0 0 0 0 0 0 0 0 0 0 0 0 0 0 0 0 0 0 0 0 0 0 0 0 0 0 0 0 0 0 0 0 0 0 0 0 0 0 0 0 0 ',0,0,0,""),
(@ENTRY+104,43106,@vendeur_ah,@vendeur_ah,0,floor(rand()*5+5),0,'0 0 0 0 0 ',0,'0 0 0 0 0 0 0 0 0 0 0 0 0 0 0 0 0 0 0 0 0 0 0 0 0 0 0 0 0 0 0 0 0 0 0 0 0 0 0 0 0 0 ',0,0,0,""),
(@ENTRY+105,43107,@vendeur_ah,@vendeur_ah,0,floor(rand()*5+5),0,'0 0 0 0 0 ',0,'0 0 0 0 0 0 0 0 0 0 0 0 0 0 0 0 0 0 0 0 0 0 0 0 0 0 0 0 0 0 0 0 0 0 0 0 0 0 0 0 0 0 ',0,0,0,""),
(@ENTRY+106,43108,@vendeur_ah,@vendeur_ah,0,floor(rand()*5+5),0,'0 0 0 0 0 ',0,'0 0 0 0 0 0 0 0 0 0 0 0 0 0 0 0 0 0 0 0 0 0 0 0 0 0 0 0 0 0 0 0 0 0 0 0 0 0 0 0 0 0 ',0,0,0,""),
(@ENTRY+107,43109,@vendeur_ah,@vendeur_ah,0,floor(rand()*5+5),0,'0 0 0 0 0 ',0,'0 0 0 0 0 0 0 0 0 0 0 0 0 0 0 0 0 0 0 0 0 0 0 0 0 0 0 0 0 0 0 0 0 0 0 0 0 0 0 0 0 0 ',0,0,0,""),
(@ENTRY+108,43145,@vendeur_ah,@vendeur_ah,0,floor(rand()*5+5),0,'0 0 0 0 0 ',0,'0 0 0 0 0 0 0 0 0 0 0 0 0 0 0 0 0 0 0 0 0 0 0 0 0 0 0 0 0 0 0 0 0 0 0 0 0 0 0 0 0 0 ',0,0,0,""),
(@ENTRY+109,43146,@vendeur_ah,@vendeur_ah,0,floor(rand()*5+5),0,'0 0 0 0 0 ',0,'0 0 0 0 0 0 0 0 0 0 0 0 0 0 0 0 0 0 0 0 0 0 0 0 0 0 0 0 0 0 0 0 0 0 0 0 0 0 0 0 0 0 ',0,0,0,""),
(@ENTRY+110,44142,@vendeur_ah,@vendeur_ah,0,floor(rand()*5+5),0,'0 0 0 0 0 ',0,'0 0 0 0 0 0 0 0 0 0 0 0 0 0 0 0 0 0 0 0 0 0 0 0 0 0 0 0 0 0 0 0 0 0 0 0 0 0 0 0 0 0 ',0,0,0,""),
(@ENTRY+111,44161,@vendeur_ah,@vendeur_ah,0,floor(rand()*5+5),0,'0 0 0 0 0 ',0,'0 0 0 0 0 0 0 0 0 0 0 0 0 0 0 0 0 0 0 0 0 0 0 0 0 0 0 0 0 0 0 0 0 0 0 0 0 0 0 0 0 0 ',0,0,0,""),
(@ENTRY+112,44163,@vendeur_ah,@vendeur_ah,0,floor(rand()*5+5),0,'0 0 0 0 0 ',0,'0 0 0 0 0 0 0 0 0 0 0 0 0 0 0 0 0 0 0 0 0 0 0 0 0 0 0 0 0 0 0 0 0 0 0 0 0 0 0 0 0 0 ',0,0,0,""),
(@ENTRY+113,44316,@vendeur_ah,@vendeur_ah,0,floor(rand()*5+5),0,'0 0 0 0 0 ',0,'0 0 0 0 0 0 0 0 0 0 0 0 0 0 0 0 0 0 0 0 0 0 0 0 0 0 0 0 0 0 0 0 0 0 0 0 0 0 0 0 0 0 ',0,0,0,""),
(@ENTRY+114,44317,@vendeur_ah,@vendeur_ah,0,floor(rand()*5+5),0,'0 0 0 0 0 ',0,'0 0 0 0 0 0 0 0 0 0 0 0 0 0 0 0 0 0 0 0 0 0 0 0 0 0 0 0 0 0 0 0 0 0 0 0 0 0 0 0 0 0 ',0,0,0,""),
(@ENTRY+115,44318,@vendeur_ah,@vendeur_ah,0,floor(rand()*5+5),0,'0 0 0 0 0 ',0,'0 0 0 0 0 0 0 0 0 0 0 0 0 0 0 0 0 0 0 0 0 0 0 0 0 0 0 0 0 0 0 0 0 0 0 0 0 0 0 0 0 0 ',0,0,0,""),
(@ENTRY+116,44475,@vendeur_ah,@vendeur_ah,0,floor(rand()*5+5),0,'0 0 0 0 0 ',0,'0 0 0 0 0 0 0 0 0 0 0 0 0 0 0 0 0 0 0 0 0 0 0 0 0 0 0 0 0 0 0 0 0 0 0 0 0 0 0 0 0 0 ',0,0,0,""),
(@ENTRY+117,44700,@vendeur_ah,@vendeur_ah,0,floor(rand()*5+5),0,'0 0 0 0 0 ',0,'0 0 0 0 0 0 0 0 0 0 0 0 0 0 0 0 0 0 0 0 0 0 0 0 0 0 0 0 0 0 0 0 0 0 0 0 0 0 0 0 0 0 ',0,0,0,""),
(@ENTRY+118,44835,@vendeur_ah,@vendeur_ah,0,floor(rand()*5+5),0,'0 0 0 0 0 ',0,'0 0 0 0 0 0 0 0 0 0 0 0 0 0 0 0 0 0 0 0 0 0 0 0 0 0 0 0 0 0 0 0 0 0 0 0 0 0 0 0 0 0 ',0,0,0,""),
(@ENTRY+119,44853,@vendeur_ah,@vendeur_ah,0,floor(rand()*5+5),0,'0 0 0 0 0 ',0,'0 0 0 0 0 0 0 0 0 0 0 0 0 0 0 0 0 0 0 0 0 0 0 0 0 0 0 0 0 0 0 0 0 0 0 0 0 0 0 0 0 0 ',0,0,0,""),
(@ENTRY+120,44958,@vendeur_ah,@vendeur_ah,0,floor(rand()*5+5),0,'0 0 0 0 0 ',0,'0 0 0 0 0 0 0 0 0 0 0 0 0 0 0 0 0 0 0 0 0 0 0 0 0 0 0 0 0 0 0 0 0 0 0 0 0 0 0 0 0 0 ',0,0,0,""),
(@ENTRY+121,45087,@vendeur_ah,@vendeur_ah,0,floor(rand()*5+5),0,'0 0 0 0 0 ',0,'0 0 0 0 0 0 0 0 0 0 0 0 0 0 0 0 0 0 0 0 0 0 0 0 0 0 0 0 0 0 0 0 0 0 0 0 0 0 0 0 0 0 ',0,0,0,""),
(@ENTRY+122,45909,@vendeur_ah,@vendeur_ah,0,floor(rand()*5+5),0,'0 0 0 0 0 ',0,'0 0 0 0 0 0 0 0 0 0 0 0 0 0 0 0 0 0 0 0 0 0 0 0 0 0 0 0 0 0 0 0 0 0 0 0 0 0 0 0 0 0 ',0,0,0,""),
(@ENTRY+123,46888,@vendeur_ah,@vendeur_ah,0,floor(rand()*5+5),0,'0 0 0 0 0 ',0,'0 0 0 0 0 0 0 0 0 0 0 0 0 0 0 0 0 0 0 0 0 0 0 0 0 0 0 0 0 0 0 0 0 0 0 0 0 0 0 0 0 0 ',0,0,0,""),
(@ENTRY+124,47556,@vendeur_ah,@vendeur_ah,0,floor(rand()*5+5),0,'0 0 0 0 0 ',0,'0 0 0 0 0 0 0 0 0 0 0 0 0 0 0 0 0 0 0 0 0 0 0 0 0 0 0 0 0 0 0 0 0 0 0 0 0 0 0 0 0 0 ',0,0,0,""),
(@ENTRY+125,49908,@vendeur_ah,@vendeur_ah,0,floor(rand()*5+5),0,'0 0 0 0 0 ',0,'0 0 0 0 0 0 0 0 0 0 0 0 0 0 0 0 0 0 0 0 0 0 0 0 0 0 0 0 0 0 0 0 0 0 0 0 0 0 0 0 0 0 ',0,0,0,""),
(@ENTRY+126,52078,@vendeur_ah,@vendeur_ah,0,floor(rand()*5+5),0,'0 0 0 0 0 ',0,'0 0 0 0 0 0 0 0 0 0 0 0 0 0 0 0 0 0 0 0 0 0 0 0 0 0 0 0 0 0 0 0 0 0 0 0 0 0 0 0 0 0 ',0,0,0,""),
(@ENTRY+127,52197,@vendeur_ah,@vendeur_ah,0,floor(rand()*5+5),0,'0 0 0 0 0 ',0,'0 0 0 0 0 0 0 0 0 0 0 0 0 0 0 0 0 0 0 0 0 0 0 0 0 0 0 0 0 0 0 0 0 0 0 0 0 0 0 0 0 0 ',0,0,0,""),
(@ENTRY+128,52304,@vendeur_ah,@vendeur_ah,0,floor(rand()*5+5),0,'0 0 0 0 0 ',0,'0 0 0 0 0 0 0 0 0 0 0 0 0 0 0 0 0 0 0 0 0 0 0 0 0 0 0 0 0 0 0 0 0 0 0 0 0 0 0 0 0 0 ',0,0,0,""),
(@ENTRY+129,52340,@vendeur_ah,@vendeur_ah,0,floor(rand()*5+5),0,'0 0 0 0 0 ',0,'0 0 0 0 0 0 0 0 0 0 0 0 0 0 0 0 0 0 0 0 0 0 0 0 0 0 0 0 0 0 0 0 0 0 0 0 0 0 0 0 0 0 ',0,0,0,""),
(@ENTRY+130,52577,@vendeur_ah,@vendeur_ah,0,floor(rand()*5+5),0,'0 0 0 0 0 ',0,'0 0 0 0 0 0 0 0 0 0 0 0 0 0 0 0 0 0 0 0 0 0 0 0 0 0 0 0 0 0 0 0 0 0 0 0 0 0 0 0 0 0 ',0,0,0,""),
(@ENTRY+131,56850,@vendeur_ah,@vendeur_ah,0,floor(rand()*5+5),0,'0 0 0 0 0 ',0,'0 0 0 0 0 0 0 0 0 0 0 0 0 0 0 0 0 0 0 0 0 0 0 0 0 0 0 0 0 0 0 0 0 0 0 0 0 0 0 0 0 0 ',0,0,0,""),
(@ENTRY+132,60740,@vendeur_ah,@vendeur_ah,0,floor(rand()*5+5),0,'0 0 0 0 0 ',0,'0 0 0 0 0 0 0 0 0 0 0 0 0 0 0 0 0 0 0 0 0 0 0 0 0 0 0 0 0 0 0 0 0 0 0 0 0 0 0 0 0 0 ',0,0,0,""),
(@ENTRY+133,60838,@vendeur_ah,@vendeur_ah,0,floor(rand()*5+5),0,'0 0 0 0 0 ',0,'0 0 0 0 0 0 0 0 0 0 0 0 0 0 0 0 0 0 0 0 0 0 0 0 0 0 0 0 0 0 0 0 0 0 0 0 0 0 0 0 0 0 ',0,0,0,""),
(@ENTRY+134,60839,@vendeur_ah,@vendeur_ah,0,floor(rand()*5+5),0,'0 0 0 0 0 ',0,'0 0 0 0 0 0 0 0 0 0 0 0 0 0 0 0 0 0 0 0 0 0 0 0 0 0 0 0 0 0 0 0 0 0 0 0 0 0 0 0 0 0 ',0,0,0,""),
(@ENTRY+135,60840,@vendeur_ah,@vendeur_ah,0,floor(rand()*5+5),0,'0 0 0 0 0 ',0,'0 0 0 0 0 0 0 0 0 0 0 0 0 0 0 0 0 0 0 0 0 0 0 0 0 0 0 0 0 0 0 0 0 0 0 0 0 0 0 0 0 0 ',0,0,0,""),
(@ENTRY+136,60841,@vendeur_ah,@vendeur_ah,0,floor(rand()*5+5),0,'0 0 0 0 0 ',0,'0 0 0 0 0 0 0 0 0 0 0 0 0 0 0 0 0 0 0 0 0 0 0 0 0 0 0 0 0 0 0 0 0 0 0 0 0 0 0 0 0 0 ',0,0,0,""),
(@ENTRY+137,60842,@vendeur_ah,@vendeur_ah,0,floor(rand()*5+5),0,'0 0 0 0 0 ',0,'0 0 0 0 0 0 0 0 0 0 0 0 0 0 0 0 0 0 0 0 0 0 0 0 0 0 0 0 0 0 0 0 0 0 0 0 0 0 0 0 0 0 ',0,0,0,""),
(@ENTRY+138,60843,@vendeur_ah,@vendeur_ah,0,floor(rand()*5+5),0,'0 0 0 0 0 ',0,'0 0 0 0 0 0 0 0 0 0 0 0 0 0 0 0 0 0 0 0 0 0 0 0 0 0 0 0 0 0 0 0 0 0 0 0 0 0 0 0 0 0 ',0,0,0,""),
(@ENTRY+139,60844,@vendeur_ah,@vendeur_ah,0,floor(rand()*5+5),0,'0 0 0 0 0 ',0,'0 0 0 0 0 0 0 0 0 0 0 0 0 0 0 0 0 0 0 0 0 0 0 0 0 0 0 0 0 0 0 0 0 0 0 0 0 0 0 0 0 0 ',0,0,0,""),
(@ENTRY+140,60845,@vendeur_ah,@vendeur_ah,0,floor(rand()*5+5),0,'0 0 0 0 0 ',0,'0 0 0 0 0 0 0 0 0 0 0 0 0 0 0 0 0 0 0 0 0 0 0 0 0 0 0 0 0 0 0 0 0 0 0 0 0 0 0 0 0 0 ',0,0,0,""),
(@ENTRY+141,61979,@vendeur_ah,@vendeur_ah,0,floor(rand()*5+5),0,'0 0 0 0 0 ',0,'0 0 0 0 0 0 0 0 0 0 0 0 0 0 0 0 0 0 0 0 0 0 0 0 0 0 0 0 0 0 0 0 0 0 0 0 0 0 0 0 0 0 ',0,0,0,""),
(@ENTRY+142,61980,@vendeur_ah,@vendeur_ah,0,floor(rand()*5+5),0,'0 0 0 0 0 ',0,'0 0 0 0 0 0 0 0 0 0 0 0 0 0 0 0 0 0 0 0 0 0 0 0 0 0 0 0 0 0 0 0 0 0 0 0 0 0 0 0 0 0 ',0,0,0,""),
(@ENTRY+143,61987,@vendeur_ah,@vendeur_ah,0,floor(rand()*5+5),0,'0 0 0 0 0 ',0,'0 0 0 0 0 0 0 0 0 0 0 0 0 0 0 0 0 0 0 0 0 0 0 0 0 0 0 0 0 0 0 0 0 0 0 0 0 0 0 0 0 0 ',0,0,0,""),
(@ENTRY+144,62246,@vendeur_ah,@vendeur_ah,0,floor(rand()*5+5),0,'0 0 0 0 0 ',0,'0 0 0 0 0 0 0 0 0 0 0 0 0 0 0 0 0 0 0 0 0 0 0 0 0 0 0 0 0 0 0 0 0 0 0 0 0 0 0 0 0 0 ',0,0,0,""),
(@ENTRY+145,62247,@vendeur_ah,@vendeur_ah,0,floor(rand()*5+5),0,'0 0 0 0 0 ',0,'0 0 0 0 0 0 0 0 0 0 0 0 0 0 0 0 0 0 0 0 0 0 0 0 0 0 0 0 0 0 0 0 0 0 0 0 0 0 0 0 0 0 ',0,0,0,""),
(@ENTRY+146,62552,@vendeur_ah,@vendeur_ah,0,floor(rand()*5+5),0,'0 0 0 0 0 ',0,'0 0 0 0 0 0 0 0 0 0 0 0 0 0 0 0 0 0 0 0 0 0 0 0 0 0 0 0 0 0 0 0 0 0 0 0 0 0 0 0 0 0 ',0,0,0,""),
(@ENTRY+147,62553,@vendeur_ah,@vendeur_ah,0,floor(rand()*5+5),0,'0 0 0 0 0 ',0,'0 0 0 0 0 0 0 0 0 0 0 0 0 0 0 0 0 0 0 0 0 0 0 0 0 0 0 0 0 0 0 0 0 0 0 0 0 0 0 0 0 0 ',0,0,0,""),
(@ENTRY+148,62554,@vendeur_ah,@vendeur_ah,0,floor(rand()*5+5),0,'0 0 0 0 0 ',0,'0 0 0 0 0 0 0 0 0 0 0 0 0 0 0 0 0 0 0 0 0 0 0 0 0 0 0 0 0 0 0 0 0 0 0 0 0 0 0 0 0 0 ',0,0,0,""),
(@ENTRY+149,62555,@vendeur_ah,@vendeur_ah,0,floor(rand()*5+5),0,'0 0 0 0 0 ',0,'0 0 0 0 0 0 0 0 0 0 0 0 0 0 0 0 0 0 0 0 0 0 0 0 0 0 0 0 0 0 0 0 0 0 0 0 0 0 0 0 0 0 ',0,0,0,""),
(@ENTRY+150,62556,@vendeur_ah,@vendeur_ah,0,floor(rand()*5+5),0,'0 0 0 0 0 ',0,'0 0 0 0 0 0 0 0 0 0 0 0 0 0 0 0 0 0 0 0 0 0 0 0 0 0 0 0 0 0 0 0 0 0 0 0 0 0 0 0 0 0 ',0,0,0,""),
(@ENTRY+151,62557,@vendeur_ah,@vendeur_ah,0,floor(rand()*5+5),0,'0 0 0 0 0 ',0,'0 0 0 0 0 0 0 0 0 0 0 0 0 0 0 0 0 0 0 0 0 0 0 0 0 0 0 0 0 0 0 0 0 0 0 0 0 0 0 0 0 0 ',0,0,0,""),
(@ENTRY+152,62558,@vendeur_ah,@vendeur_ah,0,floor(rand()*5+5),0,'0 0 0 0 0 ',0,'0 0 0 0 0 0 0 0 0 0 0 0 0 0 0 0 0 0 0 0 0 0 0 0 0 0 0 0 0 0 0 0 0 0 0 0 0 0 0 0 0 0 ',0,0,0,""),
(@ENTRY+153,62559,@vendeur_ah,@vendeur_ah,0,floor(rand()*5+5),0,'0 0 0 0 0 ',0,'0 0 0 0 0 0 0 0 0 0 0 0 0 0 0 0 0 0 0 0 0 0 0 0 0 0 0 0 0 0 0 0 0 0 0 0 0 0 0 0 0 0 ',0,0,0,""),
(@ENTRY+154,62560,@vendeur_ah,@vendeur_ah,0,floor(rand()*5+5),0,'0 0 0 0 0 ',0,'0 0 0 0 0 0 0 0 0 0 0 0 0 0 0 0 0 0 0 0 0 0 0 0 0 0 0 0 0 0 0 0 0 0 0 0 0 0 0 0 0 0 ',0,0,0,""),
(@ENTRY+155,62561,@vendeur_ah,@vendeur_ah,0,floor(rand()*5+5),0,'0 0 0 0 0 ',0,'0 0 0 0 0 0 0 0 0 0 0 0 0 0 0 0 0 0 0 0 0 0 0 0 0 0 0 0 0 0 0 0 0 0 0 0 0 0 0 0 0 0 ',0,0,0,""),
(@ENTRY+156,62562,@vendeur_ah,@vendeur_ah,0,floor(rand()*5+5),0,'0 0 0 0 0 ',0,'0 0 0 0 0 0 0 0 0 0 0 0 0 0 0 0 0 0 0 0 0 0 0 0 0 0 0 0 0 0 0 0 0 0 0 0 0 0 0 0 0 0 ',0,0,0,""),
(@ENTRY+157,62563,@vendeur_ah,@vendeur_ah,0,floor(rand()*5+5),0,'0 0 0 0 0 ',0,'0 0 0 0 0 0 0 0 0 0 0 0 0 0 0 0 0 0 0 0 0 0 0 0 0 0 0 0 0 0 0 0 0 0 0 0 0 0 0 0 0 0 ',0,0,0,""),
(@ENTRY+158,62564,@vendeur_ah,@vendeur_ah,0,floor(rand()*5+5),0,'0 0 0 0 0 ',0,'0 0 0 0 0 0 0 0 0 0 0 0 0 0 0 0 0 0 0 0 0 0 0 0 0 0 0 0 0 0 0 0 0 0 0 0 0 0 0 0 0 0 ',0,0,0,""),
(@ENTRY+159,62565,@vendeur_ah,@vendeur_ah,0,floor(rand()*5+5),0,'0 0 0 0 0 ',0,'0 0 0 0 0 0 0 0 0 0 0 0 0 0 0 0 0 0 0 0 0 0 0 0 0 0 0 0 0 0 0 0 0 0 0 0 0 0 0 0 0 0 ',0,0,0,""),
(@ENTRY+160,62566,@vendeur_ah,@vendeur_ah,0,floor(rand()*5+5),0,'0 0 0 0 0 ',0,'0 0 0 0 0 0 0 0 0 0 0 0 0 0 0 0 0 0 0 0 0 0 0 0 0 0 0 0 0 0 0 0 0 0 0 0 0 0 0 0 0 0 ',0,0,0,""),
(@ENTRY+161,62567,@vendeur_ah,@vendeur_ah,0,floor(rand()*5+5),0,'0 0 0 0 0 ',0,'0 0 0 0 0 0 0 0 0 0 0 0 0 0 0 0 0 0 0 0 0 0 0 0 0 0 0 0 0 0 0 0 0 0 0 0 0 0 0 0 0 0 ',0,0,0,""),
(@ENTRY+162,62568,@vendeur_ah,@vendeur_ah,0,floor(rand()*5+5),0,'0 0 0 0 0 ',0,'0 0 0 0 0 0 0 0 0 0 0 0 0 0 0 0 0 0 0 0 0 0 0 0 0 0 0 0 0 0 0 0 0 0 0 0 0 0 0 0 0 0 ',0,0,0,""),
(@ENTRY+163,62569,@vendeur_ah,@vendeur_ah,0,floor(rand()*5+5),0,'0 0 0 0 0 ',0,'0 0 0 0 0 0 0 0 0 0 0 0 0 0 0 0 0 0 0 0 0 0 0 0 0 0 0 0 0 0 0 0 0 0 0 0 0 0 0 0 0 0 ',0,0,0,""),
(@ENTRY+164,62570,@vendeur_ah,@vendeur_ah,0,floor(rand()*5+5),0,'0 0 0 0 0 ',0,'0 0 0 0 0 0 0 0 0 0 0 0 0 0 0 0 0 0 0 0 0 0 0 0 0 0 0 0 0 0 0 0 0 0 0 0 0 0 0 0 0 0 ',0,0,0,""),
(@ENTRY+165,62571,@vendeur_ah,@vendeur_ah,0,floor(rand()*5+5),0,'0 0 0 0 0 ',0,'0 0 0 0 0 0 0 0 0 0 0 0 0 0 0 0 0 0 0 0 0 0 0 0 0 0 0 0 0 0 0 0 0 0 0 0 0 0 0 0 0 0 ',0,0,0,""),
(@ENTRY+166,62572,@vendeur_ah,@vendeur_ah,0,floor(rand()*5+5),0,'0 0 0 0 0 ',0,'0 0 0 0 0 0 0 0 0 0 0 0 0 0 0 0 0 0 0 0 0 0 0 0 0 0 0 0 0 0 0 0 0 0 0 0 0 0 0 0 0 0 ',0,0,0,""),
(@ENTRY+167,62573,@vendeur_ah,@vendeur_ah,0,floor(rand()*5+5),0,'0 0 0 0 0 ',0,'0 0 0 0 0 0 0 0 0 0 0 0 0 0 0 0 0 0 0 0 0 0 0 0 0 0 0 0 0 0 0 0 0 0 0 0 0 0 0 0 0 0 ',0,0,0,""),
(@ENTRY+168,62574,@vendeur_ah,@vendeur_ah,0,floor(rand()*5+5),0,'0 0 0 0 0 ',0,'0 0 0 0 0 0 0 0 0 0 0 0 0 0 0 0 0 0 0 0 0 0 0 0 0 0 0 0 0 0 0 0 0 0 0 0 0 0 0 0 0 0 ',0,0,0,""),
(@ENTRY+169,62575,@vendeur_ah,@vendeur_ah,0,floor(rand()*5+5),0,'0 0 0 0 0 ',0,'0 0 0 0 0 0 0 0 0 0 0 0 0 0 0 0 0 0 0 0 0 0 0 0 0 0 0 0 0 0 0 0 0 0 0 0 0 0 0 0 0 0 ',0,0,0,""),
(@ENTRY+170,62576,@vendeur_ah,@vendeur_ah,0,floor(rand()*5+5),0,'0 0 0 0 0 ',0,'0 0 0 0 0 0 0 0 0 0 0 0 0 0 0 0 0 0 0 0 0 0 0 0 0 0 0 0 0 0 0 0 0 0 0 0 0 0 0 0 0 0 ',0,0,0,""),
(@ENTRY+171,62577,@vendeur_ah,@vendeur_ah,0,floor(rand()*5+5),0,'0 0 0 0 0 ',0,'0 0 0 0 0 0 0 0 0 0 0 0 0 0 0 0 0 0 0 0 0 0 0 0 0 0 0 0 0 0 0 0 0 0 0 0 0 0 0 0 0 0 ',0,0,0,""),
(@ENTRY+172,62578,@vendeur_ah,@vendeur_ah,0,floor(rand()*5+5),0,'0 0 0 0 0 ',0,'0 0 0 0 0 0 0 0 0 0 0 0 0 0 0 0 0 0 0 0 0 0 0 0 0 0 0 0 0 0 0 0 0 0 0 0 0 0 0 0 0 0 ',0,0,0,""),
(@ENTRY+173,62579,@vendeur_ah,@vendeur_ah,0,floor(rand()*5+5),0,'0 0 0 0 0 ',0,'0 0 0 0 0 0 0 0 0 0 0 0 0 0 0 0 0 0 0 0 0 0 0 0 0 0 0 0 0 0 0 0 0 0 0 0 0 0 0 0 0 0 ',0,0,0,""),
(@ENTRY+174,62580,@vendeur_ah,@vendeur_ah,0,floor(rand()*5+5),0,'0 0 0 0 0 ',0,'0 0 0 0 0 0 0 0 0 0 0 0 0 0 0 0 0 0 0 0 0 0 0 0 0 0 0 0 0 0 0 0 0 0 0 0 0 0 0 0 0 0 ',0,0,0,""),
(@ENTRY+175,62581,@vendeur_ah,@vendeur_ah,0,floor(rand()*5+5),0,'0 0 0 0 0 ',0,'0 0 0 0 0 0 0 0 0 0 0 0 0 0 0 0 0 0 0 0 0 0 0 0 0 0 0 0 0 0 0 0 0 0 0 0 0 0 0 0 0 0 ',0,0,0,""),
(@ENTRY+176,62582,@vendeur_ah,@vendeur_ah,0,floor(rand()*5+5),0,'0 0 0 0 0 ',0,'0 0 0 0 0 0 0 0 0 0 0 0 0 0 0 0 0 0 0 0 0 0 0 0 0 0 0 0 0 0 0 0 0 0 0 0 0 0 0 0 0 0 ',0,0,0,""),
(@ENTRY+177,62583,@vendeur_ah,@vendeur_ah,0,floor(rand()*5+5),0,'0 0 0 0 0 ',0,'0 0 0 0 0 0 0 0 0 0 0 0 0 0 0 0 0 0 0 0 0 0 0 0 0 0 0 0 0 0 0 0 0 0 0 0 0 0 0 0 0 0 ',0,0,0,""),
(@ENTRY+178,62584,@vendeur_ah,@vendeur_ah,0,floor(rand()*5+5),0,'0 0 0 0 0 ',0,'0 0 0 0 0 0 0 0 0 0 0 0 0 0 0 0 0 0 0 0 0 0 0 0 0 0 0 0 0 0 0 0 0 0 0 0 0 0 0 0 0 0 ',0,0,0,""),
(@ENTRY+179,62585,@vendeur_ah,@vendeur_ah,0,floor(rand()*5+5),0,'0 0 0 0 0 ',0,'0 0 0 0 0 0 0 0 0 0 0 0 0 0 0 0 0 0 0 0 0 0 0 0 0 0 0 0 0 0 0 0 0 0 0 0 0 0 0 0 0 0 ',0,0,0,""),
(@ENTRY+180,62586,@vendeur_ah,@vendeur_ah,0,floor(rand()*5+5),0,'0 0 0 0 0 ',0,'0 0 0 0 0 0 0 0 0 0 0 0 0 0 0 0 0 0 0 0 0 0 0 0 0 0 0 0 0 0 0 0 0 0 0 0 0 0 0 0 0 0 ',0,0,0,""),
(@ENTRY+181,62587,@vendeur_ah,@vendeur_ah,0,floor(rand()*5+5),0,'0 0 0 0 0 ',0,'0 0 0 0 0 0 0 0 0 0 0 0 0 0 0 0 0 0 0 0 0 0 0 0 0 0 0 0 0 0 0 0 0 0 0 0 0 0 0 0 0 0 ',0,0,0,""),
(@ENTRY+182,62588,@vendeur_ah,@vendeur_ah,0,floor(rand()*5+5),0,'0 0 0 0 0 ',0,'0 0 0 0 0 0 0 0 0 0 0 0 0 0 0 0 0 0 0 0 0 0 0 0 0 0 0 0 0 0 0 0 0 0 0 0 0 0 0 0 0 0 ',0,0,0,""),
(@ENTRY+183,62589,@vendeur_ah,@vendeur_ah,0,floor(rand()*5+5),0,'0 0 0 0 0 ',0,'0 0 0 0 0 0 0 0 0 0 0 0 0 0 0 0 0 0 0 0 0 0 0 0 0 0 0 0 0 0 0 0 0 0 0 0 0 0 0 0 0 0 ',0,0,0,""),
(@ENTRY+184,62590,@vendeur_ah,@vendeur_ah,0,floor(rand()*5+5),0,'0 0 0 0 0 ',0,'0 0 0 0 0 0 0 0 0 0 0 0 0 0 0 0 0 0 0 0 0 0 0 0 0 0 0 0 0 0 0 0 0 0 0 0 0 0 0 0 0 0 ',0,0,0,""),
(@ENTRY+185,62591,@vendeur_ah,@vendeur_ah,0,floor(rand()*5+5),0,'0 0 0 0 0 ',0,'0 0 0 0 0 0 0 0 0 0 0 0 0 0 0 0 0 0 0 0 0 0 0 0 0 0 0 0 0 0 0 0 0 0 0 0 0 0 0 0 0 0 ',0,0,0,""),
(@ENTRY+186,62598,@vendeur_ah,@vendeur_ah,0,floor(rand()*5+5),0,'0 0 0 0 0 ',0,'0 0 0 0 0 0 0 0 0 0 0 0 0 0 0 0 0 0 0 0 0 0 0 0 0 0 0 0 0 0 0 0 0 0 0 0 0 0 0 0 0 0 ',0,0,0,""),
(@ENTRY+187,62599,@vendeur_ah,@vendeur_ah,0,floor(rand()*5+5),0,'0 0 0 0 0 ',0,'0 0 0 0 0 0 0 0 0 0 0 0 0 0 0 0 0 0 0 0 0 0 0 0 0 0 0 0 0 0 0 0 0 0 0 0 0 0 0 0 0 0 ',0,0,0,""),
(@ENTRY+188,62600,@vendeur_ah,@vendeur_ah,0,floor(rand()*5+5),0,'0 0 0 0 0 ',0,'0 0 0 0 0 0 0 0 0 0 0 0 0 0 0 0 0 0 0 0 0 0 0 0 0 0 0 0 0 0 0 0 0 0 0 0 0 0 0 0 0 0 ',0,0,0,""),
(@ENTRY+189,62601,@vendeur_ah,@vendeur_ah,0,floor(rand()*5+5),0,'0 0 0 0 0 ',0,'0 0 0 0 0 0 0 0 0 0 0 0 0 0 0 0 0 0 0 0 0 0 0 0 0 0 0 0 0 0 0 0 0 0 0 0 0 0 0 0 0 0 ',0,0,0,""),
(@ENTRY+190,62602,@vendeur_ah,@vendeur_ah,0,floor(rand()*5+5),0,'0 0 0 0 0 ',0,'0 0 0 0 0 0 0 0 0 0 0 0 0 0 0 0 0 0 0 0 0 0 0 0 0 0 0 0 0 0 0 0 0 0 0 0 0 0 0 0 0 0 ',0,0,0,""),
(@ENTRY+191,62603,@vendeur_ah,@vendeur_ah,0,floor(rand()*5+5),0,'0 0 0 0 0 ',0,'0 0 0 0 0 0 0 0 0 0 0 0 0 0 0 0 0 0 0 0 0 0 0 0 0 0 0 0 0 0 0 0 0 0 0 0 0 0 0 0 0 0 ',0,0,0,""),
(@ENTRY+192,62604,@vendeur_ah,@vendeur_ah,0,floor(rand()*5+5),0,'0 0 0 0 0 ',0,'0 0 0 0 0 0 0 0 0 0 0 0 0 0 0 0 0 0 0 0 0 0 0 0 0 0 0 0 0 0 0 0 0 0 0 0 0 0 0 0 0 0 ',0,0,0,""),
(@ENTRY+193,62605,@vendeur_ah,@vendeur_ah,0,floor(rand()*5+5),0,'0 0 0 0 0 ',0,'0 0 0 0 0 0 0 0 0 0 0 0 0 0 0 0 0 0 0 0 0 0 0 0 0 0 0 0 0 0 0 0 0 0 0 0 0 0 0 0 0 0 ',0,0,0,""),
(@ENTRY+194,62606,@vendeur_ah,@vendeur_ah,0,floor(rand()*5+5),0,'0 0 0 0 0 ',0,'0 0 0 0 0 0 0 0 0 0 0 0 0 0 0 0 0 0 0 0 0 0 0 0 0 0 0 0 0 0 0 0 0 0 0 0 0 0 0 0 0 0 ',0,0,0,""),
(@ENTRY+195,62786,@vendeur_ah,@vendeur_ah,0,floor(rand()*5+5),0,'0 0 0 0 0 ',0,'0 0 0 0 0 0 0 0 0 0 0 0 0 0 0 0 0 0 0 0 0 0 0 0 0 0 0 0 0 0 0 0 0 0 0 0 0 0 0 0 0 0 ',0,0,0,""),
(@ENTRY+196,62787,@vendeur_ah,@vendeur_ah,0,floor(rand()*5+5),0,'0 0 0 0 0 ',0,'0 0 0 0 0 0 0 0 0 0 0 0 0 0 0 0 0 0 0 0 0 0 0 0 0 0 0 0 0 0 0 0 0 0 0 0 0 0 0 0 0 0 ',0,0,0,""),
(@ENTRY+197,62788,@vendeur_ah,@vendeur_ah,0,floor(rand()*5+5),0,'0 0 0 0 0 ',0,'0 0 0 0 0 0 0 0 0 0 0 0 0 0 0 0 0 0 0 0 0 0 0 0 0 0 0 0 0 0 0 0 0 0 0 0 0 0 0 0 0 0 ',0,0,0,""),
(@ENTRY+198,65513,@vendeur_ah,@vendeur_ah,0,floor(rand()*5+5),0,'0 0 0 0 0 ',0,'0 0 0 0 0 0 0 0 0 0 0 0 0 0 0 0 0 0 0 0 0 0 0 0 0 0 0 0 0 0 0 0 0 0 0 0 0 0 0 0 0 0 ',0,0,0,""),
(@ENTRY+199,65892,@vendeur_ah,@vendeur_ah,0,floor(rand()*5+5),0,'0 0 0 0 0 ',0,'0 0 0 0 0 0 0 0 0 0 0 0 0 0 0 0 0 0 0 0 0 0 0 0 0 0 0 0 0 0 0 0 0 0 0 0 0 0 0 0 0 0 ',0,0,0,""),
(@ENTRY+200,65893,@vendeur_ah,@vendeur_ah,0,floor(rand()*5+5),0,'0 0 0 0 0 ',0,'0 0 0 0 0 0 0 0 0 0 0 0 0 0 0 0 0 0 0 0 0 0 0 0 0 0 0 0 0 0 0 0 0 0 0 0 0 0 0 0 0 0 ',0,0,0,""),
(@ENTRY+201,65894,@vendeur_ah,@vendeur_ah,0,floor(rand()*5+5),0,'0 0 0 0 0 ',0,'0 0 0 0 0 0 0 0 0 0 0 0 0 0 0 0 0 0 0 0 0 0 0 0 0 0 0 0 0 0 0 0 0 0 0 0 0 0 0 0 0 0 ',0,0,0,""),
(@ENTRY+202,65895,@vendeur_ah,@vendeur_ah,0,floor(rand()*5+5),0,'0 0 0 0 0 ',0,'0 0 0 0 0 0 0 0 0 0 0 0 0 0 0 0 0 0 0 0 0 0 0 0 0 0 0 0 0 0 0 0 0 0 0 0 0 0 0 0 0 0 ',0,0,0,""),
(@ENTRY+203,65896,@vendeur_ah,@vendeur_ah,0,floor(rand()*5+5),0,'0 0 0 0 0 ',0,'0 0 0 0 0 0 0 0 0 0 0 0 0 0 0 0 0 0 0 0 0 0 0 0 0 0 0 0 0 0 0 0 0 0 0 0 0 0 0 0 0 0 ',0,0,0,""),
(@ENTRY+204,65897,@vendeur_ah,@vendeur_ah,0,floor(rand()*5+5),0,'0 0 0 0 0 ',0,'0 0 0 0 0 0 0 0 0 0 0 0 0 0 0 0 0 0 0 0 0 0 0 0 0 0 0 0 0 0 0 0 0 0 0 0 0 0 0 0 0 0 ',0,0,0,""),
(@ENTRY+205,34647,@vendeur_ah,@vendeur_ah,0,floor(rand()*5+5),0,'0 0 0 0 0 ',0,'0 0 0 0 0 0 0 0 0 0 0 0 0 0 0 0 0 0 0 0 0 0 0 0 0 0 0 0 0 0 0 0 0 0 0 0 0 0 0 0 0 0 ',0,0,0,""),
(@ENTRY+206,68689,@vendeur_ah,@vendeur_ah,0,floor(rand()*5+5),0,'0 0 0 0 0 ',0,'0 0 0 0 0 0 0 0 0 0 0 0 0 0 0 0 0 0 0 0 0 0 0 0 0 0 0 0 0 0 0 0 0 0 0 0 0 0 0 0 0 0 ',0,0,0,"");






INSERT INTO `auctionhouse`  (id,auctioneerguid,itemguid,itemowner,buyoutprice,time,buyguid,lastbid,startbid,deposit)
VALUES (@newENTRY+1,@faction_ah,@ENTRY+1,@vendeur_ah,1386, UNIX_TIMESTAMP( ADDDATE(now(), INTERVAL floor(24+24*rand()) HOUR)) ,0,0,1386,140),
(@newENTRY+2,@faction_ah,@ENTRY+2,@vendeur_ah,194, UNIX_TIMESTAMP( ADDDATE(now(), INTERVAL floor(24+24*rand()) HOUR)) ,0,0,194,20),
(@newENTRY+3,@faction_ah,@ENTRY+3,@vendeur_ah,113, UNIX_TIMESTAMP( ADDDATE(now(), INTERVAL floor(24+24*rand()) HOUR)) ,0,0,113,12),
(@newENTRY+4,@faction_ah,@ENTRY+4,@vendeur_ah,1880, UNIX_TIMESTAMP( ADDDATE(now(), INTERVAL floor(24+24*rand()) HOUR)) ,0,0,1880,189),
(@newENTRY+5,@faction_ah,@ENTRY+5,@vendeur_ah,484, UNIX_TIMESTAMP( ADDDATE(now(), INTERVAL floor(24+24*rand()) HOUR)) ,0,0,484,49),
(@newENTRY+6,@faction_ah,@ENTRY+6,@vendeur_ah,2554, UNIX_TIMESTAMP( ADDDATE(now(), INTERVAL floor(24+24*rand()) HOUR)) ,0,0,2554,256),
(@newENTRY+7,@faction_ah,@ENTRY+7,@vendeur_ah,431, UNIX_TIMESTAMP( ADDDATE(now(), INTERVAL floor(24+24*rand()) HOUR)) ,0,0,431,44),
(@newENTRY+8,@faction_ah,@ENTRY+8,@vendeur_ah,2491, UNIX_TIMESTAMP( ADDDATE(now(), INTERVAL floor(24+24*rand()) HOUR)) ,0,0,2491,250),
(@newENTRY+9,@faction_ah,@ENTRY+9,@vendeur_ah,374, UNIX_TIMESTAMP( ADDDATE(now(), INTERVAL floor(24+24*rand()) HOUR)) ,0,0,374,38),
(@newENTRY+10,@faction_ah,@ENTRY+10,@vendeur_ah,443, UNIX_TIMESTAMP( ADDDATE(now(), INTERVAL floor(24+24*rand()) HOUR)) ,0,0,443,45),
(@newENTRY+11,@faction_ah,@ENTRY+11,@vendeur_ah,135, UNIX_TIMESTAMP( ADDDATE(now(), INTERVAL floor(24+24*rand()) HOUR)) ,0,0,135,15),
(@newENTRY+12,@faction_ah,@ENTRY+12,@vendeur_ah,101, UNIX_TIMESTAMP( ADDDATE(now(), INTERVAL floor(24+24*rand()) HOUR)) ,0,0,101,11),
(@newENTRY+13,@faction_ah,@ENTRY+13,@vendeur_ah,5777, UNIX_TIMESTAMP( ADDDATE(now(), INTERVAL floor(24+24*rand()) HOUR)) ,0,0,5777,579),
(@newENTRY+14,@faction_ah,@ENTRY+14,@vendeur_ah,4141, UNIX_TIMESTAMP( ADDDATE(now(), INTERVAL floor(24+24*rand()) HOUR)) ,0,0,4141,415),
(@newENTRY+15,@faction_ah,@ENTRY+15,@vendeur_ah,8276, UNIX_TIMESTAMP( ADDDATE(now(), INTERVAL floor(24+24*rand()) HOUR)) ,0,0,8276,829),
(@newENTRY+16,@faction_ah,@ENTRY+16,@vendeur_ah,7673, UNIX_TIMESTAMP( ADDDATE(now(), INTERVAL floor(24+24*rand()) HOUR)) ,0,0,7673,768),
(@newENTRY+17,@faction_ah,@ENTRY+17,@vendeur_ah,800, UNIX_TIMESTAMP( ADDDATE(now(), INTERVAL floor(24+24*rand()) HOUR)) ,0,0,800,81),
(@newENTRY+18,@faction_ah,@ENTRY+18,@vendeur_ah,2000, UNIX_TIMESTAMP( ADDDATE(now(), INTERVAL floor(24+24*rand()) HOUR)) ,0,0,2000,201),
(@newENTRY+19,@faction_ah,@ENTRY+19,@vendeur_ah,212, UNIX_TIMESTAMP( ADDDATE(now(), INTERVAL floor(24+24*rand()) HOUR)) ,0,0,212,22),
(@newENTRY+20,@faction_ah,@ENTRY+20,@vendeur_ah,317, UNIX_TIMESTAMP( ADDDATE(now(), INTERVAL floor(24+24*rand()) HOUR)) ,0,0,317,33),
(@newENTRY+21,@faction_ah,@ENTRY+21,@vendeur_ah,278, UNIX_TIMESTAMP( ADDDATE(now(), INTERVAL floor(24+24*rand()) HOUR)) ,0,0,278,29),
(@newENTRY+22,@faction_ah,@ENTRY+22,@vendeur_ah,264, UNIX_TIMESTAMP( ADDDATE(now(), INTERVAL floor(24+24*rand()) HOUR)) ,0,0,264,27),
(@newENTRY+23,@faction_ah,@ENTRY+23,@vendeur_ah,142, UNIX_TIMESTAMP( ADDDATE(now(), INTERVAL floor(24+24*rand()) HOUR)) ,0,0,142,15),
(@newENTRY+24,@faction_ah,@ENTRY+24,@vendeur_ah,3271, UNIX_TIMESTAMP( ADDDATE(now(), INTERVAL floor(24+24*rand()) HOUR)) ,0,0,3271,328),
(@newENTRY+25,@faction_ah,@ENTRY+25,@vendeur_ah,1000, UNIX_TIMESTAMP( ADDDATE(now(), INTERVAL floor(24+24*rand()) HOUR)) ,0,0,1000,101),
(@newENTRY+26,@faction_ah,@ENTRY+26,@vendeur_ah,8845, UNIX_TIMESTAMP( ADDDATE(now(), INTERVAL floor(24+24*rand()) HOUR)) ,0,0,8845,886),
(@newENTRY+27,@faction_ah,@ENTRY+27,@vendeur_ah,416, UNIX_TIMESTAMP( ADDDATE(now(), INTERVAL floor(24+24*rand()) HOUR)) ,0,0,416,43),
(@newENTRY+28,@faction_ah,@ENTRY+28,@vendeur_ah,3411, UNIX_TIMESTAMP( ADDDATE(now(), INTERVAL floor(24+24*rand()) HOUR)) ,0,0,3411,342),
(@newENTRY+29,@faction_ah,@ENTRY+29,@vendeur_ah,4221, UNIX_TIMESTAMP( ADDDATE(now(), INTERVAL floor(24+24*rand()) HOUR)) ,0,0,4221,423),
(@newENTRY+30,@faction_ah,@ENTRY+30,@vendeur_ah,6456, UNIX_TIMESTAMP( ADDDATE(now(), INTERVAL floor(24+24*rand()) HOUR)) ,0,0,6456,647),
(@newENTRY+31,@faction_ah,@ENTRY+31,@vendeur_ah,3237, UNIX_TIMESTAMP( ADDDATE(now(), INTERVAL floor(24+24*rand()) HOUR)) ,0,0,3237,325),
(@newENTRY+32,@faction_ah,@ENTRY+32,@vendeur_ah,7061, UNIX_TIMESTAMP( ADDDATE(now(), INTERVAL floor(24+24*rand()) HOUR)) ,0,0,7061,707),
(@newENTRY+33,@faction_ah,@ENTRY+33,@vendeur_ah,2000, UNIX_TIMESTAMP( ADDDATE(now(), INTERVAL floor(24+24*rand()) HOUR)) ,0,0,2000,201),
(@newENTRY+34,@faction_ah,@ENTRY+34,@vendeur_ah,3359, UNIX_TIMESTAMP( ADDDATE(now(), INTERVAL floor(24+24*rand()) HOUR)) ,0,0,3359,337),
(@newENTRY+35,@faction_ah,@ENTRY+35,@vendeur_ah,2897, UNIX_TIMESTAMP( ADDDATE(now(), INTERVAL floor(24+24*rand()) HOUR)) ,0,0,2897,291),
(@newENTRY+36,@faction_ah,@ENTRY+36,@vendeur_ah,800, UNIX_TIMESTAMP( ADDDATE(now(), INTERVAL floor(24+24*rand()) HOUR)) ,0,0,800,81),
(@newENTRY+37,@faction_ah,@ENTRY+37,@vendeur_ah,1882, UNIX_TIMESTAMP( ADDDATE(now(), INTERVAL floor(24+24*rand()) HOUR)) ,0,0,1882,189),
(@newENTRY+38,@faction_ah,@ENTRY+38,@vendeur_ah,1426, UNIX_TIMESTAMP( ADDDATE(now(), INTERVAL floor(24+24*rand()) HOUR)) ,0,0,1426,144),
(@newENTRY+39,@faction_ah,@ENTRY+39,@vendeur_ah,3437, UNIX_TIMESTAMP( ADDDATE(now(), INTERVAL floor(24+24*rand()) HOUR)) ,0,0,3437,345),
(@newENTRY+40,@faction_ah,@ENTRY+40,@vendeur_ah,2786, UNIX_TIMESTAMP( ADDDATE(now(), INTERVAL floor(24+24*rand()) HOUR)) ,0,0,2786,280),
(@newENTRY+41,@faction_ah,@ENTRY+41,@vendeur_ah,3190, UNIX_TIMESTAMP( ADDDATE(now(), INTERVAL floor(24+24*rand()) HOUR)) ,0,0,3190,320),
(@newENTRY+42,@faction_ah,@ENTRY+42,@vendeur_ah,2760, UNIX_TIMESTAMP( ADDDATE(now(), INTERVAL floor(24+24*rand()) HOUR)) ,0,0,2760,277),
(@newENTRY+43,@faction_ah,@ENTRY+43,@vendeur_ah,7485, UNIX_TIMESTAMP( ADDDATE(now(), INTERVAL floor(24+24*rand()) HOUR)) ,0,0,7485,750),
(@newENTRY+44,@faction_ah,@ENTRY+44,@vendeur_ah,1091, UNIX_TIMESTAMP( ADDDATE(now(), INTERVAL floor(24+24*rand()) HOUR)) ,0,0,1091,110),
(@newENTRY+45,@faction_ah,@ENTRY+45,@vendeur_ah,1797, UNIX_TIMESTAMP( ADDDATE(now(), INTERVAL floor(24+24*rand()) HOUR)) ,0,0,1797,181),
(@newENTRY+46,@faction_ah,@ENTRY+46,@vendeur_ah,997, UNIX_TIMESTAMP( ADDDATE(now(), INTERVAL floor(24+24*rand()) HOUR)) ,0,0,997,101),
(@newENTRY+47,@faction_ah,@ENTRY+47,@vendeur_ah,1911, UNIX_TIMESTAMP( ADDDATE(now(), INTERVAL floor(24+24*rand()) HOUR)) ,0,0,1911,192),
(@newENTRY+48,@faction_ah,@ENTRY+48,@vendeur_ah,3547, UNIX_TIMESTAMP( ADDDATE(now(), INTERVAL floor(24+24*rand()) HOUR)) ,0,0,3547,356),
(@newENTRY+49,@faction_ah,@ENTRY+49,@vendeur_ah,11025, UNIX_TIMESTAMP( ADDDATE(now(), INTERVAL floor(24+24*rand()) HOUR)) ,0,0,11025,1104),
(@newENTRY+50,@faction_ah,@ENTRY+50,@vendeur_ah,1068, UNIX_TIMESTAMP( ADDDATE(now(), INTERVAL floor(24+24*rand()) HOUR)) ,0,0,1068,108),
(@newENTRY+51,@faction_ah,@ENTRY+51,@vendeur_ah,246, UNIX_TIMESTAMP( ADDDATE(now(), INTERVAL floor(24+24*rand()) HOUR)) ,0,0,246,26),
(@newENTRY+52,@faction_ah,@ENTRY+52,@vendeur_ah,2758, UNIX_TIMESTAMP( ADDDATE(now(), INTERVAL floor(24+24*rand()) HOUR)) ,0,0,2758,277),
(@newENTRY+53,@faction_ah,@ENTRY+53,@vendeur_ah,988, UNIX_TIMESTAMP( ADDDATE(now(), INTERVAL floor(24+24*rand()) HOUR)) ,0,0,988,100),
(@newENTRY+54,@faction_ah,@ENTRY+54,@vendeur_ah,2340, UNIX_TIMESTAMP( ADDDATE(now(), INTERVAL floor(24+24*rand()) HOUR)) ,0,0,2340,235),
(@newENTRY+55,@faction_ah,@ENTRY+55,@vendeur_ah,2598, UNIX_TIMESTAMP( ADDDATE(now(), INTERVAL floor(24+24*rand()) HOUR)) ,0,0,2598,261),
(@newENTRY+56,@faction_ah,@ENTRY+56,@vendeur_ah,441, UNIX_TIMESTAMP( ADDDATE(now(), INTERVAL floor(24+24*rand()) HOUR)) ,0,0,441,45),
(@newENTRY+57,@faction_ah,@ENTRY+57,@vendeur_ah,1071, UNIX_TIMESTAMP( ADDDATE(now(), INTERVAL floor(24+24*rand()) HOUR)) ,0,0,1071,108),
(@newENTRY+58,@faction_ah,@ENTRY+58,@vendeur_ah,800, UNIX_TIMESTAMP( ADDDATE(now(), INTERVAL floor(24+24*rand()) HOUR)) ,0,0,800,81),
(@newENTRY+59,@faction_ah,@ENTRY+59,@vendeur_ah,274, UNIX_TIMESTAMP( ADDDATE(now(), INTERVAL floor(24+24*rand()) HOUR)) ,0,0,274,28),
(@newENTRY+60,@faction_ah,@ENTRY+60,@vendeur_ah,800, UNIX_TIMESTAMP( ADDDATE(now(), INTERVAL floor(24+24*rand()) HOUR)) ,0,0,800,81),
(@newENTRY+61,@faction_ah,@ENTRY+61,@vendeur_ah,3429, UNIX_TIMESTAMP( ADDDATE(now(), INTERVAL floor(24+24*rand()) HOUR)) ,0,0,3429,344),
(@newENTRY+62,@faction_ah,@ENTRY+62,@vendeur_ah,3913, UNIX_TIMESTAMP( ADDDATE(now(), INTERVAL floor(24+24*rand()) HOUR)) ,0,0,3913,392),
(@newENTRY+63,@faction_ah,@ENTRY+63,@vendeur_ah,1145, UNIX_TIMESTAMP( ADDDATE(now(), INTERVAL floor(24+24*rand()) HOUR)) ,0,0,1145,116),
(@newENTRY+64,@faction_ah,@ENTRY+64,@vendeur_ah,26608, UNIX_TIMESTAMP( ADDDATE(now(), INTERVAL floor(24+24*rand()) HOUR)) ,0,0,26608,2662),
(@newENTRY+65,@faction_ah,@ENTRY+65,@vendeur_ah,262, UNIX_TIMESTAMP( ADDDATE(now(), INTERVAL floor(24+24*rand()) HOUR)) ,0,0,262,27),
(@newENTRY+66,@faction_ah,@ENTRY+66,@vendeur_ah,1000, UNIX_TIMESTAMP( ADDDATE(now(), INTERVAL floor(24+24*rand()) HOUR)) ,0,0,1000,101),
(@newENTRY+67,@faction_ah,@ENTRY+67,@vendeur_ah,2619, UNIX_TIMESTAMP( ADDDATE(now(), INTERVAL floor(24+24*rand()) HOUR)) ,0,0,2619,263),
(@newENTRY+68,@faction_ah,@ENTRY+68,@vendeur_ah,2694, UNIX_TIMESTAMP( ADDDATE(now(), INTERVAL floor(24+24*rand()) HOUR)) ,0,0,2694,270),
(@newENTRY+69,@faction_ah,@ENTRY+69,@vendeur_ah,279, UNIX_TIMESTAMP( ADDDATE(now(), INTERVAL floor(24+24*rand()) HOUR)) ,0,0,279,29),
(@newENTRY+70,@faction_ah,@ENTRY+70,@vendeur_ah,1000, UNIX_TIMESTAMP( ADDDATE(now(), INTERVAL floor(24+24*rand()) HOUR)) ,0,0,1000,101),
(@newENTRY+71,@faction_ah,@ENTRY+71,@vendeur_ah,1105, UNIX_TIMESTAMP( ADDDATE(now(), INTERVAL floor(24+24*rand()) HOUR)) ,0,0,1105,112),
(@newENTRY+72,@faction_ah,@ENTRY+72,@vendeur_ah,20064, UNIX_TIMESTAMP( ADDDATE(now(), INTERVAL floor(24+24*rand()) HOUR)) ,0,0,20064,2007),
(@newENTRY+73,@faction_ah,@ENTRY+73,@vendeur_ah,3420, UNIX_TIMESTAMP( ADDDATE(now(), INTERVAL floor(24+24*rand()) HOUR)) ,0,0,3420,343),
(@newENTRY+74,@faction_ah,@ENTRY+74,@vendeur_ah,8428, UNIX_TIMESTAMP( ADDDATE(now(), INTERVAL floor(24+24*rand()) HOUR)) ,0,0,8428,844),
(@newENTRY+75,@faction_ah,@ENTRY+75,@vendeur_ah,8963, UNIX_TIMESTAMP( ADDDATE(now(), INTERVAL floor(24+24*rand()) HOUR)) ,0,0,8963,897),
(@newENTRY+76,@faction_ah,@ENTRY+76,@vendeur_ah,8335, UNIX_TIMESTAMP( ADDDATE(now(), INTERVAL floor(24+24*rand()) HOUR)) ,0,0,8335,835),
(@newENTRY+77,@faction_ah,@ENTRY+77,@vendeur_ah,2000, UNIX_TIMESTAMP( ADDDATE(now(), INTERVAL floor(24+24*rand()) HOUR)) ,0,0,2000,201),
(@newENTRY+78,@faction_ah,@ENTRY+78,@vendeur_ah,1541, UNIX_TIMESTAMP( ADDDATE(now(), INTERVAL floor(24+24*rand()) HOUR)) ,0,0,1541,155),
(@newENTRY+79,@faction_ah,@ENTRY+79,@vendeur_ah,122, UNIX_TIMESTAMP( ADDDATE(now(), INTERVAL floor(24+24*rand()) HOUR)) ,0,0,122,13),
(@newENTRY+80,@faction_ah,@ENTRY+80,@vendeur_ah,381, UNIX_TIMESTAMP( ADDDATE(now(), INTERVAL floor(24+24*rand()) HOUR)) ,0,0,381,39),
(@newENTRY+81,@faction_ah,@ENTRY+81,@vendeur_ah,196, UNIX_TIMESTAMP( ADDDATE(now(), INTERVAL floor(24+24*rand()) HOUR)) ,0,0,196,21),
(@newENTRY+82,@faction_ah,@ENTRY+82,@vendeur_ah,1827, UNIX_TIMESTAMP( ADDDATE(now(), INTERVAL floor(24+24*rand()) HOUR)) ,0,0,1827,184),
(@newENTRY+83,@faction_ah,@ENTRY+83,@vendeur_ah,5024, UNIX_TIMESTAMP( ADDDATE(now(), INTERVAL floor(24+24*rand()) HOUR)) ,0,0,5024,503),
(@newENTRY+84,@faction_ah,@ENTRY+84,@vendeur_ah,1309, UNIX_TIMESTAMP( ADDDATE(now(), INTERVAL floor(24+24*rand()) HOUR)) ,0,0,1309,132),
(@newENTRY+85,@faction_ah,@ENTRY+85,@vendeur_ah,3254, UNIX_TIMESTAMP( ADDDATE(now(), INTERVAL floor(24+24*rand()) HOUR)) ,0,0,3254,326),
(@newENTRY+86,@faction_ah,@ENTRY+86,@vendeur_ah,2345, UNIX_TIMESTAMP( ADDDATE(now(), INTERVAL floor(24+24*rand()) HOUR)) ,0,0,2345,236),
(@newENTRY+87,@faction_ah,@ENTRY+87,@vendeur_ah,3385, UNIX_TIMESTAMP( ADDDATE(now(), INTERVAL floor(24+24*rand()) HOUR)) ,0,0,3385,340),
(@newENTRY+88,@faction_ah,@ENTRY+88,@vendeur_ah,179, UNIX_TIMESTAMP( ADDDATE(now(), INTERVAL floor(24+24*rand()) HOUR)) ,0,0,179,19),
(@newENTRY+89,@faction_ah,@ENTRY+89,@vendeur_ah,208, UNIX_TIMESTAMP( ADDDATE(now(), INTERVAL floor(24+24*rand()) HOUR)) ,0,0,208,22),
(@newENTRY+90,@faction_ah,@ENTRY+90,@vendeur_ah,295, UNIX_TIMESTAMP( ADDDATE(now(), INTERVAL floor(24+24*rand()) HOUR)) ,0,0,295,31),
(@newENTRY+91,@faction_ah,@ENTRY+91,@vendeur_ah,2137, UNIX_TIMESTAMP( ADDDATE(now(), INTERVAL floor(24+24*rand()) HOUR)) ,0,0,2137,215),
(@newENTRY+92,@faction_ah,@ENTRY+92,@vendeur_ah,19759, UNIX_TIMESTAMP( ADDDATE(now(), INTERVAL floor(24+24*rand()) HOUR)) ,0,0,19759,1977),
(@newENTRY+93,@faction_ah,@ENTRY+93,@vendeur_ah,176, UNIX_TIMESTAMP( ADDDATE(now(), INTERVAL floor(24+24*rand()) HOUR)) ,0,0,176,19),
(@newENTRY+94,@faction_ah,@ENTRY+94,@vendeur_ah,12506, UNIX_TIMESTAMP( ADDDATE(now(), INTERVAL floor(24+24*rand()) HOUR)) ,0,0,12506,1252),
(@newENTRY+95,@faction_ah,@ENTRY+95,@vendeur_ah,15173, UNIX_TIMESTAMP( ADDDATE(now(), INTERVAL floor(24+24*rand()) HOUR)) ,0,0,15173,1518),
(@newENTRY+96,@faction_ah,@ENTRY+96,@vendeur_ah,17210, UNIX_TIMESTAMP( ADDDATE(now(), INTERVAL floor(24+24*rand()) HOUR)) ,0,0,17210,1722),
(@newENTRY+97,@faction_ah,@ENTRY+97,@vendeur_ah,393, UNIX_TIMESTAMP( ADDDATE(now(), INTERVAL floor(24+24*rand()) HOUR)) ,0,0,393,40),
(@newENTRY+98,@faction_ah,@ENTRY+98,@vendeur_ah,17045, UNIX_TIMESTAMP( ADDDATE(now(), INTERVAL floor(24+24*rand()) HOUR)) ,0,0,17045,1706),
(@newENTRY+99,@faction_ah,@ENTRY+99,@vendeur_ah,6692, UNIX_TIMESTAMP( ADDDATE(now(), INTERVAL floor(24+24*rand()) HOUR)) ,0,0,6692,670),
(@newENTRY+100,@faction_ah,@ENTRY+100,@vendeur_ah,16741, UNIX_TIMESTAMP( ADDDATE(now(), INTERVAL floor(24+24*rand()) HOUR)) ,0,0,16741,1675),
(@newENTRY+101,@faction_ah,@ENTRY+101,@vendeur_ah,3929, UNIX_TIMESTAMP( ADDDATE(now(), INTERVAL floor(24+24*rand()) HOUR)) ,0,0,3929,394),
(@newENTRY+102,@faction_ah,@ENTRY+102,@vendeur_ah,2335, UNIX_TIMESTAMP( ADDDATE(now(), INTERVAL floor(24+24*rand()) HOUR)) ,0,0,2335,235),
(@newENTRY+103,@faction_ah,@ENTRY+103,@vendeur_ah,1511, UNIX_TIMESTAMP( ADDDATE(now(), INTERVAL floor(24+24*rand()) HOUR)) ,0,0,1511,152),
(@newENTRY+104,@faction_ah,@ENTRY+104,@vendeur_ah,800, UNIX_TIMESTAMP( ADDDATE(now(), INTERVAL floor(24+24*rand()) HOUR)) ,0,0,800,81),
(@newENTRY+105,@faction_ah,@ENTRY+105,@vendeur_ah,1338, UNIX_TIMESTAMP( ADDDATE(now(), INTERVAL floor(24+24*rand()) HOUR)) ,0,0,1338,135),
(@newENTRY+106,@faction_ah,@ENTRY+106,@vendeur_ah,2756, UNIX_TIMESTAMP( ADDDATE(now(), INTERVAL floor(24+24*rand()) HOUR)) ,0,0,2756,277),
(@newENTRY+107,@faction_ah,@ENTRY+107,@vendeur_ah,9123, UNIX_TIMESTAMP( ADDDATE(now(), INTERVAL floor(24+24*rand()) HOUR)) ,0,0,9123,913),
(@newENTRY+108,@faction_ah,@ENTRY+108,@vendeur_ah,458, UNIX_TIMESTAMP( ADDDATE(now(), INTERVAL floor(24+24*rand()) HOUR)) ,0,0,458,47),
(@newENTRY+109,@faction_ah,@ENTRY+109,@vendeur_ah,159, UNIX_TIMESTAMP( ADDDATE(now(), INTERVAL floor(24+24*rand()) HOUR)) ,0,0,159,17),
(@newENTRY+110,@faction_ah,@ENTRY+110,@vendeur_ah,7397, UNIX_TIMESTAMP( ADDDATE(now(), INTERVAL floor(24+24*rand()) HOUR)) ,0,0,7397,741),
(@newENTRY+111,@faction_ah,@ENTRY+111,@vendeur_ah,3045, UNIX_TIMESTAMP( ADDDATE(now(), INTERVAL floor(24+24*rand()) HOUR)) ,0,0,3045,306),
(@newENTRY+112,@faction_ah,@ENTRY+112,@vendeur_ah,3552, UNIX_TIMESTAMP( ADDDATE(now(), INTERVAL floor(24+24*rand()) HOUR)) ,0,0,3552,356),
(@newENTRY+113,@faction_ah,@ENTRY+113,@vendeur_ah,383, UNIX_TIMESTAMP( ADDDATE(now(), INTERVAL floor(24+24*rand()) HOUR)) ,0,0,383,39),
(@newENTRY+114,@faction_ah,@ENTRY+114,@vendeur_ah,3996, UNIX_TIMESTAMP( ADDDATE(now(), INTERVAL floor(24+24*rand()) HOUR)) ,0,0,3996,401),
(@newENTRY+115,@faction_ah,@ENTRY+115,@vendeur_ah,25373, UNIX_TIMESTAMP( ADDDATE(now(), INTERVAL floor(24+24*rand()) HOUR)) ,0,0,25373,2538),
(@newENTRY+116,@faction_ah,@ENTRY+116,@vendeur_ah,1639, UNIX_TIMESTAMP( ADDDATE(now(), INTERVAL floor(24+24*rand()) HOUR)) ,0,0,1639,165),
(@newENTRY+117,@faction_ah,@ENTRY+117,@vendeur_ah,11181, UNIX_TIMESTAMP( ADDDATE(now(), INTERVAL floor(24+24*rand()) HOUR)) ,0,0,11181,1119),
(@newENTRY+118,@faction_ah,@ENTRY+118,@vendeur_ah,231, UNIX_TIMESTAMP( ADDDATE(now(), INTERVAL floor(24+24*rand()) HOUR)) ,0,0,231,24),
(@newENTRY+119,@faction_ah,@ENTRY+119,@vendeur_ah,100, UNIX_TIMESTAMP( ADDDATE(now(), INTERVAL floor(24+24*rand()) HOUR)) ,0,0,100,11),
(@newENTRY+120,@faction_ah,@ENTRY+120,@vendeur_ah,6000, UNIX_TIMESTAMP( ADDDATE(now(), INTERVAL floor(24+24*rand()) HOUR)) ,0,0,6000,601),
(@newENTRY+121,@faction_ah,@ENTRY+121,@vendeur_ah,23057, UNIX_TIMESTAMP( ADDDATE(now(), INTERVAL floor(24+24*rand()) HOUR)) ,0,0,23057,2307),
(@newENTRY+122,@faction_ah,@ENTRY+122,@vendeur_ah,10986, UNIX_TIMESTAMP( ADDDATE(now(), INTERVAL floor(24+24*rand()) HOUR)) ,0,0,10986,1100),
(@newENTRY+123,@faction_ah,@ENTRY+123,@vendeur_ah,108, UNIX_TIMESTAMP( ADDDATE(now(), INTERVAL floor(24+24*rand()) HOUR)) ,0,0,108,12),
(@newENTRY+124,@faction_ah,@ENTRY+124,@vendeur_ah,7109, UNIX_TIMESTAMP( ADDDATE(now(), INTERVAL floor(24+24*rand()) HOUR)) ,0,0,7109,712),
(@newENTRY+125,@faction_ah,@ENTRY+125,@vendeur_ah,21832, UNIX_TIMESTAMP( ADDDATE(now(), INTERVAL floor(24+24*rand()) HOUR)) ,0,0,21832,2184),
(@newENTRY+126,@faction_ah,@ENTRY+126,@vendeur_ah,16308, UNIX_TIMESTAMP( ADDDATE(now(), INTERVAL floor(24+24*rand()) HOUR)) ,0,0,16308,1632),
(@newENTRY+127,@faction_ah,@ENTRY+127,@vendeur_ah,1146, UNIX_TIMESTAMP( ADDDATE(now(), INTERVAL floor(24+24*rand()) HOUR)) ,0,0,1146,116),
(@newENTRY+128,@faction_ah,@ENTRY+128,@vendeur_ah,6254, UNIX_TIMESTAMP( ADDDATE(now(), INTERVAL floor(24+24*rand()) HOUR)) ,0,0,6254,626),
(@newENTRY+129,@faction_ah,@ENTRY+129,@vendeur_ah,25859, UNIX_TIMESTAMP( ADDDATE(now(), INTERVAL floor(24+24*rand()) HOUR)) ,0,0,25859,2587),
(@newENTRY+130,@faction_ah,@ENTRY+130,@vendeur_ah,100, UNIX_TIMESTAMP( ADDDATE(now(), INTERVAL floor(24+24*rand()) HOUR)) ,0,0,100,11),
(@newENTRY+131,@faction_ah,@ENTRY+131,@vendeur_ah,11239, UNIX_TIMESTAMP( ADDDATE(now(), INTERVAL floor(24+24*rand()) HOUR)) ,0,0,11239,1125),
(@newENTRY+132,@faction_ah,@ENTRY+132,@vendeur_ah,3080, UNIX_TIMESTAMP( ADDDATE(now(), INTERVAL floor(24+24*rand()) HOUR)) ,0,0,3080,309),
(@newENTRY+133,@faction_ah,@ENTRY+133,@vendeur_ah,26799, UNIX_TIMESTAMP( ADDDATE(now(), INTERVAL floor(24+24*rand()) HOUR)) ,0,0,26799,2681),
(@newENTRY+134,@faction_ah,@ENTRY+134,@vendeur_ah,116, UNIX_TIMESTAMP( ADDDATE(now(), INTERVAL floor(24+24*rand()) HOUR)) ,0,0,116,13),
(@newENTRY+135,@faction_ah,@ENTRY+135,@vendeur_ah,16346, UNIX_TIMESTAMP( ADDDATE(now(), INTERVAL floor(24+24*rand()) HOUR)) ,0,0,16346,1636),
(@newENTRY+136,@faction_ah,@ENTRY+136,@vendeur_ah,1413, UNIX_TIMESTAMP( ADDDATE(now(), INTERVAL floor(24+24*rand()) HOUR)) ,0,0,1413,142),
(@newENTRY+137,@faction_ah,@ENTRY+137,@vendeur_ah,6543, UNIX_TIMESTAMP( ADDDATE(now(), INTERVAL floor(24+24*rand()) HOUR)) ,0,0,6543,655),
(@newENTRY+138,@faction_ah,@ENTRY+138,@vendeur_ah,930, UNIX_TIMESTAMP( ADDDATE(now(), INTERVAL floor(24+24*rand()) HOUR)) ,0,0,930,94),
(@newENTRY+139,@faction_ah,@ENTRY+139,@vendeur_ah,20945, UNIX_TIMESTAMP( ADDDATE(now(), INTERVAL floor(24+24*rand()) HOUR)) ,0,0,20945,2096),
(@newENTRY+140,@faction_ah,@ENTRY+140,@vendeur_ah,1000, UNIX_TIMESTAMP( ADDDATE(now(), INTERVAL floor(24+24*rand()) HOUR)) ,0,0,1000,101),
(@newENTRY+141,@faction_ah,@ENTRY+141,@vendeur_ah,26114, UNIX_TIMESTAMP( ADDDATE(now(), INTERVAL floor(24+24*rand()) HOUR)) ,0,0,26114,2612),
(@newENTRY+142,@faction_ah,@ENTRY+142,@vendeur_ah,25113, UNIX_TIMESTAMP( ADDDATE(now(), INTERVAL floor(24+24*rand()) HOUR)) ,0,0,25113,2512),
(@newENTRY+143,@faction_ah,@ENTRY+143,@vendeur_ah,22919, UNIX_TIMESTAMP( ADDDATE(now(), INTERVAL floor(24+24*rand()) HOUR)) ,0,0,22919,2293),
(@newENTRY+144,@faction_ah,@ENTRY+144,@vendeur_ah,392, UNIX_TIMESTAMP( ADDDATE(now(), INTERVAL floor(24+24*rand()) HOUR)) ,0,0,392,40),
(@newENTRY+145,@faction_ah,@ENTRY+145,@vendeur_ah,198, UNIX_TIMESTAMP( ADDDATE(now(), INTERVAL floor(24+24*rand()) HOUR)) ,0,0,198,21),
(@newENTRY+146,@faction_ah,@ENTRY+146,@vendeur_ah,184, UNIX_TIMESTAMP( ADDDATE(now(), INTERVAL floor(24+24*rand()) HOUR)) ,0,0,184,19),
(@newENTRY+147,@faction_ah,@ENTRY+147,@vendeur_ah,202, UNIX_TIMESTAMP( ADDDATE(now(), INTERVAL floor(24+24*rand()) HOUR)) ,0,0,202,21),
(@newENTRY+148,@faction_ah,@ENTRY+148,@vendeur_ah,236, UNIX_TIMESTAMP( ADDDATE(now(), INTERVAL floor(24+24*rand()) HOUR)) ,0,0,236,25),
(@newENTRY+149,@faction_ah,@ENTRY+149,@vendeur_ah,196, UNIX_TIMESTAMP( ADDDATE(now(), INTERVAL floor(24+24*rand()) HOUR)) ,0,0,196,21),
(@newENTRY+150,@faction_ah,@ENTRY+150,@vendeur_ah,392, UNIX_TIMESTAMP( ADDDATE(now(), INTERVAL floor(24+24*rand()) HOUR)) ,0,0,392,40),
(@newENTRY+151,@faction_ah,@ENTRY+151,@vendeur_ah,128, UNIX_TIMESTAMP( ADDDATE(now(), INTERVAL floor(24+24*rand()) HOUR)) ,0,0,128,14),
(@newENTRY+152,@faction_ah,@ENTRY+152,@vendeur_ah,108, UNIX_TIMESTAMP( ADDDATE(now(), INTERVAL floor(24+24*rand()) HOUR)) ,0,0,108,12),
(@newENTRY+153,@faction_ah,@ENTRY+153,@vendeur_ah,249, UNIX_TIMESTAMP( ADDDATE(now(), INTERVAL floor(24+24*rand()) HOUR)) ,0,0,249,26),
(@newENTRY+154,@faction_ah,@ENTRY+154,@vendeur_ah,218, UNIX_TIMESTAMP( ADDDATE(now(), INTERVAL floor(24+24*rand()) HOUR)) ,0,0,218,23),
(@newENTRY+155,@faction_ah,@ENTRY+155,@vendeur_ah,436, UNIX_TIMESTAMP( ADDDATE(now(), INTERVAL floor(24+24*rand()) HOUR)) ,0,0,436,45),
(@newENTRY+156,@faction_ah,@ENTRY+156,@vendeur_ah,301, UNIX_TIMESTAMP( ADDDATE(now(), INTERVAL floor(24+24*rand()) HOUR)) ,0,0,301,31),
(@newENTRY+157,@faction_ah,@ENTRY+157,@vendeur_ah,293, UNIX_TIMESTAMP( ADDDATE(now(), INTERVAL floor(24+24*rand()) HOUR)) ,0,0,293,30),
(@newENTRY+158,@faction_ah,@ENTRY+158,@vendeur_ah,412, UNIX_TIMESTAMP( ADDDATE(now(), INTERVAL floor(24+24*rand()) HOUR)) ,0,0,412,42),
(@newENTRY+159,@faction_ah,@ENTRY+159,@vendeur_ah,414, UNIX_TIMESTAMP( ADDDATE(now(), INTERVAL floor(24+24*rand()) HOUR)) ,0,0,414,42),
(@newENTRY+160,@faction_ah,@ENTRY+160,@vendeur_ah,443, UNIX_TIMESTAMP( ADDDATE(now(), INTERVAL floor(24+24*rand()) HOUR)) ,0,0,443,45),
(@newENTRY+161,@faction_ah,@ENTRY+161,@vendeur_ah,200, UNIX_TIMESTAMP( ADDDATE(now(), INTERVAL floor(24+24*rand()) HOUR)) ,0,0,200,21),
(@newENTRY+162,@faction_ah,@ENTRY+162,@vendeur_ah,284, UNIX_TIMESTAMP( ADDDATE(now(), INTERVAL floor(24+24*rand()) HOUR)) ,0,0,284,29),
(@newENTRY+163,@faction_ah,@ENTRY+163,@vendeur_ah,488, UNIX_TIMESTAMP( ADDDATE(now(), INTERVAL floor(24+24*rand()) HOUR)) ,0,0,488,50),
(@newENTRY+164,@faction_ah,@ENTRY+164,@vendeur_ah,109, UNIX_TIMESTAMP( ADDDATE(now(), INTERVAL floor(24+24*rand()) HOUR)) ,0,0,109,12),
(@newENTRY+165,@faction_ah,@ENTRY+165,@vendeur_ah,100, UNIX_TIMESTAMP( ADDDATE(now(), INTERVAL floor(24+24*rand()) HOUR)) ,0,0,100,11),
(@newENTRY+166,@faction_ah,@ENTRY+166,@vendeur_ah,245, UNIX_TIMESTAMP( ADDDATE(now(), INTERVAL floor(24+24*rand()) HOUR)) ,0,0,245,26),
(@newENTRY+167,@faction_ah,@ENTRY+167,@vendeur_ah,104, UNIX_TIMESTAMP( ADDDATE(now(), INTERVAL floor(24+24*rand()) HOUR)) ,0,0,104,11),
(@newENTRY+168,@faction_ah,@ENTRY+168,@vendeur_ah,391, UNIX_TIMESTAMP( ADDDATE(now(), INTERVAL floor(24+24*rand()) HOUR)) ,0,0,391,40),
(@newENTRY+169,@faction_ah,@ENTRY+169,@vendeur_ah,347, UNIX_TIMESTAMP( ADDDATE(now(), INTERVAL floor(24+24*rand()) HOUR)) ,0,0,347,36),
(@newENTRY+170,@faction_ah,@ENTRY+170,@vendeur_ah,130, UNIX_TIMESTAMP( ADDDATE(now(), INTERVAL floor(24+24*rand()) HOUR)) ,0,0,130,14),
(@newENTRY+171,@faction_ah,@ENTRY+171,@vendeur_ah,440, UNIX_TIMESTAMP( ADDDATE(now(), INTERVAL floor(24+24*rand()) HOUR)) ,0,0,440,45),
(@newENTRY+172,@faction_ah,@ENTRY+172,@vendeur_ah,108, UNIX_TIMESTAMP( ADDDATE(now(), INTERVAL floor(24+24*rand()) HOUR)) ,0,0,108,12),
(@newENTRY+173,@faction_ah,@ENTRY+173,@vendeur_ah,406, UNIX_TIMESTAMP( ADDDATE(now(), INTERVAL floor(24+24*rand()) HOUR)) ,0,0,406,42),
(@newENTRY+174,@faction_ah,@ENTRY+174,@vendeur_ah,357, UNIX_TIMESTAMP( ADDDATE(now(), INTERVAL floor(24+24*rand()) HOUR)) ,0,0,357,37),
(@newENTRY+175,@faction_ah,@ENTRY+175,@vendeur_ah,143, UNIX_TIMESTAMP( ADDDATE(now(), INTERVAL floor(24+24*rand()) HOUR)) ,0,0,143,15),
(@newENTRY+176,@faction_ah,@ENTRY+176,@vendeur_ah,301, UNIX_TIMESTAMP( ADDDATE(now(), INTERVAL floor(24+24*rand()) HOUR)) ,0,0,301,31),
(@newENTRY+177,@faction_ah,@ENTRY+177,@vendeur_ah,130, UNIX_TIMESTAMP( ADDDATE(now(), INTERVAL floor(24+24*rand()) HOUR)) ,0,0,130,14),
(@newENTRY+178,@faction_ah,@ENTRY+178,@vendeur_ah,433, UNIX_TIMESTAMP( ADDDATE(now(), INTERVAL floor(24+24*rand()) HOUR)) ,0,0,433,44),
(@newENTRY+179,@faction_ah,@ENTRY+179,@vendeur_ah,431, UNIX_TIMESTAMP( ADDDATE(now(), INTERVAL floor(24+24*rand()) HOUR)) ,0,0,431,44),
(@newENTRY+180,@faction_ah,@ENTRY+180,@vendeur_ah,127, UNIX_TIMESTAMP( ADDDATE(now(), INTERVAL floor(24+24*rand()) HOUR)) ,0,0,127,14),
(@newENTRY+181,@faction_ah,@ENTRY+181,@vendeur_ah,342, UNIX_TIMESTAMP( ADDDATE(now(), INTERVAL floor(24+24*rand()) HOUR)) ,0,0,342,35),
(@newENTRY+182,@faction_ah,@ENTRY+182,@vendeur_ah,282, UNIX_TIMESTAMP( ADDDATE(now(), INTERVAL floor(24+24*rand()) HOUR)) ,0,0,282,29),
(@newENTRY+183,@faction_ah,@ENTRY+183,@vendeur_ah,374, UNIX_TIMESTAMP( ADDDATE(now(), INTERVAL floor(24+24*rand()) HOUR)) ,0,0,374,38),
(@newENTRY+184,@faction_ah,@ENTRY+184,@vendeur_ah,469, UNIX_TIMESTAMP( ADDDATE(now(), INTERVAL floor(24+24*rand()) HOUR)) ,0,0,469,48),
(@newENTRY+185,@faction_ah,@ENTRY+185,@vendeur_ah,184, UNIX_TIMESTAMP( ADDDATE(now(), INTERVAL floor(24+24*rand()) HOUR)) ,0,0,184,19),
(@newENTRY+186,@faction_ah,@ENTRY+186,@vendeur_ah,145, UNIX_TIMESTAMP( ADDDATE(now(), INTERVAL floor(24+24*rand()) HOUR)) ,0,0,145,16),
(@newENTRY+187,@faction_ah,@ENTRY+187,@vendeur_ah,125, UNIX_TIMESTAMP( ADDDATE(now(), INTERVAL floor(24+24*rand()) HOUR)) ,0,0,125,14),
(@newENTRY+188,@faction_ah,@ENTRY+188,@vendeur_ah,396, UNIX_TIMESTAMP( ADDDATE(now(), INTERVAL floor(24+24*rand()) HOUR)) ,0,0,396,41),
(@newENTRY+189,@faction_ah,@ENTRY+189,@vendeur_ah,104, UNIX_TIMESTAMP( ADDDATE(now(), INTERVAL floor(24+24*rand()) HOUR)) ,0,0,104,11),
(@newENTRY+190,@faction_ah,@ENTRY+190,@vendeur_ah,3502, UNIX_TIMESTAMP( ADDDATE(now(), INTERVAL floor(24+24*rand()) HOUR)) ,0,0,3502,351),
(@newENTRY+191,@faction_ah,@ENTRY+191,@vendeur_ah,2157, UNIX_TIMESTAMP( ADDDATE(now(), INTERVAL floor(24+24*rand()) HOUR)) ,0,0,2157,217),
(@newENTRY+192,@faction_ah,@ENTRY+192,@vendeur_ah,3082, UNIX_TIMESTAMP( ADDDATE(now(), INTERVAL floor(24+24*rand()) HOUR)) ,0,0,3082,309),
(@newENTRY+193,@faction_ah,@ENTRY+193,@vendeur_ah,1497, UNIX_TIMESTAMP( ADDDATE(now(), INTERVAL floor(24+24*rand()) HOUR)) ,0,0,1497,151),
(@newENTRY+194,@faction_ah,@ENTRY+194,@vendeur_ah,1904, UNIX_TIMESTAMP( ADDDATE(now(), INTERVAL floor(24+24*rand()) HOUR)) ,0,0,1904,191),
(@newENTRY+195,@faction_ah,@ENTRY+195,@vendeur_ah,6000, UNIX_TIMESTAMP( ADDDATE(now(), INTERVAL floor(24+24*rand()) HOUR)) ,0,0,6000,601),
(@newENTRY+196,@faction_ah,@ENTRY+196,@vendeur_ah,19322, UNIX_TIMESTAMP( ADDDATE(now(), INTERVAL floor(24+24*rand()) HOUR)) ,0,0,19322,1933),
(@newENTRY+197,@faction_ah,@ENTRY+197,@vendeur_ah,24936, UNIX_TIMESTAMP( ADDDATE(now(), INTERVAL floor(24+24*rand()) HOUR)) ,0,0,24936,2495),
(@newENTRY+198,@faction_ah,@ENTRY+198,@vendeur_ah,15422, UNIX_TIMESTAMP( ADDDATE(now(), INTERVAL floor(24+24*rand()) HOUR)) ,0,0,15422,1543),
(@newENTRY+199,@faction_ah,@ENTRY+199,@vendeur_ah,6000, UNIX_TIMESTAMP( ADDDATE(now(), INTERVAL floor(24+24*rand()) HOUR)) ,0,0,6000,601),
(@newENTRY+200,@faction_ah,@ENTRY+200,@vendeur_ah,17811, UNIX_TIMESTAMP( ADDDATE(now(), INTERVAL floor(24+24*rand()) HOUR)) ,0,0,17811,1782),
(@newENTRY+201,@faction_ah,@ENTRY+201,@vendeur_ah,677, UNIX_TIMESTAMP( ADDDATE(now(), INTERVAL floor(24+24*rand()) HOUR)) ,0,0,677,69),
(@newENTRY+202,@faction_ah,@ENTRY+202,@vendeur_ah,240, UNIX_TIMESTAMP( ADDDATE(now(), INTERVAL floor(24+24*rand()) HOUR)) ,0,0,240,25),
(@newENTRY+203,@faction_ah,@ENTRY+203,@vendeur_ah,235, UNIX_TIMESTAMP( ADDDATE(now(), INTERVAL floor(24+24*rand()) HOUR)) ,0,0,235,25),
(@newENTRY+204,@faction_ah,@ENTRY+204,@vendeur_ah,1186, UNIX_TIMESTAMP( ADDDATE(now(), INTERVAL floor(24+24*rand()) HOUR)) ,0,0,1186,120),
(@newENTRY+205,@faction_ah,@ENTRY+205,@vendeur_ah,304, UNIX_TIMESTAMP( ADDDATE(now(), INTERVAL floor(24+24*rand()) HOUR)) ,0,0,304,31),
(@newENTRY+206,@faction_ah,@ENTRY+206,@vendeur_ah,26577, UNIX_TIMESTAMP( ADDDATE(now(), INTERVAL floor(24+24*rand()) HOUR)) ,0,0,26577,2659);








































