SET  @newENTRY =(SELECT max(`id`) FROM `auctionhouse` );
set @vendeur_ah := 55;
SET  @ENTRY =(SELECT max(`guid`) FROM `item_instance` );

DROP TABLE IF EXISTS `t`;
CREATE TABLE `t` (i INT);
insert into `t` values(23442) , (79707) ,(4656);
set  @faction_ah = (SELECT i FROM t ORDER BY RAND() LIMIT 1);




INSERT INTO `item_instance` VALUES (	@ENTRY+1	,	7067	,	@vendeur_ah	,	0	,	0	,	floor(rand()*5+5)	,	0	,	'0 0 0 0 0 '	,	0	,	'0 0 0 0 0 0 0 0 0 0 0 0 0 0 0 0 0 0 0 0 0 0 0 0 0 0 0 0 0 0 0 0 0 0 0 0 0 0 0 0 0 0 '	,	0	,	0	,	0	,	""	);
INSERT INTO `item_instance` VALUES (	@ENTRY+2	,	7068	,	@vendeur_ah	,	0	,	0	,	floor(rand()*5+5)	,	0	,	'0 0 0 0 0 '	,	0	,	'0 0 0 0 0 0 0 0 0 0 0 0 0 0 0 0 0 0 0 0 0 0 0 0 0 0 0 0 0 0 0 0 0 0 0 0 0 0 0 0 0 0 '	,	0	,	0	,	0	,	""	);
INSERT INTO `item_instance` VALUES (	@ENTRY+3	,	7069	,	@vendeur_ah	,	0	,	0	,	floor(rand()*5+5)	,	0	,	'0 0 0 0 0 '	,	0	,	'0 0 0 0 0 0 0 0 0 0 0 0 0 0 0 0 0 0 0 0 0 0 0 0 0 0 0 0 0 0 0 0 0 0 0 0 0 0 0 0 0 0 '	,	0	,	0	,	0	,	""	);
INSERT INTO `item_instance` VALUES (	@ENTRY+4	,	7070	,	@vendeur_ah	,	0	,	0	,	floor(rand()*5+5)	,	0	,	'0 0 0 0 0 '	,	0	,	'0 0 0 0 0 0 0 0 0 0 0 0 0 0 0 0 0 0 0 0 0 0 0 0 0 0 0 0 0 0 0 0 0 0 0 0 0 0 0 0 0 0 '	,	0	,	0	,	0	,	""	);
INSERT INTO `item_instance` VALUES (	@ENTRY+5	,	7075	,	@vendeur_ah	,	0	,	0	,	floor(rand()*5+5)	,	0	,	'0 0 0 0 0 '	,	0	,	'0 0 0 0 0 0 0 0 0 0 0 0 0 0 0 0 0 0 0 0 0 0 0 0 0 0 0 0 0 0 0 0 0 0 0 0 0 0 0 0 0 0 '	,	0	,	0	,	0	,	""	);
INSERT INTO `item_instance` VALUES (	@ENTRY+6	,	7076	,	@vendeur_ah	,	0	,	0	,	floor(rand()*5+5)	,	0	,	'0 0 0 0 0 '	,	0	,	'0 0 0 0 0 0 0 0 0 0 0 0 0 0 0 0 0 0 0 0 0 0 0 0 0 0 0 0 0 0 0 0 0 0 0 0 0 0 0 0 0 0 '	,	0	,	0	,	0	,	""	);
INSERT INTO `item_instance` VALUES (	@ENTRY+7	,	7077	,	@vendeur_ah	,	0	,	0	,	floor(rand()*5+5)	,	0	,	'0 0 0 0 0 '	,	0	,	'0 0 0 0 0 0 0 0 0 0 0 0 0 0 0 0 0 0 0 0 0 0 0 0 0 0 0 0 0 0 0 0 0 0 0 0 0 0 0 0 0 0 '	,	0	,	0	,	0	,	""	);
INSERT INTO `item_instance` VALUES (	@ENTRY+8	,	7078	,	@vendeur_ah	,	0	,	0	,	floor(rand()*5+5)	,	0	,	'0 0 0 0 0 '	,	0	,	'0 0 0 0 0 0 0 0 0 0 0 0 0 0 0 0 0 0 0 0 0 0 0 0 0 0 0 0 0 0 0 0 0 0 0 0 0 0 0 0 0 0 '	,	0	,	0	,	0	,	""	);
INSERT INTO `item_instance` VALUES (	@ENTRY+9	,	7079	,	@vendeur_ah	,	0	,	0	,	floor(rand()*5+5)	,	0	,	'0 0 0 0 0 '	,	0	,	'0 0 0 0 0 0 0 0 0 0 0 0 0 0 0 0 0 0 0 0 0 0 0 0 0 0 0 0 0 0 0 0 0 0 0 0 0 0 0 0 0 0 '	,	0	,	0	,	0	,	""	);
INSERT INTO `item_instance` VALUES (	@ENTRY+10	,	7080	,	@vendeur_ah	,	0	,	0	,	floor(rand()*5+5)	,	0	,	'0 0 0 0 0 '	,	0	,	'0 0 0 0 0 0 0 0 0 0 0 0 0 0 0 0 0 0 0 0 0 0 0 0 0 0 0 0 0 0 0 0 0 0 0 0 0 0 0 0 0 0 '	,	0	,	0	,	0	,	""	);
INSERT INTO `item_instance` VALUES (	@ENTRY+11	,	7081	,	@vendeur_ah	,	0	,	0	,	floor(rand()*5+5)	,	0	,	'0 0 0 0 0 '	,	0	,	'0 0 0 0 0 0 0 0 0 0 0 0 0 0 0 0 0 0 0 0 0 0 0 0 0 0 0 0 0 0 0 0 0 0 0 0 0 0 0 0 0 0 '	,	0	,	0	,	0	,	""	);
INSERT INTO `item_instance` VALUES (	@ENTRY+12	,	7082	,	@vendeur_ah	,	0	,	0	,	floor(rand()*5+5)	,	0	,	'0 0 0 0 0 '	,	0	,	'0 0 0 0 0 0 0 0 0 0 0 0 0 0 0 0 0 0 0 0 0 0 0 0 0 0 0 0 0 0 0 0 0 0 0 0 0 0 0 0 0 0 '	,	0	,	0	,	0	,	""	);
INSERT INTO `item_instance` VALUES (	@ENTRY+13	,	7972	,	@vendeur_ah	,	0	,	0	,	floor(rand()*5+5)	,	0	,	'0 0 0 0 0 '	,	0	,	'0 0 0 0 0 0 0 0 0 0 0 0 0 0 0 0 0 0 0 0 0 0 0 0 0 0 0 0 0 0 0 0 0 0 0 0 0 0 0 0 0 0 '	,	0	,	0	,	0	,	""	);
INSERT INTO `item_instance` VALUES (	@ENTRY+14	,	10286	,	@vendeur_ah	,	0	,	0	,	floor(rand()*5+5)	,	0	,	'0 0 0 0 0 '	,	0	,	'0 0 0 0 0 0 0 0 0 0 0 0 0 0 0 0 0 0 0 0 0 0 0 0 0 0 0 0 0 0 0 0 0 0 0 0 0 0 0 0 0 0 '	,	0	,	0	,	0	,	""	);
INSERT INTO `item_instance` VALUES (	@ENTRY+15	,	12803	,	@vendeur_ah	,	0	,	0	,	floor(rand()*5+5)	,	0	,	'0 0 0 0 0 '	,	0	,	'0 0 0 0 0 0 0 0 0 0 0 0 0 0 0 0 0 0 0 0 0 0 0 0 0 0 0 0 0 0 0 0 0 0 0 0 0 0 0 0 0 0 '	,	0	,	0	,	0	,	""	);
INSERT INTO `item_instance` VALUES (	@ENTRY+16	,	12808	,	@vendeur_ah	,	0	,	0	,	floor(rand()*5+5)	,	0	,	'0 0 0 0 0 '	,	0	,	'0 0 0 0 0 0 0 0 0 0 0 0 0 0 0 0 0 0 0 0 0 0 0 0 0 0 0 0 0 0 0 0 0 0 0 0 0 0 0 0 0 0 '	,	0	,	0	,	0	,	""	);
INSERT INTO `item_instance` VALUES (	@ENTRY+17	,	21884	,	@vendeur_ah	,	0	,	0	,	floor(rand()*5+5)	,	0	,	'0 0 0 0 0 '	,	0	,	'0 0 0 0 0 0 0 0 0 0 0 0 0 0 0 0 0 0 0 0 0 0 0 0 0 0 0 0 0 0 0 0 0 0 0 0 0 0 0 0 0 0 '	,	0	,	0	,	0	,	""	);
INSERT INTO `item_instance` VALUES (	@ENTRY+18	,	21885	,	@vendeur_ah	,	0	,	0	,	floor(rand()*5+5)	,	0	,	'0 0 0 0 0 '	,	0	,	'0 0 0 0 0 0 0 0 0 0 0 0 0 0 0 0 0 0 0 0 0 0 0 0 0 0 0 0 0 0 0 0 0 0 0 0 0 0 0 0 0 0 '	,	0	,	0	,	0	,	""	);
INSERT INTO `item_instance` VALUES (	@ENTRY+19	,	21886	,	@vendeur_ah	,	0	,	0	,	floor(rand()*5+5)	,	0	,	'0 0 0 0 0 '	,	0	,	'0 0 0 0 0 0 0 0 0 0 0 0 0 0 0 0 0 0 0 0 0 0 0 0 0 0 0 0 0 0 0 0 0 0 0 0 0 0 0 0 0 0 '	,	0	,	0	,	0	,	""	);
INSERT INTO `item_instance` VALUES (	@ENTRY+20	,	22451	,	@vendeur_ah	,	0	,	0	,	floor(rand()*5+5)	,	0	,	'0 0 0 0 0 '	,	0	,	'0 0 0 0 0 0 0 0 0 0 0 0 0 0 0 0 0 0 0 0 0 0 0 0 0 0 0 0 0 0 0 0 0 0 0 0 0 0 0 0 0 0 '	,	0	,	0	,	0	,	""	);
INSERT INTO `item_instance` VALUES (	@ENTRY+21	,	22452	,	@vendeur_ah	,	0	,	0	,	floor(rand()*5+5)	,	0	,	'0 0 0 0 0 '	,	0	,	'0 0 0 0 0 0 0 0 0 0 0 0 0 0 0 0 0 0 0 0 0 0 0 0 0 0 0 0 0 0 0 0 0 0 0 0 0 0 0 0 0 0 '	,	0	,	0	,	0	,	""	);
INSERT INTO `item_instance` VALUES (	@ENTRY+22	,	22456	,	@vendeur_ah	,	0	,	0	,	floor(rand()*5+5)	,	0	,	'0 0 0 0 0 '	,	0	,	'0 0 0 0 0 0 0 0 0 0 0 0 0 0 0 0 0 0 0 0 0 0 0 0 0 0 0 0 0 0 0 0 0 0 0 0 0 0 0 0 0 0 '	,	0	,	0	,	0	,	""	);
INSERT INTO `item_instance` VALUES (	@ENTRY+23	,	22457	,	@vendeur_ah	,	0	,	0	,	floor(rand()*5+5)	,	0	,	'0 0 0 0 0 '	,	0	,	'0 0 0 0 0 0 0 0 0 0 0 0 0 0 0 0 0 0 0 0 0 0 0 0 0 0 0 0 0 0 0 0 0 0 0 0 0 0 0 0 0 0 '	,	0	,	0	,	0	,	""	);
INSERT INTO `item_instance` VALUES (	@ENTRY+24	,	22572	,	@vendeur_ah	,	0	,	0	,	floor(rand()*5+5)	,	0	,	'0 0 0 0 0 '	,	0	,	'0 0 0 0 0 0 0 0 0 0 0 0 0 0 0 0 0 0 0 0 0 0 0 0 0 0 0 0 0 0 0 0 0 0 0 0 0 0 0 0 0 0 '	,	0	,	0	,	0	,	""	);
INSERT INTO `item_instance` VALUES (	@ENTRY+25	,	22573	,	@vendeur_ah	,	0	,	0	,	floor(rand()*5+5)	,	0	,	'0 0 0 0 0 '	,	0	,	'0 0 0 0 0 0 0 0 0 0 0 0 0 0 0 0 0 0 0 0 0 0 0 0 0 0 0 0 0 0 0 0 0 0 0 0 0 0 0 0 0 0 '	,	0	,	0	,	0	,	""	);
INSERT INTO `item_instance` VALUES (	@ENTRY+26	,	22574	,	@vendeur_ah	,	0	,	0	,	floor(rand()*5+5)	,	0	,	'0 0 0 0 0 '	,	0	,	'0 0 0 0 0 0 0 0 0 0 0 0 0 0 0 0 0 0 0 0 0 0 0 0 0 0 0 0 0 0 0 0 0 0 0 0 0 0 0 0 0 0 '	,	0	,	0	,	0	,	""	);
INSERT INTO `item_instance` VALUES (	@ENTRY+27	,	22575	,	@vendeur_ah	,	0	,	0	,	floor(rand()*5+5)	,	0	,	'0 0 0 0 0 '	,	0	,	'0 0 0 0 0 0 0 0 0 0 0 0 0 0 0 0 0 0 0 0 0 0 0 0 0 0 0 0 0 0 0 0 0 0 0 0 0 0 0 0 0 0 '	,	0	,	0	,	0	,	""	);
INSERT INTO `item_instance` VALUES (	@ENTRY+28	,	22576	,	@vendeur_ah	,	0	,	0	,	floor(rand()*5+5)	,	0	,	'0 0 0 0 0 '	,	0	,	'0 0 0 0 0 0 0 0 0 0 0 0 0 0 0 0 0 0 0 0 0 0 0 0 0 0 0 0 0 0 0 0 0 0 0 0 0 0 0 0 0 0 '	,	0	,	0	,	0	,	""	);
INSERT INTO `item_instance` VALUES (	@ENTRY+29	,	22577	,	@vendeur_ah	,	0	,	0	,	floor(rand()*5+5)	,	0	,	'0 0 0 0 0 '	,	0	,	'0 0 0 0 0 0 0 0 0 0 0 0 0 0 0 0 0 0 0 0 0 0 0 0 0 0 0 0 0 0 0 0 0 0 0 0 0 0 0 0 0 0 '	,	0	,	0	,	0	,	""	);
INSERT INTO `item_instance` VALUES (	@ENTRY+30	,	22578	,	@vendeur_ah	,	0	,	0	,	floor(rand()*5+5)	,	0	,	'0 0 0 0 0 '	,	0	,	'0 0 0 0 0 0 0 0 0 0 0 0 0 0 0 0 0 0 0 0 0 0 0 0 0 0 0 0 0 0 0 0 0 0 0 0 0 0 0 0 0 0 '	,	0	,	0	,	0	,	""	);
INSERT INTO `item_instance` VALUES (	@ENTRY+31	,	23571	,	@vendeur_ah	,	0	,	0	,	floor(rand()*5+5)	,	0	,	'0 0 0 0 0 '	,	0	,	'0 0 0 0 0 0 0 0 0 0 0 0 0 0 0 0 0 0 0 0 0 0 0 0 0 0 0 0 0 0 0 0 0 0 0 0 0 0 0 0 0 0 '	,	0	,	0	,	0	,	""	);
INSERT INTO `item_instance` VALUES (	@ENTRY+32	,	35622	,	@vendeur_ah	,	0	,	0	,	floor(rand()*5+5)	,	0	,	'0 0 0 0 0 '	,	0	,	'0 0 0 0 0 0 0 0 0 0 0 0 0 0 0 0 0 0 0 0 0 0 0 0 0 0 0 0 0 0 0 0 0 0 0 0 0 0 0 0 0 0 '	,	0	,	0	,	0	,	""	);
INSERT INTO `item_instance` VALUES (	@ENTRY+33	,	35623	,	@vendeur_ah	,	0	,	0	,	floor(rand()*5+5)	,	0	,	'0 0 0 0 0 '	,	0	,	'0 0 0 0 0 0 0 0 0 0 0 0 0 0 0 0 0 0 0 0 0 0 0 0 0 0 0 0 0 0 0 0 0 0 0 0 0 0 0 0 0 0 '	,	0	,	0	,	0	,	""	);
INSERT INTO `item_instance` VALUES (	@ENTRY+34	,	35624	,	@vendeur_ah	,	0	,	0	,	floor(rand()*5+5)	,	0	,	'0 0 0 0 0 '	,	0	,	'0 0 0 0 0 0 0 0 0 0 0 0 0 0 0 0 0 0 0 0 0 0 0 0 0 0 0 0 0 0 0 0 0 0 0 0 0 0 0 0 0 0 '	,	0	,	0	,	0	,	""	);
INSERT INTO `item_instance` VALUES (	@ENTRY+35	,	35625	,	@vendeur_ah	,	0	,	0	,	floor(rand()*5+5)	,	0	,	'0 0 0 0 0 '	,	0	,	'0 0 0 0 0 0 0 0 0 0 0 0 0 0 0 0 0 0 0 0 0 0 0 0 0 0 0 0 0 0 0 0 0 0 0 0 0 0 0 0 0 0 '	,	0	,	0	,	0	,	""	);
INSERT INTO `item_instance` VALUES (	@ENTRY+36	,	35627	,	@vendeur_ah	,	0	,	0	,	floor(rand()*5+5)	,	0	,	'0 0 0 0 0 '	,	0	,	'0 0 0 0 0 0 0 0 0 0 0 0 0 0 0 0 0 0 0 0 0 0 0 0 0 0 0 0 0 0 0 0 0 0 0 0 0 0 0 0 0 0 '	,	0	,	0	,	0	,	""	);
INSERT INTO `item_instance` VALUES (	@ENTRY+37	,	36860	,	@vendeur_ah	,	0	,	0	,	floor(rand()*5+5)	,	0	,	'0 0 0 0 0 '	,	0	,	'0 0 0 0 0 0 0 0 0 0 0 0 0 0 0 0 0 0 0 0 0 0 0 0 0 0 0 0 0 0 0 0 0 0 0 0 0 0 0 0 0 0 '	,	0	,	0	,	0	,	""	);
INSERT INTO `item_instance` VALUES (	@ENTRY+38	,	37700	,	@vendeur_ah	,	0	,	0	,	floor(rand()*5+5)	,	0	,	'0 0 0 0 0 '	,	0	,	'0 0 0 0 0 0 0 0 0 0 0 0 0 0 0 0 0 0 0 0 0 0 0 0 0 0 0 0 0 0 0 0 0 0 0 0 0 0 0 0 0 0 '	,	0	,	0	,	0	,	""	);
INSERT INTO `item_instance` VALUES (	@ENTRY+39	,	37701	,	@vendeur_ah	,	0	,	0	,	floor(rand()*5+5)	,	0	,	'0 0 0 0 0 '	,	0	,	'0 0 0 0 0 0 0 0 0 0 0 0 0 0 0 0 0 0 0 0 0 0 0 0 0 0 0 0 0 0 0 0 0 0 0 0 0 0 0 0 0 0 '	,	0	,	0	,	0	,	""	);
INSERT INTO `item_instance` VALUES (	@ENTRY+40	,	37702	,	@vendeur_ah	,	0	,	0	,	floor(rand()*5+5)	,	0	,	'0 0 0 0 0 '	,	0	,	'0 0 0 0 0 0 0 0 0 0 0 0 0 0 0 0 0 0 0 0 0 0 0 0 0 0 0 0 0 0 0 0 0 0 0 0 0 0 0 0 0 0 '	,	0	,	0	,	0	,	""	);
INSERT INTO `item_instance` VALUES (	@ENTRY+41	,	37703	,	@vendeur_ah	,	0	,	0	,	floor(rand()*5+5)	,	0	,	'0 0 0 0 0 '	,	0	,	'0 0 0 0 0 0 0 0 0 0 0 0 0 0 0 0 0 0 0 0 0 0 0 0 0 0 0 0 0 0 0 0 0 0 0 0 0 0 0 0 0 0 '	,	0	,	0	,	0	,	""	);
INSERT INTO `item_instance` VALUES (	@ENTRY+42	,	37704	,	@vendeur_ah	,	0	,	0	,	floor(rand()*5+5)	,	0	,	'0 0 0 0 0 '	,	0	,	'0 0 0 0 0 0 0 0 0 0 0 0 0 0 0 0 0 0 0 0 0 0 0 0 0 0 0 0 0 0 0 0 0 0 0 0 0 0 0 0 0 0 '	,	0	,	0	,	0	,	""	);
INSERT INTO `item_instance` VALUES (	@ENTRY+43	,	37705	,	@vendeur_ah	,	0	,	0	,	floor(rand()*5+5)	,	0	,	'0 0 0 0 0 '	,	0	,	'0 0 0 0 0 0 0 0 0 0 0 0 0 0 0 0 0 0 0 0 0 0 0 0 0 0 0 0 0 0 0 0 0 0 0 0 0 0 0 0 0 0 '	,	0	,	0	,	0	,	""	);
INSERT INTO `item_instance` VALUES (	@ENTRY+44	,	40248	,	@vendeur_ah	,	0	,	0	,	floor(rand()*5+5)	,	0	,	'0 0 0 0 0 '	,	0	,	'0 0 0 0 0 0 0 0 0 0 0 0 0 0 0 0 0 0 0 0 0 0 0 0 0 0 0 0 0 0 0 0 0 0 0 0 0 0 0 0 0 0 '	,	0	,	0	,	0	,	""	);
INSERT INTO `item_instance` VALUES (	@ENTRY+45	,	52325	,	@vendeur_ah	,	0	,	0	,	floor(rand()*5+5)	,	0	,	'0 0 0 0 0 '	,	0	,	'0 0 0 0 0 0 0 0 0 0 0 0 0 0 0 0 0 0 0 0 0 0 0 0 0 0 0 0 0 0 0 0 0 0 0 0 0 0 0 0 0 0 '	,	0	,	0	,	0	,	""	);
INSERT INTO `item_instance` VALUES (	@ENTRY+46	,	52326	,	@vendeur_ah	,	0	,	0	,	floor(rand()*5+5)	,	0	,	'0 0 0 0 0 '	,	0	,	'0 0 0 0 0 0 0 0 0 0 0 0 0 0 0 0 0 0 0 0 0 0 0 0 0 0 0 0 0 0 0 0 0 0 0 0 0 0 0 0 0 0 '	,	0	,	0	,	0	,	""	);
INSERT INTO `item_instance` VALUES (	@ENTRY+47	,	52327	,	@vendeur_ah	,	0	,	0	,	floor(rand()*5+5)	,	0	,	'0 0 0 0 0 '	,	0	,	'0 0 0 0 0 0 0 0 0 0 0 0 0 0 0 0 0 0 0 0 0 0 0 0 0 0 0 0 0 0 0 0 0 0 0 0 0 0 0 0 0 0 '	,	0	,	0	,	0	,	""	);
INSERT INTO `item_instance` VALUES (	@ENTRY+48	,	52328	,	@vendeur_ah	,	0	,	0	,	floor(rand()*5+5)	,	0	,	'0 0 0 0 0 '	,	0	,	'0 0 0 0 0 0 0 0 0 0 0 0 0 0 0 0 0 0 0 0 0 0 0 0 0 0 0 0 0 0 0 0 0 0 0 0 0 0 0 0 0 0 '	,	0	,	0	,	0	,	""	);
INSERT INTO `item_instance` VALUES (	@ENTRY+49	,	52329	,	@vendeur_ah	,	0	,	0	,	floor(rand()*5+5)	,	0	,	'0 0 0 0 0 '	,	0	,	'0 0 0 0 0 0 0 0 0 0 0 0 0 0 0 0 0 0 0 0 0 0 0 0 0 0 0 0 0 0 0 0 0 0 0 0 0 0 0 0 0 0 '	,	0	,	0	,	0	,	""	);
INSERT INTO `item_instance` VALUES (	@ENTRY+50	,	52330	,	@vendeur_ah	,	0	,	0	,	floor(rand()*5+5)	,	0	,	'0 0 0 0 0 '	,	0	,	'0 0 0 0 0 0 0 0 0 0 0 0 0 0 0 0 0 0 0 0 0 0 0 0 0 0 0 0 0 0 0 0 0 0 0 0 0 0 0 0 0 0 '	,	0	,	0	,	0	,	""	);
INSERT INTO `item_instance` VALUES (	@ENTRY+51	,	52332	,	@vendeur_ah	,	0	,	0	,	floor(rand()*5+5)	,	0	,	'0 0 0 0 0 '	,	0	,	'0 0 0 0 0 0 0 0 0 0 0 0 0 0 0 0 0 0 0 0 0 0 0 0 0 0 0 0 0 0 0 0 0 0 0 0 0 0 0 0 0 0 '	,	0	,	0	,	0	,	""	);
INSERT INTO `item_instance` VALUES (	@ENTRY+52	,	52337	,	@vendeur_ah	,	0	,	0	,	floor(rand()*5+5)	,	0	,	'0 0 0 0 0 '	,	0	,	'0 0 0 0 0 0 0 0 0 0 0 0 0 0 0 0 0 0 0 0 0 0 0 0 0 0 0 0 0 0 0 0 0 0 0 0 0 0 0 0 0 0 '	,	0	,	0	,	0	,	""	);
INSERT INTO `item_instance` VALUES (	@ENTRY+53	,	52719	,	@vendeur_ah	,	0	,	0	,	floor(rand()*5+5)	,	0	,	'0 0 0 0 0 '	,	0	,	'0 0 0 0 0 0 0 0 0 0 0 0 0 0 0 0 0 0 0 0 0 0 0 0 0 0 0 0 0 0 0 0 0 0 0 0 0 0 0 0 0 0 '	,	0	,	0	,	0	,	""	);
INSERT INTO `item_instance` VALUES (	@ENTRY+54	,	54464	,	@vendeur_ah	,	0	,	0	,	floor(rand()*5+5)	,	0	,	'0 0 0 0 0 '	,	0	,	'0 0 0 0 0 0 0 0 0 0 0 0 0 0 0 0 0 0 0 0 0 0 0 0 0 0 0 0 0 0 0 0 0 0 0 0 0 0 0 0 0 0 '	,	0	,	0	,	0	,	""	);
INSERT INTO `item_instance` VALUES (	@ENTRY+55	,	35621	,	@vendeur_ah	,	0	,	0	,	floor(rand()*5+5)	,	0	,	'0 0 0 0 0 '	,	0	,	'0 0 0 0 0 0 0 0 0 0 0 0 0 0 0 0 0 0 0 0 0 0 0 0 0 0 0 0 0 0 0 0 0 0 0 0 0 0 0 0 0 0 '	,	0	,	0	,	0	,	""	);
INSERT INTO `item_instance` VALUES (	@ENTRY+56	,	35626	,	@vendeur_ah	,	0	,	0	,	floor(rand()*5+5)	,	0	,	'0 0 0 0 0 '	,	0	,	'0 0 0 0 0 0 0 0 0 0 0 0 0 0 0 0 0 0 0 0 0 0 0 0 0 0 0 0 0 0 0 0 0 0 0 0 0 0 0 0 0 0 '	,	0	,	0	,	0	,	""	);
INSERT INTO `item_instance` VALUES (	@ENTRY+57	,	52335	,	@vendeur_ah	,	0	,	0	,	floor(rand()*5+5)	,	0	,	'0 0 0 0 0 '	,	0	,	'0 0 0 0 0 0 0 0 0 0 0 0 0 0 0 0 0 0 0 0 0 0 0 0 0 0 0 0 0 0 0 0 0 0 0 0 0 0 0 0 0 0 '	,	0	,	0	,	0	,	""	);
INSERT INTO `item_instance` VALUES (	@ENTRY+58	,	52333	,	@vendeur_ah	,	0	,	0	,	floor(rand()*5+5)	,	0	,	'0 0 0 0 0 '	,	0	,	'0 0 0 0 0 0 0 0 0 0 0 0 0 0 0 0 0 0 0 0 0 0 0 0 0 0 0 0 0 0 0 0 0 0 0 0 0 0 0 0 0 0 '	,	0	,	0	,	0	,	""	);
INSERT INTO `item_instance` VALUES (	@ENTRY+59	,	52336	,	@vendeur_ah	,	0	,	0	,	floor(rand()*5+5)	,	0	,	'0 0 0 0 0 '	,	0	,	'0 0 0 0 0 0 0 0 0 0 0 0 0 0 0 0 0 0 0 0 0 0 0 0 0 0 0 0 0 0 0 0 0 0 0 0 0 0 0 0 0 0 '	,	0	,	0	,	0	,	""	);
INSERT INTO `item_instance` VALUES (	@ENTRY+60	,	52334	,	@vendeur_ah	,	0	,	0	,	floor(rand()*5+5)	,	0	,	'0 0 0 0 0 '	,	0	,	'0 0 0 0 0 0 0 0 0 0 0 0 0 0 0 0 0 0 0 0 0 0 0 0 0 0 0 0 0 0 0 0 0 0 0 0 0 0 0 0 0 0 '	,	0	,	0	,	0	,	""	);





INSERT INTO `auctionhouse` VALUES (	@newENTRY+1	,	@faction_ah	,	@ENTRY+1	,	@vendeur_ah	,	0	,	 UNIX_TIMESTAMP( ADDDATE(now(), INTERVAL floor(24+72*rand()) HOUR)) 	,	0	,	0	,	3623	,	0	);
INSERT INTO `auctionhouse` VALUES (	@newENTRY+2	,	@faction_ah	,	@ENTRY+2	,	@vendeur_ah	,	0	,	 UNIX_TIMESTAMP( ADDDATE(now(), INTERVAL floor(24+72*rand()) HOUR)) 	,	0	,	0	,	2844	,	0	);
INSERT INTO `auctionhouse` VALUES (	@newENTRY+3	,	@faction_ah	,	@ENTRY+3	,	@vendeur_ah	,	0	,	 UNIX_TIMESTAMP( ADDDATE(now(), INTERVAL floor(24+72*rand()) HOUR)) 	,	0	,	0	,	4040	,	0	);
INSERT INTO `auctionhouse` VALUES (	@newENTRY+4	,	@faction_ah	,	@ENTRY+4	,	@vendeur_ah	,	0	,	 UNIX_TIMESTAMP( ADDDATE(now(), INTERVAL floor(24+72*rand()) HOUR)) 	,	0	,	0	,	5489	,	0	);
INSERT INTO `auctionhouse` VALUES (	@newENTRY+5	,	@faction_ah	,	@ENTRY+5	,	@vendeur_ah	,	0	,	 UNIX_TIMESTAMP( ADDDATE(now(), INTERVAL floor(24+72*rand()) HOUR)) 	,	0	,	0	,	13053	,	0	);
INSERT INTO `auctionhouse` VALUES (	@newENTRY+6	,	@faction_ah	,	@ENTRY+6	,	@vendeur_ah	,	0	,	 UNIX_TIMESTAMP( ADDDATE(now(), INTERVAL floor(24+72*rand()) HOUR)) 	,	0	,	0	,	26068	,	0	);
INSERT INTO `auctionhouse` VALUES (	@newENTRY+7	,	@faction_ah	,	@ENTRY+7	,	@vendeur_ah	,	0	,	 UNIX_TIMESTAMP( ADDDATE(now(), INTERVAL floor(24+72*rand()) HOUR)) 	,	0	,	0	,	21197	,	0	);
INSERT INTO `auctionhouse` VALUES (	@newENTRY+8	,	@faction_ah	,	@ENTRY+8	,	@vendeur_ah	,	0	,	 UNIX_TIMESTAMP( ADDDATE(now(), INTERVAL floor(24+72*rand()) HOUR)) 	,	0	,	0	,	30037	,	0	);
INSERT INTO `auctionhouse` VALUES (	@newENTRY+9	,	@faction_ah	,	@ENTRY+9	,	@vendeur_ah	,	0	,	 UNIX_TIMESTAMP( ADDDATE(now(), INTERVAL floor(24+72*rand()) HOUR)) 	,	0	,	0	,	8812	,	0	);
INSERT INTO `auctionhouse` VALUES (	@newENTRY+10	,	@faction_ah	,	@ENTRY+10	,	@vendeur_ah	,	0	,	 UNIX_TIMESTAMP( ADDDATE(now(), INTERVAL floor(24+72*rand()) HOUR)) 	,	0	,	0	,	19254	,	0	);
INSERT INTO `auctionhouse` VALUES (	@newENTRY+11	,	@faction_ah	,	@ENTRY+11	,	@vendeur_ah	,	0	,	 UNIX_TIMESTAMP( ADDDATE(now(), INTERVAL floor(24+72*rand()) HOUR)) 	,	0	,	0	,	6000	,	0	);
INSERT INTO `auctionhouse` VALUES (	@newENTRY+12	,	@faction_ah	,	@ENTRY+12	,	@vendeur_ah	,	0	,	 UNIX_TIMESTAMP( ADDDATE(now(), INTERVAL floor(24+72*rand()) HOUR)) 	,	0	,	0	,	10341	,	0	);
INSERT INTO `auctionhouse` VALUES (	@newENTRY+13	,	@faction_ah	,	@ENTRY+13	,	@vendeur_ah	,	0	,	 UNIX_TIMESTAMP( ADDDATE(now(), INTERVAL floor(24+72*rand()) HOUR)) 	,	0	,	0	,	19192	,	0	);
INSERT INTO `auctionhouse` VALUES (	@newENTRY+14	,	@faction_ah	,	@ENTRY+14	,	@vendeur_ah	,	0	,	 UNIX_TIMESTAMP( ADDDATE(now(), INTERVAL floor(24+72*rand()) HOUR)) 	,	0	,	0	,	12815	,	0	);
INSERT INTO `auctionhouse` VALUES (	@newENTRY+15	,	@faction_ah	,	@ENTRY+15	,	@vendeur_ah	,	0	,	 UNIX_TIMESTAMP( ADDDATE(now(), INTERVAL floor(24+72*rand()) HOUR)) 	,	0	,	0	,	19147	,	0	);
INSERT INTO `auctionhouse` VALUES (	@newENTRY+16	,	@faction_ah	,	@ENTRY+16	,	@vendeur_ah	,	0	,	 UNIX_TIMESTAMP( ADDDATE(now(), INTERVAL floor(24+72*rand()) HOUR)) 	,	0	,	0	,	31192	,	0	);
INSERT INTO `auctionhouse` VALUES (	@newENTRY+17	,	@faction_ah	,	@ENTRY+17	,	@vendeur_ah	,	0	,	 UNIX_TIMESTAMP( ADDDATE(now(), INTERVAL floor(24+72*rand()) HOUR)) 	,	0	,	0	,	1173	,	0	);
INSERT INTO `auctionhouse` VALUES (	@newENTRY+18	,	@faction_ah	,	@ENTRY+18	,	@vendeur_ah	,	0	,	 UNIX_TIMESTAMP( ADDDATE(now(), INTERVAL floor(24+72*rand()) HOUR)) 	,	0	,	0	,	3784	,	0	);
INSERT INTO `auctionhouse` VALUES (	@newENTRY+19	,	@faction_ah	,	@ENTRY+19	,	@vendeur_ah	,	0	,	 UNIX_TIMESTAMP( ADDDATE(now(), INTERVAL floor(24+72*rand()) HOUR)) 	,	0	,	0	,	3534	,	0	);
INSERT INTO `auctionhouse` VALUES (	@newENTRY+20	,	@faction_ah	,	@ENTRY+20	,	@vendeur_ah	,	0	,	 UNIX_TIMESTAMP( ADDDATE(now(), INTERVAL floor(24+72*rand()) HOUR)) 	,	0	,	0	,	1553	,	0	);
INSERT INTO `auctionhouse` VALUES (	@newENTRY+21	,	@faction_ah	,	@ENTRY+21	,	@vendeur_ah	,	0	,	 UNIX_TIMESTAMP( ADDDATE(now(), INTERVAL floor(24+72*rand()) HOUR)) 	,	0	,	0	,	4375	,	0	);
INSERT INTO `auctionhouse` VALUES (	@newENTRY+22	,	@faction_ah	,	@ENTRY+22	,	@vendeur_ah	,	0	,	 UNIX_TIMESTAMP( ADDDATE(now(), INTERVAL floor(24+72*rand()) HOUR)) 	,	0	,	0	,	1000	,	0	);
INSERT INTO `auctionhouse` VALUES (	@newENTRY+23	,	@faction_ah	,	@ENTRY+23	,	@vendeur_ah	,	0	,	 UNIX_TIMESTAMP( ADDDATE(now(), INTERVAL floor(24+72*rand()) HOUR)) 	,	0	,	0	,	4424	,	0	);
INSERT INTO `auctionhouse` VALUES (	@newENTRY+24	,	@faction_ah	,	@ENTRY+24	,	@vendeur_ah	,	0	,	 UNIX_TIMESTAMP( ADDDATE(now(), INTERVAL floor(24+72*rand()) HOUR)) 	,	0	,	0	,	2810	,	0	);
INSERT INTO `auctionhouse` VALUES (	@newENTRY+25	,	@faction_ah	,	@ENTRY+25	,	@vendeur_ah	,	0	,	 UNIX_TIMESTAMP( ADDDATE(now(), INTERVAL floor(24+72*rand()) HOUR)) 	,	0	,	0	,	2343	,	0	);
INSERT INTO `auctionhouse` VALUES (	@newENTRY+26	,	@faction_ah	,	@ENTRY+26	,	@vendeur_ah	,	0	,	 UNIX_TIMESTAMP( ADDDATE(now(), INTERVAL floor(24+72*rand()) HOUR)) 	,	0	,	0	,	2993	,	0	);
INSERT INTO `auctionhouse` VALUES (	@newENTRY+27	,	@faction_ah	,	@ENTRY+27	,	@vendeur_ah	,	0	,	 UNIX_TIMESTAMP( ADDDATE(now(), INTERVAL floor(24+72*rand()) HOUR)) 	,	0	,	0	,	4004	,	0	);
INSERT INTO `auctionhouse` VALUES (	@newENTRY+28	,	@faction_ah	,	@ENTRY+28	,	@vendeur_ah	,	0	,	 UNIX_TIMESTAMP( ADDDATE(now(), INTERVAL floor(24+72*rand()) HOUR)) 	,	0	,	0	,	2011	,	0	);
INSERT INTO `auctionhouse` VALUES (	@newENTRY+29	,	@faction_ah	,	@ENTRY+29	,	@vendeur_ah	,	0	,	 UNIX_TIMESTAMP( ADDDATE(now(), INTERVAL floor(24+72*rand()) HOUR)) 	,	0	,	0	,	2826	,	0	);
INSERT INTO `auctionhouse` VALUES (	@newENTRY+30	,	@faction_ah	,	@ENTRY+30	,	@vendeur_ah	,	0	,	 UNIX_TIMESTAMP( ADDDATE(now(), INTERVAL floor(24+72*rand()) HOUR)) 	,	0	,	0	,	1494	,	0	);
INSERT INTO `auctionhouse` VALUES (	@newENTRY+31	,	@faction_ah	,	@ENTRY+31	,	@vendeur_ah	,	0	,	 UNIX_TIMESTAMP( ADDDATE(now(), INTERVAL floor(24+72*rand()) HOUR)) 	,	0	,	0	,	1664	,	0	);
INSERT INTO `auctionhouse` VALUES (	@newENTRY+32	,	@faction_ah	,	@ENTRY+32	,	@vendeur_ah	,	0	,	 UNIX_TIMESTAMP( ADDDATE(now(), INTERVAL floor(24+72*rand()) HOUR)) 	,	0	,	0	,	39992	,	0	);
INSERT INTO `auctionhouse` VALUES (	@newENTRY+33	,	@faction_ah	,	@ENTRY+33	,	@vendeur_ah	,	0	,	 UNIX_TIMESTAMP( ADDDATE(now(), INTERVAL floor(24+72*rand()) HOUR)) 	,	0	,	0	,	39304	,	0	);
INSERT INTO `auctionhouse` VALUES (	@newENTRY+34	,	@faction_ah	,	@ENTRY+34	,	@vendeur_ah	,	0	,	 UNIX_TIMESTAMP( ADDDATE(now(), INTERVAL floor(24+72*rand()) HOUR)) 	,	0	,	0	,	25707	,	0	);
INSERT INTO `auctionhouse` VALUES (	@newENTRY+35	,	@faction_ah	,	@ENTRY+35	,	@vendeur_ah	,	0	,	 UNIX_TIMESTAMP( ADDDATE(now(), INTERVAL floor(24+72*rand()) HOUR)) 	,	0	,	0	,	10000	,	0	);
INSERT INTO `auctionhouse` VALUES (	@newENTRY+36	,	@faction_ah	,	@ENTRY+36	,	@vendeur_ah	,	0	,	 UNIX_TIMESTAMP( ADDDATE(now(), INTERVAL floor(24+72*rand()) HOUR)) 	,	0	,	0	,	34556	,	0	);
INSERT INTO `auctionhouse` VALUES (	@newENTRY+37	,	@faction_ah	,	@ENTRY+37	,	@vendeur_ah	,	0	,	 UNIX_TIMESTAMP( ADDDATE(now(), INTERVAL floor(24+72*rand()) HOUR)) 	,	0	,	0	,	10000	,	0	);
INSERT INTO `auctionhouse` VALUES (	@newENTRY+38	,	@faction_ah	,	@ENTRY+38	,	@vendeur_ah	,	0	,	 UNIX_TIMESTAMP( ADDDATE(now(), INTERVAL floor(24+72*rand()) HOUR)) 	,	0	,	0	,	32212	,	0	);
INSERT INTO `auctionhouse` VALUES (	@newENTRY+39	,	@faction_ah	,	@ENTRY+39	,	@vendeur_ah	,	0	,	 UNIX_TIMESTAMP( ADDDATE(now(), INTERVAL floor(24+72*rand()) HOUR)) 	,	0	,	0	,	37292	,	0	);
INSERT INTO `auctionhouse` VALUES (	@newENTRY+40	,	@faction_ah	,	@ENTRY+40	,	@vendeur_ah	,	0	,	 UNIX_TIMESTAMP( ADDDATE(now(), INTERVAL floor(24+72*rand()) HOUR)) 	,	0	,	0	,	37299	,	0	);
INSERT INTO `auctionhouse` VALUES (	@newENTRY+41	,	@faction_ah	,	@ENTRY+41	,	@vendeur_ah	,	0	,	 UNIX_TIMESTAMP( ADDDATE(now(), INTERVAL floor(24+72*rand()) HOUR)) 	,	0	,	0	,	32146	,	0	);
INSERT INTO `auctionhouse` VALUES (	@newENTRY+42	,	@faction_ah	,	@ENTRY+42	,	@vendeur_ah	,	0	,	 UNIX_TIMESTAMP( ADDDATE(now(), INTERVAL floor(24+72*rand()) HOUR)) 	,	0	,	0	,	35199	,	0	);
INSERT INTO `auctionhouse` VALUES (	@newENTRY+43	,	@faction_ah	,	@ENTRY+43	,	@vendeur_ah	,	0	,	 UNIX_TIMESTAMP( ADDDATE(now(), INTERVAL floor(24+72*rand()) HOUR)) 	,	0	,	0	,	13641	,	0	);
INSERT INTO `auctionhouse` VALUES (	@newENTRY+44	,	@faction_ah	,	@ENTRY+44	,	@vendeur_ah	,	0	,	 UNIX_TIMESTAMP( ADDDATE(now(), INTERVAL floor(24+72*rand()) HOUR)) 	,	0	,	0	,	43254	,	0	);
INSERT INTO `auctionhouse` VALUES (	@newENTRY+45	,	@faction_ah	,	@ENTRY+45	,	@vendeur_ah	,	0	,	 UNIX_TIMESTAMP( ADDDATE(now(), INTERVAL floor(24+72*rand()) HOUR)) 	,	0	,	0	,	10000	,	0	);
INSERT INTO `auctionhouse` VALUES (	@newENTRY+46	,	@faction_ah	,	@ENTRY+46	,	@vendeur_ah	,	0	,	 UNIX_TIMESTAMP( ADDDATE(now(), INTERVAL floor(24+72*rand()) HOUR)) 	,	0	,	0	,	27771	,	0	);
INSERT INTO `auctionhouse` VALUES (	@newENTRY+47	,	@faction_ah	,	@ENTRY+47	,	@vendeur_ah	,	0	,	 UNIX_TIMESTAMP( ADDDATE(now(), INTERVAL floor(24+72*rand()) HOUR)) 	,	0	,	0	,	35292	,	0	);
INSERT INTO `auctionhouse` VALUES (	@newENTRY+48	,	@faction_ah	,	@ENTRY+48	,	@vendeur_ah	,	0	,	 UNIX_TIMESTAMP( ADDDATE(now(), INTERVAL floor(24+72*rand()) HOUR)) 	,	0	,	0	,	10000	,	0	);
INSERT INTO `auctionhouse` VALUES (	@newENTRY+49	,	@faction_ah	,	@ENTRY+49	,	@vendeur_ah	,	0	,	 UNIX_TIMESTAMP( ADDDATE(now(), INTERVAL floor(24+72*rand()) HOUR)) 	,	0	,	0	,	17036	,	0	);
INSERT INTO `auctionhouse` VALUES (	@newENTRY+50	,	@faction_ah	,	@ENTRY+50	,	@vendeur_ah	,	0	,	 UNIX_TIMESTAMP( ADDDATE(now(), INTERVAL floor(24+72*rand()) HOUR)) 	,	0	,	0	,	10000	,	0	);
INSERT INTO `auctionhouse` VALUES (	@newENTRY+51	,	@faction_ah	,	@ENTRY+51	,	@vendeur_ah	,	0	,	 UNIX_TIMESTAMP( ADDDATE(now(), INTERVAL floor(24+72*rand()) HOUR)) 	,	0	,	0	,	33650	,	0	);
INSERT INTO `auctionhouse` VALUES (	@newENTRY+52	,	@faction_ah	,	@ENTRY+52	,	@vendeur_ah	,	0	,	 UNIX_TIMESTAMP( ADDDATE(now(), INTERVAL floor(24+72*rand()) HOUR)) 	,	0	,	0	,	42549	,	0	);
INSERT INTO `auctionhouse` VALUES (	@newENTRY+53	,	@faction_ah	,	@ENTRY+53	,	@vendeur_ah	,	0	,	 UNIX_TIMESTAMP( ADDDATE(now(), INTERVAL floor(24+72*rand()) HOUR)) 	,	0	,	0	,	10000	,	0	);
INSERT INTO `auctionhouse` VALUES (	@newENTRY+54	,	@faction_ah	,	@ENTRY+54	,	@vendeur_ah	,	0	,	 UNIX_TIMESTAMP( ADDDATE(now(), INTERVAL floor(24+72*rand()) HOUR)) 	,	0	,	0	,	23807	,	0	);
INSERT INTO `auctionhouse` VALUES (	@newENTRY+55	,	@faction_ah	,	@ENTRY+55	,	@vendeur_ah	,	0	,	 UNIX_TIMESTAMP( ADDDATE(now(), INTERVAL floor(24+72*rand()) HOUR)) 	,	0	,	0	,	306	,	0	);
INSERT INTO `auctionhouse` VALUES (	@newENTRY+56	,	@faction_ah	,	@ENTRY+56	,	@vendeur_ah	,	0	,	 UNIX_TIMESTAMP( ADDDATE(now(), INTERVAL floor(24+72*rand()) HOUR)) 	,	0	,	0	,	351	,	0	);
INSERT INTO `auctionhouse` VALUES (	@newENTRY+57	,	@faction_ah	,	@ENTRY+57	,	@vendeur_ah	,	0	,	 UNIX_TIMESTAMP( ADDDATE(now(), INTERVAL floor(24+72*rand()) HOUR)) 	,	0	,	0	,	368	,	0	);
INSERT INTO `auctionhouse` VALUES (	@newENTRY+58	,	@faction_ah	,	@ENTRY+58	,	@vendeur_ah	,	0	,	 UNIX_TIMESTAMP( ADDDATE(now(), INTERVAL floor(24+72*rand()) HOUR)) 	,	0	,	0	,	317	,	0	);
INSERT INTO `auctionhouse` VALUES (	@newENTRY+59	,	@faction_ah	,	@ENTRY+59	,	@vendeur_ah	,	0	,	 UNIX_TIMESTAMP( ADDDATE(now(), INTERVAL floor(24+72*rand()) HOUR)) 	,	0	,	0	,	394	,	0	);
INSERT INTO `auctionhouse` VALUES (	@newENTRY+60	,	@faction_ah	,	@ENTRY+60	,	@vendeur_ah	,	0	,	 UNIX_TIMESTAMP( ADDDATE(now(), INTERVAL floor(24+72*rand()) HOUR)) 	,	0	,	0	,	119	,	0	);




















