



SET  @newENTRY =(SELECT max(`id`) FROM `auctionhouse` );
set @vendeur_ah := 55;
SET  @ENTRY =(SELECT max(`guid`) FROM `item_instance` );

DROP TABLE IF EXISTS `t`;
CREATE TABLE `t` (i INT);
insert into `t` values(23442) , (79707) ,(4656);
set  @faction_ah = (SELECT i FROM t ORDER BY RAND() LIMIT 1);



INSERT INTO `item_instance`  (guid,itemEntry,owner_guid,creatorGuid,giftCreatorGuid,count,duration,charges,flags,enchantments,randomPropertyId,durability,playedTime,text)
VALUES (@ENTRY+1,723,@vendeur_ah,@vendeur_ah,0,floor(rand()*5+5),0,'0 0 0 0 0 ',0,'0 0 0 0 0 0 0 0 0 0 0 0 0 0 0 0 0 0 0 0 0 0 0 0 0 0 0 0 0 0 0 0 0 0 0 0 0 0 0 0 0 0 ',0,0,0,""),
(@ENTRY+2,729,@vendeur_ah,@vendeur_ah,0,floor(rand()*5+5),0,'0 0 0 0 0 ',0,'0 0 0 0 0 0 0 0 0 0 0 0 0 0 0 0 0 0 0 0 0 0 0 0 0 0 0 0 0 0 0 0 0 0 0 0 0 0 0 0 0 0 ',0,0,0,""),
(@ENTRY+3,730,@vendeur_ah,@vendeur_ah,0,floor(rand()*5+5),0,'0 0 0 0 0 ',0,'0 0 0 0 0 0 0 0 0 0 0 0 0 0 0 0 0 0 0 0 0 0 0 0 0 0 0 0 0 0 0 0 0 0 0 0 0 0 0 0 0 0 ',0,0,0,""),
(@ENTRY+4,731,@vendeur_ah,@vendeur_ah,0,floor(rand()*5+5),0,'0 0 0 0 0 ',0,'0 0 0 0 0 0 0 0 0 0 0 0 0 0 0 0 0 0 0 0 0 0 0 0 0 0 0 0 0 0 0 0 0 0 0 0 0 0 0 0 0 0 ',0,0,0,""),
(@ENTRY+5,769,@vendeur_ah,@vendeur_ah,0,floor(rand()*5+5),0,'0 0 0 0 0 ',0,'0 0 0 0 0 0 0 0 0 0 0 0 0 0 0 0 0 0 0 0 0 0 0 0 0 0 0 0 0 0 0 0 0 0 0 0 0 0 0 0 0 0 ',0,0,0,""),
(@ENTRY+6,1015,@vendeur_ah,@vendeur_ah,0,floor(rand()*5+5),0,'0 0 0 0 0 ',0,'0 0 0 0 0 0 0 0 0 0 0 0 0 0 0 0 0 0 0 0 0 0 0 0 0 0 0 0 0 0 0 0 0 0 0 0 0 0 0 0 0 0 ',0,0,0,""),
(@ENTRY+7,1080,@vendeur_ah,@vendeur_ah,0,floor(rand()*5+5),0,'0 0 0 0 0 ',0,'0 0 0 0 0 0 0 0 0 0 0 0 0 0 0 0 0 0 0 0 0 0 0 0 0 0 0 0 0 0 0 0 0 0 0 0 0 0 0 0 0 0 ',0,0,0,""),
(@ENTRY+8,1081,@vendeur_ah,@vendeur_ah,0,floor(rand()*5+5),0,'0 0 0 0 0 ',0,'0 0 0 0 0 0 0 0 0 0 0 0 0 0 0 0 0 0 0 0 0 0 0 0 0 0 0 0 0 0 0 0 0 0 0 0 0 0 0 0 0 0 ',0,0,0,""),
(@ENTRY+9,1468,@vendeur_ah,@vendeur_ah,0,floor(rand()*5+5),0,'0 0 0 0 0 ',0,'0 0 0 0 0 0 0 0 0 0 0 0 0 0 0 0 0 0 0 0 0 0 0 0 0 0 0 0 0 0 0 0 0 0 0 0 0 0 0 0 0 0 ',0,0,0,""),
(@ENTRY+10,2251,@vendeur_ah,@vendeur_ah,0,floor(rand()*5+5),0,'0 0 0 0 0 ',0,'0 0 0 0 0 0 0 0 0 0 0 0 0 0 0 0 0 0 0 0 0 0 0 0 0 0 0 0 0 0 0 0 0 0 0 0 0 0 0 0 0 0 ',0,0,0,""),
(@ENTRY+11,2296,@vendeur_ah,@vendeur_ah,0,floor(rand()*5+5),0,'0 0 0 0 0 ',0,'0 0 0 0 0 0 0 0 0 0 0 0 0 0 0 0 0 0 0 0 0 0 0 0 0 0 0 0 0 0 0 0 0 0 0 0 0 0 0 0 0 0 ',0,0,0,""),
(@ENTRY+12,2665,@vendeur_ah,@vendeur_ah,0,floor(rand()*5+5),0,'0 0 0 0 0 ',0,'0 0 0 0 0 0 0 0 0 0 0 0 0 0 0 0 0 0 0 0 0 0 0 0 0 0 0 0 0 0 0 0 0 0 0 0 0 0 0 0 0 0 ',0,0,0,""),
(@ENTRY+13,2672,@vendeur_ah,@vendeur_ah,0,floor(rand()*5+5),0,'0 0 0 0 0 ',0,'0 0 0 0 0 0 0 0 0 0 0 0 0 0 0 0 0 0 0 0 0 0 0 0 0 0 0 0 0 0 0 0 0 0 0 0 0 0 0 0 0 0 ',0,0,0,""),
(@ENTRY+14,2673,@vendeur_ah,@vendeur_ah,0,floor(rand()*5+5),0,'0 0 0 0 0 ',0,'0 0 0 0 0 0 0 0 0 0 0 0 0 0 0 0 0 0 0 0 0 0 0 0 0 0 0 0 0 0 0 0 0 0 0 0 0 0 0 0 0 0 ',0,0,0,""),
(@ENTRY+15,2674,@vendeur_ah,@vendeur_ah,0,floor(rand()*5+5),0,'0 0 0 0 0 ',0,'0 0 0 0 0 0 0 0 0 0 0 0 0 0 0 0 0 0 0 0 0 0 0 0 0 0 0 0 0 0 0 0 0 0 0 0 0 0 0 0 0 0 ',0,0,0,""),
(@ENTRY+16,2675,@vendeur_ah,@vendeur_ah,0,floor(rand()*5+5),0,'0 0 0 0 0 ',0,'0 0 0 0 0 0 0 0 0 0 0 0 0 0 0 0 0 0 0 0 0 0 0 0 0 0 0 0 0 0 0 0 0 0 0 0 0 0 0 0 0 0 ',0,0,0,""),
(@ENTRY+17,2677,@vendeur_ah,@vendeur_ah,0,floor(rand()*5+5),0,'0 0 0 0 0 ',0,'0 0 0 0 0 0 0 0 0 0 0 0 0 0 0 0 0 0 0 0 0 0 0 0 0 0 0 0 0 0 0 0 0 0 0 0 0 0 0 0 0 0 ',0,0,0,""),
(@ENTRY+18,2886,@vendeur_ah,@vendeur_ah,0,floor(rand()*5+5),0,'0 0 0 0 0 ',0,'0 0 0 0 0 0 0 0 0 0 0 0 0 0 0 0 0 0 0 0 0 0 0 0 0 0 0 0 0 0 0 0 0 0 0 0 0 0 0 0 0 0 ',0,0,0,""),
(@ENTRY+19,2924,@vendeur_ah,@vendeur_ah,0,floor(rand()*5+5),0,'0 0 0 0 0 ',0,'0 0 0 0 0 0 0 0 0 0 0 0 0 0 0 0 0 0 0 0 0 0 0 0 0 0 0 0 0 0 0 0 0 0 0 0 0 0 0 0 0 0 ',0,0,0,""),
(@ENTRY+20,3172,@vendeur_ah,@vendeur_ah,0,floor(rand()*5+5),0,'0 0 0 0 0 ',0,'0 0 0 0 0 0 0 0 0 0 0 0 0 0 0 0 0 0 0 0 0 0 0 0 0 0 0 0 0 0 0 0 0 0 0 0 0 0 0 0 0 0 ',0,0,0,""),
(@ENTRY+21,3173,@vendeur_ah,@vendeur_ah,0,floor(rand()*5+5),0,'0 0 0 0 0 ',0,'0 0 0 0 0 0 0 0 0 0 0 0 0 0 0 0 0 0 0 0 0 0 0 0 0 0 0 0 0 0 0 0 0 0 0 0 0 0 0 0 0 0 ',0,0,0,""),
(@ENTRY+22,3174,@vendeur_ah,@vendeur_ah,0,floor(rand()*5+5),0,'0 0 0 0 0 ',0,'0 0 0 0 0 0 0 0 0 0 0 0 0 0 0 0 0 0 0 0 0 0 0 0 0 0 0 0 0 0 0 0 0 0 0 0 0 0 0 0 0 0 ',0,0,0,""),
(@ENTRY+23,3404,@vendeur_ah,@vendeur_ah,0,floor(rand()*5+5),0,'0 0 0 0 0 ',0,'0 0 0 0 0 0 0 0 0 0 0 0 0 0 0 0 0 0 0 0 0 0 0 0 0 0 0 0 0 0 0 0 0 0 0 0 0 0 0 0 0 0 ',0,0,0,""),
(@ENTRY+24,3667,@vendeur_ah,@vendeur_ah,0,floor(rand()*5+5),0,'0 0 0 0 0 ',0,'0 0 0 0 0 0 0 0 0 0 0 0 0 0 0 0 0 0 0 0 0 0 0 0 0 0 0 0 0 0 0 0 0 0 0 0 0 0 0 0 0 0 ',0,0,0,""),
(@ENTRY+25,3685,@vendeur_ah,@vendeur_ah,0,floor(rand()*5+5),0,'0 0 0 0 0 ',0,'0 0 0 0 0 0 0 0 0 0 0 0 0 0 0 0 0 0 0 0 0 0 0 0 0 0 0 0 0 0 0 0 0 0 0 0 0 0 0 0 0 0 ',0,0,0,""),
(@ENTRY+26,3712,@vendeur_ah,@vendeur_ah,0,floor(rand()*5+5),0,'0 0 0 0 0 ',0,'0 0 0 0 0 0 0 0 0 0 0 0 0 0 0 0 0 0 0 0 0 0 0 0 0 0 0 0 0 0 0 0 0 0 0 0 0 0 0 0 0 0 ',0,0,0,""),
(@ENTRY+27,3730,@vendeur_ah,@vendeur_ah,0,floor(rand()*5+5),0,'0 0 0 0 0 ',0,'0 0 0 0 0 0 0 0 0 0 0 0 0 0 0 0 0 0 0 0 0 0 0 0 0 0 0 0 0 0 0 0 0 0 0 0 0 0 0 0 0 0 ',0,0,0,""),
(@ENTRY+28,3731,@vendeur_ah,@vendeur_ah,0,floor(rand()*5+5),0,'0 0 0 0 0 ',0,'0 0 0 0 0 0 0 0 0 0 0 0 0 0 0 0 0 0 0 0 0 0 0 0 0 0 0 0 0 0 0 0 0 0 0 0 0 0 0 0 0 0 ',0,0,0,""),
(@ENTRY+29,4603,@vendeur_ah,@vendeur_ah,0,floor(rand()*5+5),0,'0 0 0 0 0 ',0,'0 0 0 0 0 0 0 0 0 0 0 0 0 0 0 0 0 0 0 0 0 0 0 0 0 0 0 0 0 0 0 0 0 0 0 0 0 0 0 0 0 0 ',0,0,0,""),
(@ENTRY+30,4655,@vendeur_ah,@vendeur_ah,0,floor(rand()*5+5),0,'0 0 0 0 0 ',0,'0 0 0 0 0 0 0 0 0 0 0 0 0 0 0 0 0 0 0 0 0 0 0 0 0 0 0 0 0 0 0 0 0 0 0 0 0 0 0 0 0 0 ',0,0,0,""),
(@ENTRY+31,5465,@vendeur_ah,@vendeur_ah,0,floor(rand()*5+5),0,'0 0 0 0 0 ',0,'0 0 0 0 0 0 0 0 0 0 0 0 0 0 0 0 0 0 0 0 0 0 0 0 0 0 0 0 0 0 0 0 0 0 0 0 0 0 0 0 0 0 ',0,0,0,""),
(@ENTRY+32,5466,@vendeur_ah,@vendeur_ah,0,floor(rand()*5+5),0,'0 0 0 0 0 ',0,'0 0 0 0 0 0 0 0 0 0 0 0 0 0 0 0 0 0 0 0 0 0 0 0 0 0 0 0 0 0 0 0 0 0 0 0 0 0 0 0 0 0 ',0,0,0,""),
(@ENTRY+33,5467,@vendeur_ah,@vendeur_ah,0,floor(rand()*5+5),0,'0 0 0 0 0 ',0,'0 0 0 0 0 0 0 0 0 0 0 0 0 0 0 0 0 0 0 0 0 0 0 0 0 0 0 0 0 0 0 0 0 0 0 0 0 0 0 0 0 0 ',0,0,0,""),
(@ENTRY+34,5468,@vendeur_ah,@vendeur_ah,0,floor(rand()*5+5),0,'0 0 0 0 0 ',0,'0 0 0 0 0 0 0 0 0 0 0 0 0 0 0 0 0 0 0 0 0 0 0 0 0 0 0 0 0 0 0 0 0 0 0 0 0 0 0 0 0 0 ',0,0,0,""),
(@ENTRY+35,5469,@vendeur_ah,@vendeur_ah,0,floor(rand()*5+5),0,'0 0 0 0 0 ',0,'0 0 0 0 0 0 0 0 0 0 0 0 0 0 0 0 0 0 0 0 0 0 0 0 0 0 0 0 0 0 0 0 0 0 0 0 0 0 0 0 0 0 ',0,0,0,""),
(@ENTRY+36,5470,@vendeur_ah,@vendeur_ah,0,floor(rand()*5+5),0,'0 0 0 0 0 ',0,'0 0 0 0 0 0 0 0 0 0 0 0 0 0 0 0 0 0 0 0 0 0 0 0 0 0 0 0 0 0 0 0 0 0 0 0 0 0 0 0 0 0 ',0,0,0,""),
(@ENTRY+37,5471,@vendeur_ah,@vendeur_ah,0,floor(rand()*5+5),0,'0 0 0 0 0 ',0,'0 0 0 0 0 0 0 0 0 0 0 0 0 0 0 0 0 0 0 0 0 0 0 0 0 0 0 0 0 0 0 0 0 0 0 0 0 0 0 0 0 0 ',0,0,0,""),
(@ENTRY+38,5503,@vendeur_ah,@vendeur_ah,0,floor(rand()*5+5),0,'0 0 0 0 0 ',0,'0 0 0 0 0 0 0 0 0 0 0 0 0 0 0 0 0 0 0 0 0 0 0 0 0 0 0 0 0 0 0 0 0 0 0 0 0 0 0 0 0 0 ',0,0,0,""),
(@ENTRY+39,5504,@vendeur_ah,@vendeur_ah,0,floor(rand()*5+5),0,'0 0 0 0 0 ',0,'0 0 0 0 0 0 0 0 0 0 0 0 0 0 0 0 0 0 0 0 0 0 0 0 0 0 0 0 0 0 0 0 0 0 0 0 0 0 0 0 0 0 ',0,0,0,""),
(@ENTRY+40,6289,@vendeur_ah,@vendeur_ah,0,floor(rand()*5+5),0,'0 0 0 0 0 ',0,'0 0 0 0 0 0 0 0 0 0 0 0 0 0 0 0 0 0 0 0 0 0 0 0 0 0 0 0 0 0 0 0 0 0 0 0 0 0 0 0 0 0 ',0,0,0,""),
(@ENTRY+41,6291,@vendeur_ah,@vendeur_ah,0,floor(rand()*5+5),0,'0 0 0 0 0 ',0,'0 0 0 0 0 0 0 0 0 0 0 0 0 0 0 0 0 0 0 0 0 0 0 0 0 0 0 0 0 0 0 0 0 0 0 0 0 0 0 0 0 0 ',0,0,0,""),
(@ENTRY+42,6303,@vendeur_ah,@vendeur_ah,0,floor(rand()*5+5),0,'0 0 0 0 0 ',0,'0 0 0 0 0 0 0 0 0 0 0 0 0 0 0 0 0 0 0 0 0 0 0 0 0 0 0 0 0 0 0 0 0 0 0 0 0 0 0 0 0 0 ',0,0,0,""),
(@ENTRY+43,6308,@vendeur_ah,@vendeur_ah,0,floor(rand()*5+5),0,'0 0 0 0 0 ',0,'0 0 0 0 0 0 0 0 0 0 0 0 0 0 0 0 0 0 0 0 0 0 0 0 0 0 0 0 0 0 0 0 0 0 0 0 0 0 0 0 0 0 ',0,0,0,""),
(@ENTRY+44,6317,@vendeur_ah,@vendeur_ah,0,floor(rand()*5+5),0,'0 0 0 0 0 ',0,'0 0 0 0 0 0 0 0 0 0 0 0 0 0 0 0 0 0 0 0 0 0 0 0 0 0 0 0 0 0 0 0 0 0 0 0 0 0 0 0 0 0 ',0,0,0,""),
(@ENTRY+45,6361,@vendeur_ah,@vendeur_ah,0,floor(rand()*5+5),0,'0 0 0 0 0 ',0,'0 0 0 0 0 0 0 0 0 0 0 0 0 0 0 0 0 0 0 0 0 0 0 0 0 0 0 0 0 0 0 0 0 0 0 0 0 0 0 0 0 0 ',0,0,0,""),
(@ENTRY+46,6362,@vendeur_ah,@vendeur_ah,0,floor(rand()*5+5),0,'0 0 0 0 0 ',0,'0 0 0 0 0 0 0 0 0 0 0 0 0 0 0 0 0 0 0 0 0 0 0 0 0 0 0 0 0 0 0 0 0 0 0 0 0 0 0 0 0 0 ',0,0,0,""),
(@ENTRY+47,6889,@vendeur_ah,@vendeur_ah,0,floor(rand()*5+5),0,'0 0 0 0 0 ',0,'0 0 0 0 0 0 0 0 0 0 0 0 0 0 0 0 0 0 0 0 0 0 0 0 0 0 0 0 0 0 0 0 0 0 0 0 0 0 0 0 0 0 ',0,0,0,""),
(@ENTRY+48,7974,@vendeur_ah,@vendeur_ah,0,floor(rand()*5+5),0,'0 0 0 0 0 ',0,'0 0 0 0 0 0 0 0 0 0 0 0 0 0 0 0 0 0 0 0 0 0 0 0 0 0 0 0 0 0 0 0 0 0 0 0 0 0 0 0 0 0 ',0,0,0,""),
(@ENTRY+49,8365,@vendeur_ah,@vendeur_ah,0,floor(rand()*5+5),0,'0 0 0 0 0 ',0,'0 0 0 0 0 0 0 0 0 0 0 0 0 0 0 0 0 0 0 0 0 0 0 0 0 0 0 0 0 0 0 0 0 0 0 0 0 0 0 0 0 0 ',0,0,0,""),
(@ENTRY+50,8959,@vendeur_ah,@vendeur_ah,0,floor(rand()*5+5),0,'0 0 0 0 0 ',0,'0 0 0 0 0 0 0 0 0 0 0 0 0 0 0 0 0 0 0 0 0 0 0 0 0 0 0 0 0 0 0 0 0 0 0 0 0 0 0 0 0 0 ',0,0,0,""),
(@ENTRY+51,12037,@vendeur_ah,@vendeur_ah,0,floor(rand()*5+5),0,'0 0 0 0 0 ',0,'0 0 0 0 0 0 0 0 0 0 0 0 0 0 0 0 0 0 0 0 0 0 0 0 0 0 0 0 0 0 0 0 0 0 0 0 0 0 0 0 0 0 ',0,0,0,""),
(@ENTRY+52,12184,@vendeur_ah,@vendeur_ah,0,floor(rand()*5+5),0,'0 0 0 0 0 ',0,'0 0 0 0 0 0 0 0 0 0 0 0 0 0 0 0 0 0 0 0 0 0 0 0 0 0 0 0 0 0 0 0 0 0 0 0 0 0 0 0 0 0 ',0,0,0,""),
(@ENTRY+53,12202,@vendeur_ah,@vendeur_ah,0,floor(rand()*5+5),0,'0 0 0 0 0 ',0,'0 0 0 0 0 0 0 0 0 0 0 0 0 0 0 0 0 0 0 0 0 0 0 0 0 0 0 0 0 0 0 0 0 0 0 0 0 0 0 0 0 0 ',0,0,0,""),
(@ENTRY+54,12203,@vendeur_ah,@vendeur_ah,0,floor(rand()*5+5),0,'0 0 0 0 0 ',0,'0 0 0 0 0 0 0 0 0 0 0 0 0 0 0 0 0 0 0 0 0 0 0 0 0 0 0 0 0 0 0 0 0 0 0 0 0 0 0 0 0 0 ',0,0,0,""),
(@ENTRY+55,12204,@vendeur_ah,@vendeur_ah,0,floor(rand()*5+5),0,'0 0 0 0 0 ',0,'0 0 0 0 0 0 0 0 0 0 0 0 0 0 0 0 0 0 0 0 0 0 0 0 0 0 0 0 0 0 0 0 0 0 0 0 0 0 0 0 0 0 ',0,0,0,""),
(@ENTRY+56,12205,@vendeur_ah,@vendeur_ah,0,floor(rand()*5+5),0,'0 0 0 0 0 ',0,'0 0 0 0 0 0 0 0 0 0 0 0 0 0 0 0 0 0 0 0 0 0 0 0 0 0 0 0 0 0 0 0 0 0 0 0 0 0 0 0 0 0 ',0,0,0,""),
(@ENTRY+57,12206,@vendeur_ah,@vendeur_ah,0,floor(rand()*5+5),0,'0 0 0 0 0 ',0,'0 0 0 0 0 0 0 0 0 0 0 0 0 0 0 0 0 0 0 0 0 0 0 0 0 0 0 0 0 0 0 0 0 0 0 0 0 0 0 0 0 0 ',0,0,0,""),
(@ENTRY+58,12207,@vendeur_ah,@vendeur_ah,0,floor(rand()*5+5),0,'0 0 0 0 0 ',0,'0 0 0 0 0 0 0 0 0 0 0 0 0 0 0 0 0 0 0 0 0 0 0 0 0 0 0 0 0 0 0 0 0 0 0 0 0 0 0 0 0 0 ',0,0,0,""),
(@ENTRY+59,12208,@vendeur_ah,@vendeur_ah,0,floor(rand()*5+5),0,'0 0 0 0 0 ',0,'0 0 0 0 0 0 0 0 0 0 0 0 0 0 0 0 0 0 0 0 0 0 0 0 0 0 0 0 0 0 0 0 0 0 0 0 0 0 0 0 0 0 ',0,0,0,""),
(@ENTRY+60,12223,@vendeur_ah,@vendeur_ah,0,floor(rand()*5+5),0,'0 0 0 0 0 ',0,'0 0 0 0 0 0 0 0 0 0 0 0 0 0 0 0 0 0 0 0 0 0 0 0 0 0 0 0 0 0 0 0 0 0 0 0 0 0 0 0 0 0 ',0,0,0,""),
(@ENTRY+61,13754,@vendeur_ah,@vendeur_ah,0,floor(rand()*5+5),0,'0 0 0 0 0 ',0,'0 0 0 0 0 0 0 0 0 0 0 0 0 0 0 0 0 0 0 0 0 0 0 0 0 0 0 0 0 0 0 0 0 0 0 0 0 0 0 0 0 0 ',0,0,0,""),
(@ENTRY+62,13756,@vendeur_ah,@vendeur_ah,0,floor(rand()*5+5),0,'0 0 0 0 0 ',0,'0 0 0 0 0 0 0 0 0 0 0 0 0 0 0 0 0 0 0 0 0 0 0 0 0 0 0 0 0 0 0 0 0 0 0 0 0 0 0 0 0 0 ',0,0,0,""),
(@ENTRY+63,13758,@vendeur_ah,@vendeur_ah,0,floor(rand()*5+5),0,'0 0 0 0 0 ',0,'0 0 0 0 0 0 0 0 0 0 0 0 0 0 0 0 0 0 0 0 0 0 0 0 0 0 0 0 0 0 0 0 0 0 0 0 0 0 0 0 0 0 ',0,0,0,""),
(@ENTRY+64,13759,@vendeur_ah,@vendeur_ah,0,floor(rand()*5+5),0,'0 0 0 0 0 ',0,'0 0 0 0 0 0 0 0 0 0 0 0 0 0 0 0 0 0 0 0 0 0 0 0 0 0 0 0 0 0 0 0 0 0 0 0 0 0 0 0 0 0 ',0,0,0,""),
(@ENTRY+65,13760,@vendeur_ah,@vendeur_ah,0,floor(rand()*5+5),0,'0 0 0 0 0 ',0,'0 0 0 0 0 0 0 0 0 0 0 0 0 0 0 0 0 0 0 0 0 0 0 0 0 0 0 0 0 0 0 0 0 0 0 0 0 0 0 0 0 0 ',0,0,0,""),
(@ENTRY+66,13888,@vendeur_ah,@vendeur_ah,0,floor(rand()*5+5),0,'0 0 0 0 0 ',0,'0 0 0 0 0 0 0 0 0 0 0 0 0 0 0 0 0 0 0 0 0 0 0 0 0 0 0 0 0 0 0 0 0 0 0 0 0 0 0 0 0 0 ',0,0,0,""),
(@ENTRY+67,13889,@vendeur_ah,@vendeur_ah,0,floor(rand()*5+5),0,'0 0 0 0 0 ',0,'0 0 0 0 0 0 0 0 0 0 0 0 0 0 0 0 0 0 0 0 0 0 0 0 0 0 0 0 0 0 0 0 0 0 0 0 0 0 0 0 0 0 ',0,0,0,""),
(@ENTRY+68,13890,@vendeur_ah,@vendeur_ah,0,floor(rand()*5+5),0,'0 0 0 0 0 ',0,'0 0 0 0 0 0 0 0 0 0 0 0 0 0 0 0 0 0 0 0 0 0 0 0 0 0 0 0 0 0 0 0 0 0 0 0 0 0 0 0 0 0 ',0,0,0,""),
(@ENTRY+69,20424,@vendeur_ah,@vendeur_ah,0,floor(rand()*5+5),0,'0 0 0 0 0 ',0,'0 0 0 0 0 0 0 0 0 0 0 0 0 0 0 0 0 0 0 0 0 0 0 0 0 0 0 0 0 0 0 0 0 0 0 0 0 0 0 0 0 0 ',0,0,0,""),
(@ENTRY+70,21024,@vendeur_ah,@vendeur_ah,0,floor(rand()*5+5),0,'0 0 0 0 0 ',0,'0 0 0 0 0 0 0 0 0 0 0 0 0 0 0 0 0 0 0 0 0 0 0 0 0 0 0 0 0 0 0 0 0 0 0 0 0 0 0 0 0 0 ',0,0,0,""),
(@ENTRY+71,21071,@vendeur_ah,@vendeur_ah,0,floor(rand()*5+5),0,'0 0 0 0 0 ',0,'0 0 0 0 0 0 0 0 0 0 0 0 0 0 0 0 0 0 0 0 0 0 0 0 0 0 0 0 0 0 0 0 0 0 0 0 0 0 0 0 0 0 ',0,0,0,""),
(@ENTRY+72,21153,@vendeur_ah,@vendeur_ah,0,floor(rand()*5+5),0,'0 0 0 0 0 ',0,'0 0 0 0 0 0 0 0 0 0 0 0 0 0 0 0 0 0 0 0 0 0 0 0 0 0 0 0 0 0 0 0 0 0 0 0 0 0 0 0 0 0 ',0,0,0,""),
(@ENTRY+73,22644,@vendeur_ah,@vendeur_ah,0,floor(rand()*5+5),0,'0 0 0 0 0 ',0,'0 0 0 0 0 0 0 0 0 0 0 0 0 0 0 0 0 0 0 0 0 0 0 0 0 0 0 0 0 0 0 0 0 0 0 0 0 0 0 0 0 0 ',0,0,0,""),
(@ENTRY+74,23676,@vendeur_ah,@vendeur_ah,0,floor(rand()*5+5),0,'0 0 0 0 0 ',0,'0 0 0 0 0 0 0 0 0 0 0 0 0 0 0 0 0 0 0 0 0 0 0 0 0 0 0 0 0 0 0 0 0 0 0 0 0 0 0 0 0 0 ',0,0,0,""),
(@ENTRY+75,24477,@vendeur_ah,@vendeur_ah,0,floor(rand()*5+5),0,'0 0 0 0 0 ',0,'0 0 0 0 0 0 0 0 0 0 0 0 0 0 0 0 0 0 0 0 0 0 0 0 0 0 0 0 0 0 0 0 0 0 0 0 0 0 0 0 0 0 ',0,0,0,""),
(@ENTRY+76,27422,@vendeur_ah,@vendeur_ah,0,floor(rand()*5+5),0,'0 0 0 0 0 ',0,'0 0 0 0 0 0 0 0 0 0 0 0 0 0 0 0 0 0 0 0 0 0 0 0 0 0 0 0 0 0 0 0 0 0 0 0 0 0 0 0 0 0 ',0,0,0,""),
(@ENTRY+77,27425,@vendeur_ah,@vendeur_ah,0,floor(rand()*5+5),0,'0 0 0 0 0 ',0,'0 0 0 0 0 0 0 0 0 0 0 0 0 0 0 0 0 0 0 0 0 0 0 0 0 0 0 0 0 0 0 0 0 0 0 0 0 0 0 0 0 0 ',0,0,0,""),
(@ENTRY+78,27429,@vendeur_ah,@vendeur_ah,0,floor(rand()*5+5),0,'0 0 0 0 0 ',0,'0 0 0 0 0 0 0 0 0 0 0 0 0 0 0 0 0 0 0 0 0 0 0 0 0 0 0 0 0 0 0 0 0 0 0 0 0 0 0 0 0 0 ',0,0,0,""),
(@ENTRY+79,27435,@vendeur_ah,@vendeur_ah,0,floor(rand()*5+5),0,'0 0 0 0 0 ',0,'0 0 0 0 0 0 0 0 0 0 0 0 0 0 0 0 0 0 0 0 0 0 0 0 0 0 0 0 0 0 0 0 0 0 0 0 0 0 0 0 0 0 ',0,0,0,""),
(@ENTRY+80,27437,@vendeur_ah,@vendeur_ah,0,floor(rand()*5+5),0,'0 0 0 0 0 ',0,'0 0 0 0 0 0 0 0 0 0 0 0 0 0 0 0 0 0 0 0 0 0 0 0 0 0 0 0 0 0 0 0 0 0 0 0 0 0 0 0 0 0 ',0,0,0,""),
(@ENTRY+81,27438,@vendeur_ah,@vendeur_ah,0,floor(rand()*5+5),0,'0 0 0 0 0 ',0,'0 0 0 0 0 0 0 0 0 0 0 0 0 0 0 0 0 0 0 0 0 0 0 0 0 0 0 0 0 0 0 0 0 0 0 0 0 0 0 0 0 0 ',0,0,0,""),
(@ENTRY+82,27439,@vendeur_ah,@vendeur_ah,0,floor(rand()*5+5),0,'0 0 0 0 0 ',0,'0 0 0 0 0 0 0 0 0 0 0 0 0 0 0 0 0 0 0 0 0 0 0 0 0 0 0 0 0 0 0 0 0 0 0 0 0 0 0 0 0 0 ',0,0,0,""),
(@ENTRY+83,27515,@vendeur_ah,@vendeur_ah,0,floor(rand()*5+5),0,'0 0 0 0 0 ',0,'0 0 0 0 0 0 0 0 0 0 0 0 0 0 0 0 0 0 0 0 0 0 0 0 0 0 0 0 0 0 0 0 0 0 0 0 0 0 0 0 0 0 ',0,0,0,""),
(@ENTRY+84,27516,@vendeur_ah,@vendeur_ah,0,floor(rand()*5+5),0,'0 0 0 0 0 ',0,'0 0 0 0 0 0 0 0 0 0 0 0 0 0 0 0 0 0 0 0 0 0 0 0 0 0 0 0 0 0 0 0 0 0 0 0 0 0 0 0 0 0 ',0,0,0,""),
(@ENTRY+85,27668,@vendeur_ah,@vendeur_ah,0,floor(rand()*5+5),0,'0 0 0 0 0 ',0,'0 0 0 0 0 0 0 0 0 0 0 0 0 0 0 0 0 0 0 0 0 0 0 0 0 0 0 0 0 0 0 0 0 0 0 0 0 0 0 0 0 0 ',0,0,0,""),
(@ENTRY+86,27669,@vendeur_ah,@vendeur_ah,0,floor(rand()*5+5),0,'0 0 0 0 0 ',0,'0 0 0 0 0 0 0 0 0 0 0 0 0 0 0 0 0 0 0 0 0 0 0 0 0 0 0 0 0 0 0 0 0 0 0 0 0 0 0 0 0 0 ',0,0,0,""),
(@ENTRY+87,27671,@vendeur_ah,@vendeur_ah,0,floor(rand()*5+5),0,'0 0 0 0 0 ',0,'0 0 0 0 0 0 0 0 0 0 0 0 0 0 0 0 0 0 0 0 0 0 0 0 0 0 0 0 0 0 0 0 0 0 0 0 0 0 0 0 0 0 ',0,0,0,""),
(@ENTRY+88,27674,@vendeur_ah,@vendeur_ah,0,floor(rand()*5+5),0,'0 0 0 0 0 ',0,'0 0 0 0 0 0 0 0 0 0 0 0 0 0 0 0 0 0 0 0 0 0 0 0 0 0 0 0 0 0 0 0 0 0 0 0 0 0 0 0 0 0 ',0,0,0,""),
(@ENTRY+89,27676,@vendeur_ah,@vendeur_ah,0,floor(rand()*5+5),0,'0 0 0 0 0 ',0,'0 0 0 0 0 0 0 0 0 0 0 0 0 0 0 0 0 0 0 0 0 0 0 0 0 0 0 0 0 0 0 0 0 0 0 0 0 0 0 0 0 0 ',0,0,0,""),
(@ENTRY+90,27677,@vendeur_ah,@vendeur_ah,0,floor(rand()*5+5),0,'0 0 0 0 0 ',0,'0 0 0 0 0 0 0 0 0 0 0 0 0 0 0 0 0 0 0 0 0 0 0 0 0 0 0 0 0 0 0 0 0 0 0 0 0 0 0 0 0 0 ',0,0,0,""),
(@ENTRY+91,27678,@vendeur_ah,@vendeur_ah,0,floor(rand()*5+5),0,'0 0 0 0 0 ',0,'0 0 0 0 0 0 0 0 0 0 0 0 0 0 0 0 0 0 0 0 0 0 0 0 0 0 0 0 0 0 0 0 0 0 0 0 0 0 0 0 0 0 ',0,0,0,""),
(@ENTRY+92,27681,@vendeur_ah,@vendeur_ah,0,floor(rand()*5+5),0,'0 0 0 0 0 ',0,'0 0 0 0 0 0 0 0 0 0 0 0 0 0 0 0 0 0 0 0 0 0 0 0 0 0 0 0 0 0 0 0 0 0 0 0 0 0 0 0 0 0 ',0,0,0,""),
(@ENTRY+93,27682,@vendeur_ah,@vendeur_ah,0,floor(rand()*5+5),0,'0 0 0 0 0 ',0,'0 0 0 0 0 0 0 0 0 0 0 0 0 0 0 0 0 0 0 0 0 0 0 0 0 0 0 0 0 0 0 0 0 0 0 0 0 0 0 0 0 0 ',0,0,0,""),
(@ENTRY+94,31670,@vendeur_ah,@vendeur_ah,0,floor(rand()*5+5),0,'0 0 0 0 0 ',0,'0 0 0 0 0 0 0 0 0 0 0 0 0 0 0 0 0 0 0 0 0 0 0 0 0 0 0 0 0 0 0 0 0 0 0 0 0 0 0 0 0 0 ',0,0,0,""),
(@ENTRY+95,31671,@vendeur_ah,@vendeur_ah,0,floor(rand()*5+5),0,'0 0 0 0 0 ',0,'0 0 0 0 0 0 0 0 0 0 0 0 0 0 0 0 0 0 0 0 0 0 0 0 0 0 0 0 0 0 0 0 0 0 0 0 0 0 0 0 0 0 ',0,0,0,""),
(@ENTRY+96,33823,@vendeur_ah,@vendeur_ah,0,floor(rand()*5+5),0,'0 0 0 0 0 ',0,'0 0 0 0 0 0 0 0 0 0 0 0 0 0 0 0 0 0 0 0 0 0 0 0 0 0 0 0 0 0 0 0 0 0 0 0 0 0 0 0 0 0 ',0,0,0,""),
(@ENTRY+97,33824,@vendeur_ah,@vendeur_ah,0,floor(rand()*5+5),0,'0 0 0 0 0 ',0,'0 0 0 0 0 0 0 0 0 0 0 0 0 0 0 0 0 0 0 0 0 0 0 0 0 0 0 0 0 0 0 0 0 0 0 0 0 0 0 0 0 0 ',0,0,0,""),
(@ENTRY+98,34735,@vendeur_ah,@vendeur_ah,0,floor(rand()*5+5),0,'0 0 0 0 0 ',0,'0 0 0 0 0 0 0 0 0 0 0 0 0 0 0 0 0 0 0 0 0 0 0 0 0 0 0 0 0 0 0 0 0 0 0 0 0 0 0 0 0 0 ',0,0,0,""),
(@ENTRY+99,34736,@vendeur_ah,@vendeur_ah,0,floor(rand()*5+5),0,'0 0 0 0 0 ',0,'0 0 0 0 0 0 0 0 0 0 0 0 0 0 0 0 0 0 0 0 0 0 0 0 0 0 0 0 0 0 0 0 0 0 0 0 0 0 0 0 0 0 ',0,0,0,""),
(@ENTRY+100,34737,@vendeur_ah,@vendeur_ah,0,floor(rand()*5+5),0,'0 0 0 0 0 ',0,'0 0 0 0 0 0 0 0 0 0 0 0 0 0 0 0 0 0 0 0 0 0 0 0 0 0 0 0 0 0 0 0 0 0 0 0 0 0 0 0 0 0 ',0,0,0,""),
(@ENTRY+101,34738,@vendeur_ah,@vendeur_ah,0,floor(rand()*5+5),0,'0 0 0 0 0 ',0,'0 0 0 0 0 0 0 0 0 0 0 0 0 0 0 0 0 0 0 0 0 0 0 0 0 0 0 0 0 0 0 0 0 0 0 0 0 0 0 0 0 0 ',0,0,0,""),
(@ENTRY+102,34739,@vendeur_ah,@vendeur_ah,0,floor(rand()*5+5),0,'0 0 0 0 0 ',0,'0 0 0 0 0 0 0 0 0 0 0 0 0 0 0 0 0 0 0 0 0 0 0 0 0 0 0 0 0 0 0 0 0 0 0 0 0 0 0 0 0 0 ',0,0,0,""),
(@ENTRY+103,34740,@vendeur_ah,@vendeur_ah,0,floor(rand()*5+5),0,'0 0 0 0 0 ',0,'0 0 0 0 0 0 0 0 0 0 0 0 0 0 0 0 0 0 0 0 0 0 0 0 0 0 0 0 0 0 0 0 0 0 0 0 0 0 0 0 0 0 ',0,0,0,""),
(@ENTRY+104,34741,@vendeur_ah,@vendeur_ah,0,floor(rand()*5+5),0,'0 0 0 0 0 ',0,'0 0 0 0 0 0 0 0 0 0 0 0 0 0 0 0 0 0 0 0 0 0 0 0 0 0 0 0 0 0 0 0 0 0 0 0 0 0 0 0 0 0 ',0,0,0,""),
(@ENTRY+105,34742,@vendeur_ah,@vendeur_ah,0,floor(rand()*5+5),0,'0 0 0 0 0 ',0,'0 0 0 0 0 0 0 0 0 0 0 0 0 0 0 0 0 0 0 0 0 0 0 0 0 0 0 0 0 0 0 0 0 0 0 0 0 0 0 0 0 0 ',0,0,0,""),
(@ENTRY+106,34743,@vendeur_ah,@vendeur_ah,0,floor(rand()*5+5),0,'0 0 0 0 0 ',0,'0 0 0 0 0 0 0 0 0 0 0 0 0 0 0 0 0 0 0 0 0 0 0 0 0 0 0 0 0 0 0 0 0 0 0 0 0 0 0 0 0 0 ',0,0,0,""),
(@ENTRY+107,34744,@vendeur_ah,@vendeur_ah,0,floor(rand()*5+5),0,'0 0 0 0 0 ',0,'0 0 0 0 0 0 0 0 0 0 0 0 0 0 0 0 0 0 0 0 0 0 0 0 0 0 0 0 0 0 0 0 0 0 0 0 0 0 0 0 0 0 ',0,0,0,""),
(@ENTRY+108,34745,@vendeur_ah,@vendeur_ah,0,floor(rand()*5+5),0,'0 0 0 0 0 ',0,'0 0 0 0 0 0 0 0 0 0 0 0 0 0 0 0 0 0 0 0 0 0 0 0 0 0 0 0 0 0 0 0 0 0 0 0 0 0 0 0 0 0 ',0,0,0,""),
(@ENTRY+109,34746,@vendeur_ah,@vendeur_ah,0,floor(rand()*5+5),0,'0 0 0 0 0 ',0,'0 0 0 0 0 0 0 0 0 0 0 0 0 0 0 0 0 0 0 0 0 0 0 0 0 0 0 0 0 0 0 0 0 0 0 0 0 0 0 0 0 0 ',0,0,0,""),
(@ENTRY+110,35285,@vendeur_ah,@vendeur_ah,0,floor(rand()*5+5),0,'0 0 0 0 0 ',0,'0 0 0 0 0 0 0 0 0 0 0 0 0 0 0 0 0 0 0 0 0 0 0 0 0 0 0 0 0 0 0 0 0 0 0 0 0 0 0 0 0 0 ',0,0,0,""),
(@ENTRY+111,35562,@vendeur_ah,@vendeur_ah,0,floor(rand()*5+5),0,'0 0 0 0 0 ',0,'0 0 0 0 0 0 0 0 0 0 0 0 0 0 0 0 0 0 0 0 0 0 0 0 0 0 0 0 0 0 0 0 0 0 0 0 0 0 0 0 0 0 ',0,0,0,""),
(@ENTRY+112,35794,@vendeur_ah,@vendeur_ah,0,floor(rand()*5+5),0,'0 0 0 0 0 ',0,'0 0 0 0 0 0 0 0 0 0 0 0 0 0 0 0 0 0 0 0 0 0 0 0 0 0 0 0 0 0 0 0 0 0 0 0 0 0 0 0 0 0 ',0,0,0,""),
(@ENTRY+113,36782,@vendeur_ah,@vendeur_ah,0,floor(rand()*5+5),0,'0 0 0 0 0 ',0,'0 0 0 0 0 0 0 0 0 0 0 0 0 0 0 0 0 0 0 0 0 0 0 0 0 0 0 0 0 0 0 0 0 0 0 0 0 0 0 0 0 0 ',0,0,0,""),
(@ENTRY+114,37588,@vendeur_ah,@vendeur_ah,0,floor(rand()*5+5),0,'0 0 0 0 0 ',0,'0 0 0 0 0 0 0 0 0 0 0 0 0 0 0 0 0 0 0 0 0 0 0 0 0 0 0 0 0 0 0 0 0 0 0 0 0 0 0 0 0 0 ',0,0,0,""),
(@ENTRY+115,38270,@vendeur_ah,@vendeur_ah,0,floor(rand()*5+5),0,'0 0 0 0 0 ',0,'0 0 0 0 0 0 0 0 0 0 0 0 0 0 0 0 0 0 0 0 0 0 0 0 0 0 0 0 0 0 0 0 0 0 0 0 0 0 0 0 0 0 ',0,0,0,""),
(@ENTRY+116,38271,@vendeur_ah,@vendeur_ah,0,floor(rand()*5+5),0,'0 0 0 0 0 ',0,'0 0 0 0 0 0 0 0 0 0 0 0 0 0 0 0 0 0 0 0 0 0 0 0 0 0 0 0 0 0 0 0 0 0 0 0 0 0 0 0 0 0 ',0,0,0,""),
(@ENTRY+117,38272,@vendeur_ah,@vendeur_ah,0,floor(rand()*5+5),0,'0 0 0 0 0 ',0,'0 0 0 0 0 0 0 0 0 0 0 0 0 0 0 0 0 0 0 0 0 0 0 0 0 0 0 0 0 0 0 0 0 0 0 0 0 0 0 0 0 0 ',0,0,0,""),
(@ENTRY+118,38625,@vendeur_ah,@vendeur_ah,0,floor(rand()*5+5),0,'0 0 0 0 0 ',0,'0 0 0 0 0 0 0 0 0 0 0 0 0 0 0 0 0 0 0 0 0 0 0 0 0 0 0 0 0 0 0 0 0 0 0 0 0 0 0 0 0 0 ',0,0,0,""),
(@ENTRY+119,39526,@vendeur_ah,@vendeur_ah,0,floor(rand()*5+5),0,'0 0 0 0 0 ',0,'0 0 0 0 0 0 0 0 0 0 0 0 0 0 0 0 0 0 0 0 0 0 0 0 0 0 0 0 0 0 0 0 0 0 0 0 0 0 0 0 0 0 ',0,0,0,""),
(@ENTRY+120,39527,@vendeur_ah,@vendeur_ah,0,floor(rand()*5+5),0,'0 0 0 0 0 ',0,'0 0 0 0 0 0 0 0 0 0 0 0 0 0 0 0 0 0 0 0 0 0 0 0 0 0 0 0 0 0 0 0 0 0 0 0 0 0 0 0 0 0 ',0,0,0,""),
(@ENTRY+121,41800,@vendeur_ah,@vendeur_ah,0,floor(rand()*5+5),0,'0 0 0 0 0 ',0,'0 0 0 0 0 0 0 0 0 0 0 0 0 0 0 0 0 0 0 0 0 0 0 0 0 0 0 0 0 0 0 0 0 0 0 0 0 0 0 0 0 0 ',0,0,0,""),
(@ENTRY+122,41801,@vendeur_ah,@vendeur_ah,0,floor(rand()*5+5),0,'0 0 0 0 0 ',0,'0 0 0 0 0 0 0 0 0 0 0 0 0 0 0 0 0 0 0 0 0 0 0 0 0 0 0 0 0 0 0 0 0 0 0 0 0 0 0 0 0 0 ',0,0,0,""),
(@ENTRY+123,41802,@vendeur_ah,@vendeur_ah,0,floor(rand()*5+5),0,'0 0 0 0 0 ',0,'0 0 0 0 0 0 0 0 0 0 0 0 0 0 0 0 0 0 0 0 0 0 0 0 0 0 0 0 0 0 0 0 0 0 0 0 0 0 0 0 0 0 ',0,0,0,""),
(@ENTRY+124,41803,@vendeur_ah,@vendeur_ah,0,floor(rand()*5+5),0,'0 0 0 0 0 ',0,'0 0 0 0 0 0 0 0 0 0 0 0 0 0 0 0 0 0 0 0 0 0 0 0 0 0 0 0 0 0 0 0 0 0 0 0 0 0 0 0 0 0 ',0,0,0,""),
(@ENTRY+125,41804,@vendeur_ah,@vendeur_ah,0,floor(rand()*5+5),0,'0 0 0 0 0 ',0,'0 0 0 0 0 0 0 0 0 0 0 0 0 0 0 0 0 0 0 0 0 0 0 0 0 0 0 0 0 0 0 0 0 0 0 0 0 0 0 0 0 0 ',0,0,0,""),
(@ENTRY+126,41805,@vendeur_ah,@vendeur_ah,0,floor(rand()*5+5),0,'0 0 0 0 0 ',0,'0 0 0 0 0 0 0 0 0 0 0 0 0 0 0 0 0 0 0 0 0 0 0 0 0 0 0 0 0 0 0 0 0 0 0 0 0 0 0 0 0 0 ',0,0,0,""),
(@ENTRY+127,41806,@vendeur_ah,@vendeur_ah,0,floor(rand()*5+5),0,'0 0 0 0 0 ',0,'0 0 0 0 0 0 0 0 0 0 0 0 0 0 0 0 0 0 0 0 0 0 0 0 0 0 0 0 0 0 0 0 0 0 0 0 0 0 0 0 0 0 ',0,0,0,""),
(@ENTRY+128,41807,@vendeur_ah,@vendeur_ah,0,floor(rand()*5+5),0,'0 0 0 0 0 ',0,'0 0 0 0 0 0 0 0 0 0 0 0 0 0 0 0 0 0 0 0 0 0 0 0 0 0 0 0 0 0 0 0 0 0 0 0 0 0 0 0 0 0 ',0,0,0,""),
(@ENTRY+129,41808,@vendeur_ah,@vendeur_ah,0,floor(rand()*5+5),0,'0 0 0 0 0 ',0,'0 0 0 0 0 0 0 0 0 0 0 0 0 0 0 0 0 0 0 0 0 0 0 0 0 0 0 0 0 0 0 0 0 0 0 0 0 0 0 0 0 0 ',0,0,0,""),
(@ENTRY+130,41809,@vendeur_ah,@vendeur_ah,0,floor(rand()*5+5),0,'0 0 0 0 0 ',0,'0 0 0 0 0 0 0 0 0 0 0 0 0 0 0 0 0 0 0 0 0 0 0 0 0 0 0 0 0 0 0 0 0 0 0 0 0 0 0 0 0 0 ',0,0,0,""),
(@ENTRY+131,41810,@vendeur_ah,@vendeur_ah,0,floor(rand()*5+5),0,'0 0 0 0 0 ',0,'0 0 0 0 0 0 0 0 0 0 0 0 0 0 0 0 0 0 0 0 0 0 0 0 0 0 0 0 0 0 0 0 0 0 0 0 0 0 0 0 0 0 ',0,0,0,""),
(@ENTRY+132,41811,@vendeur_ah,@vendeur_ah,0,floor(rand()*5+5),0,'0 0 0 0 0 ',0,'0 0 0 0 0 0 0 0 0 0 0 0 0 0 0 0 0 0 0 0 0 0 0 0 0 0 0 0 0 0 0 0 0 0 0 0 0 0 0 0 0 0 ',0,0,0,""),
(@ENTRY+133,41812,@vendeur_ah,@vendeur_ah,0,floor(rand()*5+5),0,'0 0 0 0 0 ',0,'0 0 0 0 0 0 0 0 0 0 0 0 0 0 0 0 0 0 0 0 0 0 0 0 0 0 0 0 0 0 0 0 0 0 0 0 0 0 0 0 0 0 ',0,0,0,""),
(@ENTRY+134,41813,@vendeur_ah,@vendeur_ah,0,floor(rand()*5+5),0,'0 0 0 0 0 ',0,'0 0 0 0 0 0 0 0 0 0 0 0 0 0 0 0 0 0 0 0 0 0 0 0 0 0 0 0 0 0 0 0 0 0 0 0 0 0 0 0 0 0 ',0,0,0,""),
(@ENTRY+135,41814,@vendeur_ah,@vendeur_ah,0,floor(rand()*5+5),0,'0 0 0 0 0 ',0,'0 0 0 0 0 0 0 0 0 0 0 0 0 0 0 0 0 0 0 0 0 0 0 0 0 0 0 0 0 0 0 0 0 0 0 0 0 0 0 0 0 0 ',0,0,0,""),
(@ENTRY+136,43009,@vendeur_ah,@vendeur_ah,0,floor(rand()*5+5),0,'0 0 0 0 0 ',0,'0 0 0 0 0 0 0 0 0 0 0 0 0 0 0 0 0 0 0 0 0 0 0 0 0 0 0 0 0 0 0 0 0 0 0 0 0 0 0 0 0 0 ',0,0,0,""),
(@ENTRY+137,43010,@vendeur_ah,@vendeur_ah,0,floor(rand()*5+5),0,'0 0 0 0 0 ',0,'0 0 0 0 0 0 0 0 0 0 0 0 0 0 0 0 0 0 0 0 0 0 0 0 0 0 0 0 0 0 0 0 0 0 0 0 0 0 0 0 0 0 ',0,0,0,""),
(@ENTRY+138,43011,@vendeur_ah,@vendeur_ah,0,floor(rand()*5+5),0,'0 0 0 0 0 ',0,'0 0 0 0 0 0 0 0 0 0 0 0 0 0 0 0 0 0 0 0 0 0 0 0 0 0 0 0 0 0 0 0 0 0 0 0 0 0 0 0 0 0 ',0,0,0,""),
(@ENTRY+139,43012,@vendeur_ah,@vendeur_ah,0,floor(rand()*5+5),0,'0 0 0 0 0 ',0,'0 0 0 0 0 0 0 0 0 0 0 0 0 0 0 0 0 0 0 0 0 0 0 0 0 0 0 0 0 0 0 0 0 0 0 0 0 0 0 0 0 0 ',0,0,0,""),
(@ENTRY+140,43013,@vendeur_ah,@vendeur_ah,0,floor(rand()*5+5),0,'0 0 0 0 0 ',0,'0 0 0 0 0 0 0 0 0 0 0 0 0 0 0 0 0 0 0 0 0 0 0 0 0 0 0 0 0 0 0 0 0 0 0 0 0 0 0 0 0 0 ',0,0,0,""),
(@ENTRY+141,43501,@vendeur_ah,@vendeur_ah,0,floor(rand()*5+5),0,'0 0 0 0 0 ',0,'0 0 0 0 0 0 0 0 0 0 0 0 0 0 0 0 0 0 0 0 0 0 0 0 0 0 0 0 0 0 0 0 0 0 0 0 0 0 0 0 0 0 ',0,0,0,""),
(@ENTRY+142,43571,@vendeur_ah,@vendeur_ah,0,floor(rand()*5+5),0,'0 0 0 0 0 ',0,'0 0 0 0 0 0 0 0 0 0 0 0 0 0 0 0 0 0 0 0 0 0 0 0 0 0 0 0 0 0 0 0 0 0 0 0 0 0 0 0 0 0 ',0,0,0,""),
(@ENTRY+143,43572,@vendeur_ah,@vendeur_ah,0,floor(rand()*5+5),0,'0 0 0 0 0 ',0,'0 0 0 0 0 0 0 0 0 0 0 0 0 0 0 0 0 0 0 0 0 0 0 0 0 0 0 0 0 0 0 0 0 0 0 0 0 0 0 0 0 0 ',0,0,0,""),
(@ENTRY+144,43646,@vendeur_ah,@vendeur_ah,0,floor(rand()*5+5),0,'0 0 0 0 0 ',0,'0 0 0 0 0 0 0 0 0 0 0 0 0 0 0 0 0 0 0 0 0 0 0 0 0 0 0 0 0 0 0 0 0 0 0 0 0 0 0 0 0 0 ',0,0,0,""),
(@ENTRY+145,43647,@vendeur_ah,@vendeur_ah,0,floor(rand()*5+5),0,'0 0 0 0 0 ',0,'0 0 0 0 0 0 0 0 0 0 0 0 0 0 0 0 0 0 0 0 0 0 0 0 0 0 0 0 0 0 0 0 0 0 0 0 0 0 0 0 0 0 ',0,0,0,""),
(@ENTRY+146,43652,@vendeur_ah,@vendeur_ah,0,floor(rand()*5+5),0,'0 0 0 0 0 ',0,'0 0 0 0 0 0 0 0 0 0 0 0 0 0 0 0 0 0 0 0 0 0 0 0 0 0 0 0 0 0 0 0 0 0 0 0 0 0 0 0 0 0 ',0,0,0,""),
(@ENTRY+147,44834,@vendeur_ah,@vendeur_ah,0,floor(rand()*5+5),0,'0 0 0 0 0 ',0,'0 0 0 0 0 0 0 0 0 0 0 0 0 0 0 0 0 0 0 0 0 0 0 0 0 0 0 0 0 0 0 0 0 0 0 0 0 0 0 0 0 0 ',0,0,0,""),
(@ENTRY+148,44856,@vendeur_ah,@vendeur_ah,0,floor(rand()*5+5),0,'0 0 0 0 0 ',0,'0 0 0 0 0 0 0 0 0 0 0 0 0 0 0 0 0 0 0 0 0 0 0 0 0 0 0 0 0 0 0 0 0 0 0 0 0 0 0 0 0 0 ',0,0,0,""),
(@ENTRY+149,53062,@vendeur_ah,@vendeur_ah,0,floor(rand()*5+5),0,'0 0 0 0 0 ',0,'0 0 0 0 0 0 0 0 0 0 0 0 0 0 0 0 0 0 0 0 0 0 0 0 0 0 0 0 0 0 0 0 0 0 0 0 0 0 0 0 0 0 ',0,0,0,""),
(@ENTRY+150,53063,@vendeur_ah,@vendeur_ah,0,floor(rand()*5+5),0,'0 0 0 0 0 ',0,'0 0 0 0 0 0 0 0 0 0 0 0 0 0 0 0 0 0 0 0 0 0 0 0 0 0 0 0 0 0 0 0 0 0 0 0 0 0 0 0 0 0 ',0,0,0,""),
(@ENTRY+151,53064,@vendeur_ah,@vendeur_ah,0,floor(rand()*5+5),0,'0 0 0 0 0 ',0,'0 0 0 0 0 0 0 0 0 0 0 0 0 0 0 0 0 0 0 0 0 0 0 0 0 0 0 0 0 0 0 0 0 0 0 0 0 0 0 0 0 0 ',0,0,0,""),
(@ENTRY+152,53065,@vendeur_ah,@vendeur_ah,0,floor(rand()*5+5),0,'0 0 0 0 0 ',0,'0 0 0 0 0 0 0 0 0 0 0 0 0 0 0 0 0 0 0 0 0 0 0 0 0 0 0 0 0 0 0 0 0 0 0 0 0 0 0 0 0 0 ',0,0,0,""),
(@ENTRY+153,53066,@vendeur_ah,@vendeur_ah,0,floor(rand()*5+5),0,'0 0 0 0 0 ',0,'0 0 0 0 0 0 0 0 0 0 0 0 0 0 0 0 0 0 0 0 0 0 0 0 0 0 0 0 0 0 0 0 0 0 0 0 0 0 0 0 0 0 ',0,0,0,""),
(@ENTRY+154,53067,@vendeur_ah,@vendeur_ah,0,floor(rand()*5+5),0,'0 0 0 0 0 ',0,'0 0 0 0 0 0 0 0 0 0 0 0 0 0 0 0 0 0 0 0 0 0 0 0 0 0 0 0 0 0 0 0 0 0 0 0 0 0 0 0 0 0 ',0,0,0,""),
(@ENTRY+155,53068,@vendeur_ah,@vendeur_ah,0,floor(rand()*5+5),0,'0 0 0 0 0 ',0,'0 0 0 0 0 0 0 0 0 0 0 0 0 0 0 0 0 0 0 0 0 0 0 0 0 0 0 0 0 0 0 0 0 0 0 0 0 0 0 0 0 0 ',0,0,0,""),
(@ENTRY+156,53069,@vendeur_ah,@vendeur_ah,0,floor(rand()*5+5),0,'0 0 0 0 0 ',0,'0 0 0 0 0 0 0 0 0 0 0 0 0 0 0 0 0 0 0 0 0 0 0 0 0 0 0 0 0 0 0 0 0 0 0 0 0 0 0 0 0 0 ',0,0,0,""),
(@ENTRY+157,53070,@vendeur_ah,@vendeur_ah,0,floor(rand()*5+5),0,'0 0 0 0 0 ',0,'0 0 0 0 0 0 0 0 0 0 0 0 0 0 0 0 0 0 0 0 0 0 0 0 0 0 0 0 0 0 0 0 0 0 0 0 0 0 0 0 0 0 ',0,0,0,""),
(@ENTRY+158,53071,@vendeur_ah,@vendeur_ah,0,floor(rand()*5+5),0,'0 0 0 0 0 ',0,'0 0 0 0 0 0 0 0 0 0 0 0 0 0 0 0 0 0 0 0 0 0 0 0 0 0 0 0 0 0 0 0 0 0 0 0 0 0 0 0 0 0 ',0,0,0,""),
(@ENTRY+159,53072,@vendeur_ah,@vendeur_ah,0,floor(rand()*5+5),0,'0 0 0 0 0 ',0,'0 0 0 0 0 0 0 0 0 0 0 0 0 0 0 0 0 0 0 0 0 0 0 0 0 0 0 0 0 0 0 0 0 0 0 0 0 0 0 0 0 0 ',0,0,0,""),
(@ENTRY+160,62778,@vendeur_ah,@vendeur_ah,0,floor(rand()*5+5),0,'0 0 0 0 0 ',0,'0 0 0 0 0 0 0 0 0 0 0 0 0 0 0 0 0 0 0 0 0 0 0 0 0 0 0 0 0 0 0 0 0 0 0 0 0 0 0 0 0 0 ',0,0,0,""),
(@ENTRY+161,62779,@vendeur_ah,@vendeur_ah,0,floor(rand()*5+5),0,'0 0 0 0 0 ',0,'0 0 0 0 0 0 0 0 0 0 0 0 0 0 0 0 0 0 0 0 0 0 0 0 0 0 0 0 0 0 0 0 0 0 0 0 0 0 0 0 0 0 ',0,0,0,""),
(@ENTRY+162,62780,@vendeur_ah,@vendeur_ah,0,floor(rand()*5+5),0,'0 0 0 0 0 ',0,'0 0 0 0 0 0 0 0 0 0 0 0 0 0 0 0 0 0 0 0 0 0 0 0 0 0 0 0 0 0 0 0 0 0 0 0 0 0 0 0 0 0 ',0,0,0,""),
(@ENTRY+163,62781,@vendeur_ah,@vendeur_ah,0,floor(rand()*5+5),0,'0 0 0 0 0 ',0,'0 0 0 0 0 0 0 0 0 0 0 0 0 0 0 0 0 0 0 0 0 0 0 0 0 0 0 0 0 0 0 0 0 0 0 0 0 0 0 0 0 0 ',0,0,0,""),
(@ENTRY+164,62782,@vendeur_ah,@vendeur_ah,0,floor(rand()*5+5),0,'0 0 0 0 0 ',0,'0 0 0 0 0 0 0 0 0 0 0 0 0 0 0 0 0 0 0 0 0 0 0 0 0 0 0 0 0 0 0 0 0 0 0 0 0 0 0 0 0 0 ',0,0,0,""),
(@ENTRY+165,62783,@vendeur_ah,@vendeur_ah,0,floor(rand()*5+5),0,'0 0 0 0 0 ',0,'0 0 0 0 0 0 0 0 0 0 0 0 0 0 0 0 0 0 0 0 0 0 0 0 0 0 0 0 0 0 0 0 0 0 0 0 0 0 0 0 0 0 ',0,0,0,""),
(@ENTRY+166,62784,@vendeur_ah,@vendeur_ah,0,floor(rand()*5+5),0,'0 0 0 0 0 ',0,'0 0 0 0 0 0 0 0 0 0 0 0 0 0 0 0 0 0 0 0 0 0 0 0 0 0 0 0 0 0 0 0 0 0 0 0 0 0 0 0 0 0 ',0,0,0,""),
(@ENTRY+167,62785,@vendeur_ah,@vendeur_ah,0,floor(rand()*5+5),0,'0 0 0 0 0 ',0,'0 0 0 0 0 0 0 0 0 0 0 0 0 0 0 0 0 0 0 0 0 0 0 0 0 0 0 0 0 0 0 0 0 0 0 0 0 0 0 0 0 0 ',0,0,0,""),
(@ENTRY+168,62791,@vendeur_ah,@vendeur_ah,0,floor(rand()*5+5),0,'0 0 0 0 0 ',0,'0 0 0 0 0 0 0 0 0 0 0 0 0 0 0 0 0 0 0 0 0 0 0 0 0 0 0 0 0 0 0 0 0 0 0 0 0 0 0 0 0 0 ',0,0,0,""),
(@ENTRY+169,67229,@vendeur_ah,@vendeur_ah,0,floor(rand()*5+5),0,'0 0 0 0 0 ',0,'0 0 0 0 0 0 0 0 0 0 0 0 0 0 0 0 0 0 0 0 0 0 0 0 0 0 0 0 0 0 0 0 0 0 0 0 0 0 0 0 0 0 ',0,0,0,""),
(@ENTRY+170,62549,@vendeur_ah,@vendeur_ah,0,floor(rand()*5+5),0,'0 0 0 0 0 ',0,'0 0 0 0 0 0 0 0 0 0 0 0 0 0 0 0 0 0 0 0 0 0 0 0 0 0 0 0 0 0 0 0 0 0 0 0 0 0 0 0 0 0 ',0,0,0,"");





INSERT INTO `auctionhouse`  (id,auctioneerguid,itemguid,itemowner,buyoutprice,time,buyguid,lastbid,startbid,deposit)
VALUES (@newENTRY+1,@faction_ah,@ENTRY+1,@vendeur_ah,3656, UNIX_TIMESTAMP( ADDDATE(now(), INTERVAL floor(24+24*rand()) HOUR)) ,0,0,3656,367),
(@newENTRY+2,@faction_ah,@ENTRY+2,@vendeur_ah,292, UNIX_TIMESTAMP( ADDDATE(now(), INTERVAL floor(24+24*rand()) HOUR)) ,0,0,292,30),
(@newENTRY+3,@faction_ah,@ENTRY+3,@vendeur_ah,1510, UNIX_TIMESTAMP( ADDDATE(now(), INTERVAL floor(24+24*rand()) HOUR)) ,0,0,1510,152),
(@newENTRY+4,@faction_ah,@ENTRY+4,@vendeur_ah,3972, UNIX_TIMESTAMP( ADDDATE(now(), INTERVAL floor(24+24*rand()) HOUR)) ,0,0,3972,398),
(@newENTRY+5,@faction_ah,@ENTRY+5,@vendeur_ah,264, UNIX_TIMESTAMP( ADDDATE(now(), INTERVAL floor(24+24*rand()) HOUR)) ,0,0,264,27),
(@newENTRY+6,@faction_ah,@ENTRY+6,@vendeur_ah,1698, UNIX_TIMESTAMP( ADDDATE(now(), INTERVAL floor(24+24*rand()) HOUR)) ,0,0,1698,171),
(@newENTRY+7,@faction_ah,@ENTRY+7,@vendeur_ah,1000, UNIX_TIMESTAMP( ADDDATE(now(), INTERVAL floor(24+24*rand()) HOUR)) ,0,0,1000,101),
(@newENTRY+8,@faction_ah,@ENTRY+8,@vendeur_ah,1384, UNIX_TIMESTAMP( ADDDATE(now(), INTERVAL floor(24+24*rand()) HOUR)) ,0,0,1384,139),
(@newENTRY+9,@faction_ah,@ENTRY+9,@vendeur_ah,1318, UNIX_TIMESTAMP( ADDDATE(now(), INTERVAL floor(24+24*rand()) HOUR)) ,0,0,1318,133),
(@newENTRY+10,@faction_ah,@ENTRY+10,@vendeur_ah,3793, UNIX_TIMESTAMP( ADDDATE(now(), INTERVAL floor(24+24*rand()) HOUR)) ,0,0,3793,380),
(@newENTRY+11,@faction_ah,@ENTRY+11,@vendeur_ah,1000, UNIX_TIMESTAMP( ADDDATE(now(), INTERVAL floor(24+24*rand()) HOUR)) ,0,0,1000,101),
(@newENTRY+12,@faction_ah,@ENTRY+12,@vendeur_ah,447, UNIX_TIMESTAMP( ADDDATE(now(), INTERVAL floor(24+24*rand()) HOUR)) ,0,0,447,46),
(@newENTRY+13,@faction_ah,@ENTRY+13,@vendeur_ah,460, UNIX_TIMESTAMP( ADDDATE(now(), INTERVAL floor(24+24*rand()) HOUR)) ,0,0,460,47),
(@newENTRY+14,@faction_ah,@ENTRY+14,@vendeur_ah,100, UNIX_TIMESTAMP( ADDDATE(now(), INTERVAL floor(24+24*rand()) HOUR)) ,0,0,100,11),
(@newENTRY+15,@faction_ah,@ENTRY+15,@vendeur_ah,3728, UNIX_TIMESTAMP( ADDDATE(now(), INTERVAL floor(24+24*rand()) HOUR)) ,0,0,3728,374),
(@newENTRY+16,@faction_ah,@ENTRY+16,@vendeur_ah,4335, UNIX_TIMESTAMP( ADDDATE(now(), INTERVAL floor(24+24*rand()) HOUR)) ,0,0,4335,435),
(@newENTRY+17,@faction_ah,@ENTRY+17,@vendeur_ah,1000, UNIX_TIMESTAMP( ADDDATE(now(), INTERVAL floor(24+24*rand()) HOUR)) ,0,0,1000,101),
(@newENTRY+18,@faction_ah,@ENTRY+18,@vendeur_ah,473, UNIX_TIMESTAMP( ADDDATE(now(), INTERVAL floor(24+24*rand()) HOUR)) ,0,0,473,48),
(@newENTRY+19,@faction_ah,@ENTRY+19,@vendeur_ah,1271, UNIX_TIMESTAMP( ADDDATE(now(), INTERVAL floor(24+24*rand()) HOUR)) ,0,0,1271,128),
(@newENTRY+20,@faction_ah,@ENTRY+20,@vendeur_ah,421, UNIX_TIMESTAMP( ADDDATE(now(), INTERVAL floor(24+24*rand()) HOUR)) ,0,0,421,43),
(@newENTRY+21,@faction_ah,@ENTRY+21,@vendeur_ah,3516, UNIX_TIMESTAMP( ADDDATE(now(), INTERVAL floor(24+24*rand()) HOUR)) ,0,0,3516,353),
(@newENTRY+22,@faction_ah,@ENTRY+22,@vendeur_ah,361, UNIX_TIMESTAMP( ADDDATE(now(), INTERVAL floor(24+24*rand()) HOUR)) ,0,0,361,37),
(@newENTRY+23,@faction_ah,@ENTRY+23,@vendeur_ah,2128, UNIX_TIMESTAMP( ADDDATE(now(), INTERVAL floor(24+24*rand()) HOUR)) ,0,0,2128,214),
(@newENTRY+24,@faction_ah,@ENTRY+24,@vendeur_ah,3408, UNIX_TIMESTAMP( ADDDATE(now(), INTERVAL floor(24+24*rand()) HOUR)) ,0,0,3408,342),
(@newENTRY+25,@faction_ah,@ENTRY+25,@vendeur_ah,4746, UNIX_TIMESTAMP( ADDDATE(now(), INTERVAL floor(24+24*rand()) HOUR)) ,0,0,4746,476),
(@newENTRY+26,@faction_ah,@ENTRY+26,@vendeur_ah,2000, UNIX_TIMESTAMP( ADDDATE(now(), INTERVAL floor(24+24*rand()) HOUR)) ,0,0,2000,201),
(@newENTRY+27,@faction_ah,@ENTRY+27,@vendeur_ah,6522, UNIX_TIMESTAMP( ADDDATE(now(), INTERVAL floor(24+24*rand()) HOUR)) ,0,0,6522,653),
(@newENTRY+28,@faction_ah,@ENTRY+28,@vendeur_ah,8150, UNIX_TIMESTAMP( ADDDATE(now(), INTERVAL floor(24+24*rand()) HOUR)) ,0,0,8150,816),
(@newENTRY+29,@faction_ah,@ENTRY+29,@vendeur_ah,3465, UNIX_TIMESTAMP( ADDDATE(now(), INTERVAL floor(24+24*rand()) HOUR)) ,0,0,3465,348),
(@newENTRY+30,@faction_ah,@ENTRY+30,@vendeur_ah,1900, UNIX_TIMESTAMP( ADDDATE(now(), INTERVAL floor(24+24*rand()) HOUR)) ,0,0,1900,191),
(@newENTRY+31,@faction_ah,@ENTRY+31,@vendeur_ah,243, UNIX_TIMESTAMP( ADDDATE(now(), INTERVAL floor(24+24*rand()) HOUR)) ,0,0,243,25),
(@newENTRY+32,@faction_ah,@ENTRY+32,@vendeur_ah,407, UNIX_TIMESTAMP( ADDDATE(now(), INTERVAL floor(24+24*rand()) HOUR)) ,0,0,407,42),
(@newENTRY+33,@faction_ah,@ENTRY+33,@vendeur_ah,111, UNIX_TIMESTAMP( ADDDATE(now(), INTERVAL floor(24+24*rand()) HOUR)) ,0,0,111,12),
(@newENTRY+34,@faction_ah,@ENTRY+34,@vendeur_ah,1075, UNIX_TIMESTAMP( ADDDATE(now(), INTERVAL floor(24+24*rand()) HOUR)) ,0,0,1075,109),
(@newENTRY+35,@faction_ah,@ENTRY+35,@vendeur_ah,119, UNIX_TIMESTAMP( ADDDATE(now(), INTERVAL floor(24+24*rand()) HOUR)) ,0,0,119,13),
(@newENTRY+36,@faction_ah,@ENTRY+36,@vendeur_ah,3250, UNIX_TIMESTAMP( ADDDATE(now(), INTERVAL floor(24+24*rand()) HOUR)) ,0,0,3250,326),
(@newENTRY+37,@faction_ah,@ENTRY+37,@vendeur_ah,2000, UNIX_TIMESTAMP( ADDDATE(now(), INTERVAL floor(24+24*rand()) HOUR)) ,0,0,2000,201),
(@newENTRY+38,@faction_ah,@ENTRY+38,@vendeur_ah,2044, UNIX_TIMESTAMP( ADDDATE(now(), INTERVAL floor(24+24*rand()) HOUR)) ,0,0,2044,205),
(@newENTRY+39,@faction_ah,@ENTRY+39,@vendeur_ah,4471, UNIX_TIMESTAMP( ADDDATE(now(), INTERVAL floor(24+24*rand()) HOUR)) ,0,0,4471,448),
(@newENTRY+40,@faction_ah,@ENTRY+40,@vendeur_ah,1917, UNIX_TIMESTAMP( ADDDATE(now(), INTERVAL floor(24+24*rand()) HOUR)) ,0,0,1917,193),
(@newENTRY+41,@faction_ah,@ENTRY+41,@vendeur_ah,144, UNIX_TIMESTAMP( ADDDATE(now(), INTERVAL floor(24+24*rand()) HOUR)) ,0,0,144,15),
(@newENTRY+42,@faction_ah,@ENTRY+42,@vendeur_ah,329, UNIX_TIMESTAMP( ADDDATE(now(), INTERVAL floor(24+24*rand()) HOUR)) ,0,0,329,34),
(@newENTRY+43,@faction_ah,@ENTRY+43,@vendeur_ah,7848, UNIX_TIMESTAMP( ADDDATE(now(), INTERVAL floor(24+24*rand()) HOUR)) ,0,0,7848,786),
(@newENTRY+44,@faction_ah,@ENTRY+44,@vendeur_ah,2441, UNIX_TIMESTAMP( ADDDATE(now(), INTERVAL floor(24+24*rand()) HOUR)) ,0,0,2441,245),
(@newENTRY+45,@faction_ah,@ENTRY+45,@vendeur_ah,1000, UNIX_TIMESTAMP( ADDDATE(now(), INTERVAL floor(24+24*rand()) HOUR)) ,0,0,1000,101),
(@newENTRY+46,@faction_ah,@ENTRY+46,@vendeur_ah,3508, UNIX_TIMESTAMP( ADDDATE(now(), INTERVAL floor(24+24*rand()) HOUR)) ,0,0,3508,352),
(@newENTRY+47,@faction_ah,@ENTRY+47,@vendeur_ah,141, UNIX_TIMESTAMP( ADDDATE(now(), INTERVAL floor(24+24*rand()) HOUR)) ,0,0,141,15),
(@newENTRY+48,@faction_ah,@ENTRY+48,@vendeur_ah,1318, UNIX_TIMESTAMP( ADDDATE(now(), INTERVAL floor(24+24*rand()) HOUR)) ,0,0,1318,133),
(@newENTRY+49,@faction_ah,@ENTRY+49,@vendeur_ah,917, UNIX_TIMESTAMP( ADDDATE(now(), INTERVAL floor(24+24*rand()) HOUR)) ,0,0,917,93),
(@newENTRY+50,@faction_ah,@ENTRY+50,@vendeur_ah,921, UNIX_TIMESTAMP( ADDDATE(now(), INTERVAL floor(24+24*rand()) HOUR)) ,0,0,921,93),
(@newENTRY+51,@faction_ah,@ENTRY+51,@vendeur_ah,5425, UNIX_TIMESTAMP( ADDDATE(now(), INTERVAL floor(24+24*rand()) HOUR)) ,0,0,5425,544),
(@newENTRY+52,@faction_ah,@ENTRY+52,@vendeur_ah,5066, UNIX_TIMESTAMP( ADDDATE(now(), INTERVAL floor(24+24*rand()) HOUR)) ,0,0,5066,508),
(@newENTRY+53,@faction_ah,@ENTRY+53,@vendeur_ah,3642, UNIX_TIMESTAMP( ADDDATE(now(), INTERVAL floor(24+24*rand()) HOUR)) ,0,0,3642,365),
(@newENTRY+54,@faction_ah,@ENTRY+54,@vendeur_ah,2644, UNIX_TIMESTAMP( ADDDATE(now(), INTERVAL floor(24+24*rand()) HOUR)) ,0,0,2644,265),
(@newENTRY+55,@faction_ah,@ENTRY+55,@vendeur_ah,2163, UNIX_TIMESTAMP( ADDDATE(now(), INTERVAL floor(24+24*rand()) HOUR)) ,0,0,2163,217),
(@newENTRY+56,@faction_ah,@ENTRY+56,@vendeur_ah,1281, UNIX_TIMESTAMP( ADDDATE(now(), INTERVAL floor(24+24*rand()) HOUR)) ,0,0,1281,129),
(@newENTRY+57,@faction_ah,@ENTRY+57,@vendeur_ah,2861, UNIX_TIMESTAMP( ADDDATE(now(), INTERVAL floor(24+24*rand()) HOUR)) ,0,0,2861,287),
(@newENTRY+58,@faction_ah,@ENTRY+58,@vendeur_ah,1744, UNIX_TIMESTAMP( ADDDATE(now(), INTERVAL floor(24+24*rand()) HOUR)) ,0,0,1744,175),
(@newENTRY+59,@faction_ah,@ENTRY+59,@vendeur_ah,2457, UNIX_TIMESTAMP( ADDDATE(now(), INTERVAL floor(24+24*rand()) HOUR)) ,0,0,2457,247),
(@newENTRY+60,@faction_ah,@ENTRY+60,@vendeur_ah,126, UNIX_TIMESTAMP( ADDDATE(now(), INTERVAL floor(24+24*rand()) HOUR)) ,0,0,126,14),
(@newENTRY+61,@faction_ah,@ENTRY+61,@vendeur_ah,1350, UNIX_TIMESTAMP( ADDDATE(now(), INTERVAL floor(24+24*rand()) HOUR)) ,0,0,1350,136),
(@newENTRY+62,@faction_ah,@ENTRY+62,@vendeur_ah,3231, UNIX_TIMESTAMP( ADDDATE(now(), INTERVAL floor(24+24*rand()) HOUR)) ,0,0,3231,324),
(@newENTRY+63,@faction_ah,@ENTRY+63,@vendeur_ah,2143, UNIX_TIMESTAMP( ADDDATE(now(), INTERVAL floor(24+24*rand()) HOUR)) ,0,0,2143,215),
(@newENTRY+64,@faction_ah,@ENTRY+64,@vendeur_ah,2360, UNIX_TIMESTAMP( ADDDATE(now(), INTERVAL floor(24+24*rand()) HOUR)) ,0,0,2360,237),
(@newENTRY+65,@faction_ah,@ENTRY+65,@vendeur_ah,3160, UNIX_TIMESTAMP( ADDDATE(now(), INTERVAL floor(24+24*rand()) HOUR)) ,0,0,3160,317),
(@newENTRY+66,@faction_ah,@ENTRY+66,@vendeur_ah,1966, UNIX_TIMESTAMP( ADDDATE(now(), INTERVAL floor(24+24*rand()) HOUR)) ,0,0,1966,198),
(@newENTRY+67,@faction_ah,@ENTRY+67,@vendeur_ah,2765, UNIX_TIMESTAMP( ADDDATE(now(), INTERVAL floor(24+24*rand()) HOUR)) ,0,0,2765,278),
(@newENTRY+68,@faction_ah,@ENTRY+68,@vendeur_ah,1801, UNIX_TIMESTAMP( ADDDATE(now(), INTERVAL floor(24+24*rand()) HOUR)) ,0,0,1801,181),
(@newENTRY+69,@faction_ah,@ENTRY+69,@vendeur_ah,2156, UNIX_TIMESTAMP( ADDDATE(now(), INTERVAL floor(24+24*rand()) HOUR)) ,0,0,2156,217),
(@newENTRY+70,@faction_ah,@ENTRY+70,@vendeur_ah,1931, UNIX_TIMESTAMP( ADDDATE(now(), INTERVAL floor(24+24*rand()) HOUR)) ,0,0,1931,194),
(@newENTRY+71,@faction_ah,@ENTRY+71,@vendeur_ah,4238, UNIX_TIMESTAMP( ADDDATE(now(), INTERVAL floor(24+24*rand()) HOUR)) ,0,0,4238,425),
(@newENTRY+72,@faction_ah,@ENTRY+72,@vendeur_ah,800, UNIX_TIMESTAMP( ADDDATE(now(), INTERVAL floor(24+24*rand()) HOUR)) ,0,0,800,81),
(@newENTRY+73,@faction_ah,@ENTRY+73,@vendeur_ah,2079, UNIX_TIMESTAMP( ADDDATE(now(), INTERVAL floor(24+24*rand()) HOUR)) ,0,0,2079,209),
(@newENTRY+74,@faction_ah,@ENTRY+74,@vendeur_ah,259, UNIX_TIMESTAMP( ADDDATE(now(), INTERVAL floor(24+24*rand()) HOUR)) ,0,0,259,27),
(@newENTRY+75,@faction_ah,@ENTRY+75,@vendeur_ah,1250, UNIX_TIMESTAMP( ADDDATE(now(), INTERVAL floor(24+24*rand()) HOUR)) ,0,0,1250,126),
(@newENTRY+76,@faction_ah,@ENTRY+76,@vendeur_ah,3039, UNIX_TIMESTAMP( ADDDATE(now(), INTERVAL floor(24+24*rand()) HOUR)) ,0,0,3039,305),
(@newENTRY+77,@faction_ah,@ENTRY+77,@vendeur_ah,3026, UNIX_TIMESTAMP( ADDDATE(now(), INTERVAL floor(24+24*rand()) HOUR)) ,0,0,3026,304),
(@newENTRY+78,@faction_ah,@ENTRY+78,@vendeur_ah,800, UNIX_TIMESTAMP( ADDDATE(now(), INTERVAL floor(24+24*rand()) HOUR)) ,0,0,800,81),
(@newENTRY+79,@faction_ah,@ENTRY+79,@vendeur_ah,2939, UNIX_TIMESTAMP( ADDDATE(now(), INTERVAL floor(24+24*rand()) HOUR)) ,0,0,2939,295),
(@newENTRY+80,@faction_ah,@ENTRY+80,@vendeur_ah,1258, UNIX_TIMESTAMP( ADDDATE(now(), INTERVAL floor(24+24*rand()) HOUR)) ,0,0,1258,127),
(@newENTRY+81,@faction_ah,@ENTRY+81,@vendeur_ah,1757, UNIX_TIMESTAMP( ADDDATE(now(), INTERVAL floor(24+24*rand()) HOUR)) ,0,0,1757,177),
(@newENTRY+82,@faction_ah,@ENTRY+82,@vendeur_ah,1293, UNIX_TIMESTAMP( ADDDATE(now(), INTERVAL floor(24+24*rand()) HOUR)) ,0,0,1293,130),
(@newENTRY+83,@faction_ah,@ENTRY+83,@vendeur_ah,3364, UNIX_TIMESTAMP( ADDDATE(now(), INTERVAL floor(24+24*rand()) HOUR)) ,0,0,3364,337),
(@newENTRY+84,@faction_ah,@ENTRY+84,@vendeur_ah,983, UNIX_TIMESTAMP( ADDDATE(now(), INTERVAL floor(24+24*rand()) HOUR)) ,0,0,983,99),
(@newENTRY+85,@faction_ah,@ENTRY+85,@vendeur_ah,155, UNIX_TIMESTAMP( ADDDATE(now(), INTERVAL floor(24+24*rand()) HOUR)) ,0,0,155,17),
(@newENTRY+86,@faction_ah,@ENTRY+86,@vendeur_ah,163, UNIX_TIMESTAMP( ADDDATE(now(), INTERVAL floor(24+24*rand()) HOUR)) ,0,0,163,17),
(@newENTRY+87,@faction_ah,@ENTRY+87,@vendeur_ah,3452, UNIX_TIMESTAMP( ADDDATE(now(), INTERVAL floor(24+24*rand()) HOUR)) ,0,0,3452,346),
(@newENTRY+88,@faction_ah,@ENTRY+88,@vendeur_ah,800, UNIX_TIMESTAMP( ADDDATE(now(), INTERVAL floor(24+24*rand()) HOUR)) ,0,0,800,81),
(@newENTRY+89,@faction_ah,@ENTRY+89,@vendeur_ah,800, UNIX_TIMESTAMP( ADDDATE(now(), INTERVAL floor(24+24*rand()) HOUR)) ,0,0,800,81),
(@newENTRY+90,@faction_ah,@ENTRY+90,@vendeur_ah,2529, UNIX_TIMESTAMP( ADDDATE(now(), INTERVAL floor(24+24*rand()) HOUR)) ,0,0,2529,254),
(@newENTRY+91,@faction_ah,@ENTRY+91,@vendeur_ah,3265, UNIX_TIMESTAMP( ADDDATE(now(), INTERVAL floor(24+24*rand()) HOUR)) ,0,0,3265,328),
(@newENTRY+92,@faction_ah,@ENTRY+92,@vendeur_ah,1302, UNIX_TIMESTAMP( ADDDATE(now(), INTERVAL floor(24+24*rand()) HOUR)) ,0,0,1302,131),
(@newENTRY+93,@faction_ah,@ENTRY+93,@vendeur_ah,2921, UNIX_TIMESTAMP( ADDDATE(now(), INTERVAL floor(24+24*rand()) HOUR)) ,0,0,2921,293),
(@newENTRY+94,@faction_ah,@ENTRY+94,@vendeur_ah,3324, UNIX_TIMESTAMP( ADDDATE(now(), INTERVAL floor(24+24*rand()) HOUR)) ,0,0,3324,333),
(@newENTRY+95,@faction_ah,@ENTRY+95,@vendeur_ah,2838, UNIX_TIMESTAMP( ADDDATE(now(), INTERVAL floor(24+24*rand()) HOUR)) ,0,0,2838,285),
(@newENTRY+96,@faction_ah,@ENTRY+96,@vendeur_ah,3403, UNIX_TIMESTAMP( ADDDATE(now(), INTERVAL floor(24+24*rand()) HOUR)) ,0,0,3403,341),
(@newENTRY+97,@faction_ah,@ENTRY+97,@vendeur_ah,3454, UNIX_TIMESTAMP( ADDDATE(now(), INTERVAL floor(24+24*rand()) HOUR)) ,0,0,3454,346),
(@newENTRY+98,@faction_ah,@ENTRY+98,@vendeur_ah,2248, UNIX_TIMESTAMP( ADDDATE(now(), INTERVAL floor(24+24*rand()) HOUR)) ,0,0,2248,226),
(@newENTRY+99,@faction_ah,@ENTRY+99,@vendeur_ah,1596, UNIX_TIMESTAMP( ADDDATE(now(), INTERVAL floor(24+24*rand()) HOUR)) ,0,0,1596,161),
(@newENTRY+100,@faction_ah,@ENTRY+100,@vendeur_ah,4127, UNIX_TIMESTAMP( ADDDATE(now(), INTERVAL floor(24+24*rand()) HOUR)) ,0,0,4127,414),
(@newENTRY+101,@faction_ah,@ENTRY+101,@vendeur_ah,1787, UNIX_TIMESTAMP( ADDDATE(now(), INTERVAL floor(24+24*rand()) HOUR)) ,0,0,1787,180),
(@newENTRY+102,@faction_ah,@ENTRY+102,@vendeur_ah,1641, UNIX_TIMESTAMP( ADDDATE(now(), INTERVAL floor(24+24*rand()) HOUR)) ,0,0,1641,165),
(@newENTRY+103,@faction_ah,@ENTRY+103,@vendeur_ah,2838, UNIX_TIMESTAMP( ADDDATE(now(), INTERVAL floor(24+24*rand()) HOUR)) ,0,0,2838,285),
(@newENTRY+104,@faction_ah,@ENTRY+104,@vendeur_ah,1559, UNIX_TIMESTAMP( ADDDATE(now(), INTERVAL floor(24+24*rand()) HOUR)) ,0,0,1559,157),
(@newENTRY+105,@faction_ah,@ENTRY+105,@vendeur_ah,2890, UNIX_TIMESTAMP( ADDDATE(now(), INTERVAL floor(24+24*rand()) HOUR)) ,0,0,2890,290),
(@newENTRY+106,@faction_ah,@ENTRY+106,@vendeur_ah,2840, UNIX_TIMESTAMP( ADDDATE(now(), INTERVAL floor(24+24*rand()) HOUR)) ,0,0,2840,285),
(@newENTRY+107,@faction_ah,@ENTRY+107,@vendeur_ah,2328, UNIX_TIMESTAMP( ADDDATE(now(), INTERVAL floor(24+24*rand()) HOUR)) ,0,0,2328,234),
(@newENTRY+108,@faction_ah,@ENTRY+108,@vendeur_ah,3652, UNIX_TIMESTAMP( ADDDATE(now(), INTERVAL floor(24+24*rand()) HOUR)) ,0,0,3652,366),
(@newENTRY+109,@faction_ah,@ENTRY+109,@vendeur_ah,3322, UNIX_TIMESTAMP( ADDDATE(now(), INTERVAL floor(24+24*rand()) HOUR)) ,0,0,3322,333),
(@newENTRY+110,@faction_ah,@ENTRY+110,@vendeur_ah,1000, UNIX_TIMESTAMP( ADDDATE(now(), INTERVAL floor(24+24*rand()) HOUR)) ,0,0,1000,101),
(@newENTRY+111,@faction_ah,@ENTRY+111,@vendeur_ah,800, UNIX_TIMESTAMP( ADDDATE(now(), INTERVAL floor(24+24*rand()) HOUR)) ,0,0,800,81),
(@newENTRY+112,@faction_ah,@ENTRY+112,@vendeur_ah,6209, UNIX_TIMESTAMP( ADDDATE(now(), INTERVAL floor(24+24*rand()) HOUR)) ,0,0,6209,622),
(@newENTRY+113,@faction_ah,@ENTRY+113,@vendeur_ah,19835, UNIX_TIMESTAMP( ADDDATE(now(), INTERVAL floor(24+24*rand()) HOUR)) ,0,0,19835,1985),
(@newENTRY+114,@faction_ah,@ENTRY+114,@vendeur_ah,1995, UNIX_TIMESTAMP( ADDDATE(now(), INTERVAL floor(24+24*rand()) HOUR)) ,0,0,1995,201),
(@newENTRY+115,@faction_ah,@ENTRY+115,@vendeur_ah,14702, UNIX_TIMESTAMP( ADDDATE(now(), INTERVAL floor(24+24*rand()) HOUR)) ,0,0,14702,1471),
(@newENTRY+116,@faction_ah,@ENTRY+116,@vendeur_ah,12375, UNIX_TIMESTAMP( ADDDATE(now(), INTERVAL floor(24+24*rand()) HOUR)) ,0,0,12375,1239),
(@newENTRY+117,@faction_ah,@ENTRY+117,@vendeur_ah,8051, UNIX_TIMESTAMP( ADDDATE(now(), INTERVAL floor(24+24*rand()) HOUR)) ,0,0,8051,806),
(@newENTRY+118,@faction_ah,@ENTRY+118,@vendeur_ah,9423, UNIX_TIMESTAMP( ADDDATE(now(), INTERVAL floor(24+24*rand()) HOUR)) ,0,0,9423,943),
(@newENTRY+119,@faction_ah,@ENTRY+119,@vendeur_ah,16594, UNIX_TIMESTAMP( ADDDATE(now(), INTERVAL floor(24+24*rand()) HOUR)) ,0,0,16594,1660),
(@newENTRY+120,@faction_ah,@ENTRY+120,@vendeur_ah,26623, UNIX_TIMESTAMP( ADDDATE(now(), INTERVAL floor(24+24*rand()) HOUR)) ,0,0,26623,2663),
(@newENTRY+121,@faction_ah,@ENTRY+121,@vendeur_ah,2612, UNIX_TIMESTAMP( ADDDATE(now(), INTERVAL floor(24+24*rand()) HOUR)) ,0,0,2612,262),
(@newENTRY+122,@faction_ah,@ENTRY+122,@vendeur_ah,1818, UNIX_TIMESTAMP( ADDDATE(now(), INTERVAL floor(24+24*rand()) HOUR)) ,0,0,1818,183),
(@newENTRY+123,@faction_ah,@ENTRY+123,@vendeur_ah,2412, UNIX_TIMESTAMP( ADDDATE(now(), INTERVAL floor(24+24*rand()) HOUR)) ,0,0,2412,242),
(@newENTRY+124,@faction_ah,@ENTRY+124,@vendeur_ah,3970, UNIX_TIMESTAMP( ADDDATE(now(), INTERVAL floor(24+24*rand()) HOUR)) ,0,0,3970,398),
(@newENTRY+125,@faction_ah,@ENTRY+125,@vendeur_ah,2794, UNIX_TIMESTAMP( ADDDATE(now(), INTERVAL floor(24+24*rand()) HOUR)) ,0,0,2794,280),
(@newENTRY+126,@faction_ah,@ENTRY+126,@vendeur_ah,1000, UNIX_TIMESTAMP( ADDDATE(now(), INTERVAL floor(24+24*rand()) HOUR)) ,0,0,1000,101),
(@newENTRY+127,@faction_ah,@ENTRY+127,@vendeur_ah,3687, UNIX_TIMESTAMP( ADDDATE(now(), INTERVAL floor(24+24*rand()) HOUR)) ,0,0,3687,370),
(@newENTRY+128,@faction_ah,@ENTRY+128,@vendeur_ah,3010, UNIX_TIMESTAMP( ADDDATE(now(), INTERVAL floor(24+24*rand()) HOUR)) ,0,0,3010,302),
(@newENTRY+129,@faction_ah,@ENTRY+129,@vendeur_ah,2347, UNIX_TIMESTAMP( ADDDATE(now(), INTERVAL floor(24+24*rand()) HOUR)) ,0,0,2347,236),
(@newENTRY+130,@faction_ah,@ENTRY+130,@vendeur_ah,1000, UNIX_TIMESTAMP( ADDDATE(now(), INTERVAL floor(24+24*rand()) HOUR)) ,0,0,1000,101),
(@newENTRY+131,@faction_ah,@ENTRY+131,@vendeur_ah,3646, UNIX_TIMESTAMP( ADDDATE(now(), INTERVAL floor(24+24*rand()) HOUR)) ,0,0,3646,366),
(@newENTRY+132,@faction_ah,@ENTRY+132,@vendeur_ah,1427, UNIX_TIMESTAMP( ADDDATE(now(), INTERVAL floor(24+24*rand()) HOUR)) ,0,0,1427,144),
(@newENTRY+133,@faction_ah,@ENTRY+133,@vendeur_ah,3940, UNIX_TIMESTAMP( ADDDATE(now(), INTERVAL floor(24+24*rand()) HOUR)) ,0,0,3940,395),
(@newENTRY+134,@faction_ah,@ENTRY+134,@vendeur_ah,3425, UNIX_TIMESTAMP( ADDDATE(now(), INTERVAL floor(24+24*rand()) HOUR)) ,0,0,3425,344),
(@newENTRY+135,@faction_ah,@ENTRY+135,@vendeur_ah,4188, UNIX_TIMESTAMP( ADDDATE(now(), INTERVAL floor(24+24*rand()) HOUR)) ,0,0,4188,420),
(@newENTRY+136,@faction_ah,@ENTRY+136,@vendeur_ah,1131, UNIX_TIMESTAMP( ADDDATE(now(), INTERVAL floor(24+24*rand()) HOUR)) ,0,0,1131,114),
(@newENTRY+137,@faction_ah,@ENTRY+137,@vendeur_ah,3972, UNIX_TIMESTAMP( ADDDATE(now(), INTERVAL floor(24+24*rand()) HOUR)) ,0,0,3972,398),
(@newENTRY+138,@faction_ah,@ENTRY+138,@vendeur_ah,4452, UNIX_TIMESTAMP( ADDDATE(now(), INTERVAL floor(24+24*rand()) HOUR)) ,0,0,4452,446),
(@newENTRY+139,@faction_ah,@ENTRY+139,@vendeur_ah,3654, UNIX_TIMESTAMP( ADDDATE(now(), INTERVAL floor(24+24*rand()) HOUR)) ,0,0,3654,366),
(@newENTRY+140,@faction_ah,@ENTRY+140,@vendeur_ah,2418, UNIX_TIMESTAMP( ADDDATE(now(), INTERVAL floor(24+24*rand()) HOUR)) ,0,0,2418,243),
(@newENTRY+141,@faction_ah,@ENTRY+141,@vendeur_ah,1000, UNIX_TIMESTAMP( ADDDATE(now(), INTERVAL floor(24+24*rand()) HOUR)) ,0,0,1000,101),
(@newENTRY+142,@faction_ah,@ENTRY+142,@vendeur_ah,18097, UNIX_TIMESTAMP( ADDDATE(now(), INTERVAL floor(24+24*rand()) HOUR)) ,0,0,18097,1811),
(@newENTRY+143,@faction_ah,@ENTRY+143,@vendeur_ah,6000, UNIX_TIMESTAMP( ADDDATE(now(), INTERVAL floor(24+24*rand()) HOUR)) ,0,0,6000,601),
(@newENTRY+144,@faction_ah,@ENTRY+144,@vendeur_ah,10405, UNIX_TIMESTAMP( ADDDATE(now(), INTERVAL floor(24+24*rand()) HOUR)) ,0,0,10405,1042),
(@newENTRY+145,@faction_ah,@ENTRY+145,@vendeur_ah,22500, UNIX_TIMESTAMP( ADDDATE(now(), INTERVAL floor(24+24*rand()) HOUR)) ,0,0,22500,2251),
(@newENTRY+146,@faction_ah,@ENTRY+146,@vendeur_ah,26170, UNIX_TIMESTAMP( ADDDATE(now(), INTERVAL floor(24+24*rand()) HOUR)) ,0,0,26170,2618),
(@newENTRY+147,@faction_ah,@ENTRY+147,@vendeur_ah,309, UNIX_TIMESTAMP( ADDDATE(now(), INTERVAL floor(24+24*rand()) HOUR)) ,0,0,309,32),
(@newENTRY+148,@faction_ah,@ENTRY+148,@vendeur_ah,170, UNIX_TIMESTAMP( ADDDATE(now(), INTERVAL floor(24+24*rand()) HOUR)) ,0,0,170,18),
(@newENTRY+149,@faction_ah,@ENTRY+149,@vendeur_ah,6000, UNIX_TIMESTAMP( ADDDATE(now(), INTERVAL floor(24+24*rand()) HOUR)) ,0,0,6000,601),
(@newENTRY+150,@faction_ah,@ENTRY+150,@vendeur_ah,26946, UNIX_TIMESTAMP( ADDDATE(now(), INTERVAL floor(24+24*rand()) HOUR)) ,0,0,26946,2696),
(@newENTRY+151,@faction_ah,@ENTRY+151,@vendeur_ah,18114, UNIX_TIMESTAMP( ADDDATE(now(), INTERVAL floor(24+24*rand()) HOUR)) ,0,0,18114,1812),
(@newENTRY+152,@faction_ah,@ENTRY+152,@vendeur_ah,6000, UNIX_TIMESTAMP( ADDDATE(now(), INTERVAL floor(24+24*rand()) HOUR)) ,0,0,6000,601),
(@newENTRY+153,@faction_ah,@ENTRY+153,@vendeur_ah,26114, UNIX_TIMESTAMP( ADDDATE(now(), INTERVAL floor(24+24*rand()) HOUR)) ,0,0,26114,2612),
(@newENTRY+154,@faction_ah,@ENTRY+154,@vendeur_ah,12934, UNIX_TIMESTAMP( ADDDATE(now(), INTERVAL floor(24+24*rand()) HOUR)) ,0,0,12934,1294),
(@newENTRY+155,@faction_ah,@ENTRY+155,@vendeur_ah,21443, UNIX_TIMESTAMP( ADDDATE(now(), INTERVAL floor(24+24*rand()) HOUR)) ,0,0,21443,2145),
(@newENTRY+156,@faction_ah,@ENTRY+156,@vendeur_ah,24657, UNIX_TIMESTAMP( ADDDATE(now(), INTERVAL floor(24+24*rand()) HOUR)) ,0,0,24657,2467),
(@newENTRY+157,@faction_ah,@ENTRY+157,@vendeur_ah,25385, UNIX_TIMESTAMP( ADDDATE(now(), INTERVAL floor(24+24*rand()) HOUR)) ,0,0,25385,2540),
(@newENTRY+158,@faction_ah,@ENTRY+158,@vendeur_ah,12821, UNIX_TIMESTAMP( ADDDATE(now(), INTERVAL floor(24+24*rand()) HOUR)) ,0,0,12821,1283),
(@newENTRY+159,@faction_ah,@ENTRY+159,@vendeur_ah,6000, UNIX_TIMESTAMP( ADDDATE(now(), INTERVAL floor(24+24*rand()) HOUR)) ,0,0,6000,601),
(@newENTRY+160,@faction_ah,@ENTRY+160,@vendeur_ah,7899, UNIX_TIMESTAMP( ADDDATE(now(), INTERVAL floor(24+24*rand()) HOUR)) ,0,0,7899,791),
(@newENTRY+161,@faction_ah,@ENTRY+161,@vendeur_ah,24955, UNIX_TIMESTAMP( ADDDATE(now(), INTERVAL floor(24+24*rand()) HOUR)) ,0,0,24955,2497),
(@newENTRY+162,@faction_ah,@ENTRY+162,@vendeur_ah,21273, UNIX_TIMESTAMP( ADDDATE(now(), INTERVAL floor(24+24*rand()) HOUR)) ,0,0,21273,2128),
(@newENTRY+163,@faction_ah,@ENTRY+163,@vendeur_ah,6563, UNIX_TIMESTAMP( ADDDATE(now(), INTERVAL floor(24+24*rand()) HOUR)) ,0,0,6563,657),
(@newENTRY+164,@faction_ah,@ENTRY+164,@vendeur_ah,16517, UNIX_TIMESTAMP( ADDDATE(now(), INTERVAL floor(24+24*rand()) HOUR)) ,0,0,16517,1653),
(@newENTRY+165,@faction_ah,@ENTRY+165,@vendeur_ah,12371, UNIX_TIMESTAMP( ADDDATE(now(), INTERVAL floor(24+24*rand()) HOUR)) ,0,0,12371,1238),
(@newENTRY+166,@faction_ah,@ENTRY+166,@vendeur_ah,6000, UNIX_TIMESTAMP( ADDDATE(now(), INTERVAL floor(24+24*rand()) HOUR)) ,0,0,6000,601),
(@newENTRY+167,@faction_ah,@ENTRY+167,@vendeur_ah,13611, UNIX_TIMESTAMP( ADDDATE(now(), INTERVAL floor(24+24*rand()) HOUR)) ,0,0,13611,1362),
(@newENTRY+168,@faction_ah,@ENTRY+168,@vendeur_ah,26900, UNIX_TIMESTAMP( ADDDATE(now(), INTERVAL floor(24+24*rand()) HOUR)) ,0,0,26900,2691),
(@newENTRY+169,@faction_ah,@ENTRY+169,@vendeur_ah,3333, UNIX_TIMESTAMP( ADDDATE(now(), INTERVAL floor(24+24*rand()) HOUR)) ,0,0,3333,334),
(@newENTRY+170,@faction_ah,@ENTRY+170,@vendeur_ah,249, UNIX_TIMESTAMP( ADDDATE(now(), INTERVAL floor(24+24*rand()) HOUR)) ,0,0,249,26);



































