



SET  @newENTRY =(SELECT max(`id`) FROM `auctionhouse` );																																																				
set @vendeur_ah := 55;																																																				
SET  @ENTRY =(SELECT max(`guid`) FROM `item_instance` );																																																				
set  @faction_ah := 23442;																																																				
/* 23442 / 79707 / 4656 */																																																				
	
DROP TABLE IF EXISTS `t`;																																																				
CREATE TABLE `t` (i INT);																																																				
insert into `t` values(23442) , (79707) ,(4656);																																																				
set  @faction_ah = (SELECT i FROM t ORDER BY RAND() LIMIT 1);																																																				


INSERT INTO `item_instance` VALUES (	@ENTRY+1	,	4366	,	@vendeur_ah	,	0	,	0	,	floor(rand()*5+5)	,	0	,	'0 0 0 0 0 '	,	0	,	'0 0 0 0 0 0 0 0 0 0 0 0 0 0 0 0 0 0 0 0 0 0 0 0 0 0 0 0 0 0 0 0 0 0 0 0 0 0 0 0 0 0 '	,	0	,	0	,	0	,	""	);
INSERT INTO `item_instance` VALUES (	@ENTRY+2	,	4376	,	@vendeur_ah	,	0	,	0	,	floor(rand()*5+5)	,	0	,	'0 0 0 0 0 '	,	0	,	'0 0 0 0 0 0 0 0 0 0 0 0 0 0 0 0 0 0 0 0 0 0 0 0 0 0 0 0 0 0 0 0 0 0 0 0 0 0 0 0 0 0 '	,	0	,	0	,	0	,	""	);
INSERT INTO `item_instance` VALUES (	@ENTRY+3	,	4386	,	@vendeur_ah	,	0	,	0	,	floor(rand()*5+5)	,	0	,	'0 0 0 0 0 '	,	0	,	'0 0 0 0 0 0 0 0 0 0 0 0 0 0 0 0 0 0 0 0 0 0 0 0 0 0 0 0 0 0 0 0 0 0 0 0 0 0 0 0 0 0 '	,	0	,	0	,	0	,	""	);
INSERT INTO `item_instance` VALUES (	@ENTRY+4	,	4388	,	@vendeur_ah	,	0	,	0	,	floor(rand()*5+5)	,	0	,	'0 0 0 0 0 '	,	0	,	'0 0 0 0 0 0 0 0 0 0 0 0 0 0 0 0 0 0 0 0 0 0 0 0 0 0 0 0 0 0 0 0 0 0 0 0 0 0 0 0 0 0 '	,	0	,	0	,	0	,	""	);
INSERT INTO `item_instance` VALUES (	@ENTRY+5	,	4391	,	@vendeur_ah	,	0	,	0	,	floor(rand()*5+5)	,	0	,	'0 0 0 0 0 '	,	0	,	'0 0 0 0 0 0 0 0 0 0 0 0 0 0 0 0 0 0 0 0 0 0 0 0 0 0 0 0 0 0 0 0 0 0 0 0 0 0 0 0 0 0 '	,	0	,	0	,	0	,	""	);
INSERT INTO `item_instance` VALUES (	@ENTRY+6	,	4392	,	@vendeur_ah	,	0	,	0	,	floor(rand()*5+5)	,	0	,	'0 0 0 0 0 '	,	0	,	'0 0 0 0 0 0 0 0 0 0 0 0 0 0 0 0 0 0 0 0 0 0 0 0 0 0 0 0 0 0 0 0 0 0 0 0 0 0 0 0 0 0 '	,	0	,	0	,	0	,	""	);
INSERT INTO `item_instance` VALUES (	@ENTRY+7	,	4403	,	@vendeur_ah	,	0	,	0	,	floor(rand()*5+5)	,	0	,	'0 0 0 0 0 '	,	0	,	'0 0 0 0 0 0 0 0 0 0 0 0 0 0 0 0 0 0 0 0 0 0 0 0 0 0 0 0 0 0 0 0 0 0 0 0 0 0 0 0 0 0 '	,	0	,	0	,	0	,	""	);
INSERT INTO `item_instance` VALUES (	@ENTRY+8	,	4405	,	@vendeur_ah	,	0	,	0	,	floor(rand()*5+5)	,	0	,	'0 0 0 0 0 '	,	0	,	'0 0 0 0 0 0 0 0 0 0 0 0 0 0 0 0 0 0 0 0 0 0 0 0 0 0 0 0 0 0 0 0 0 0 0 0 0 0 0 0 0 0 '	,	0	,	0	,	0	,	""	);
INSERT INTO `item_instance` VALUES (	@ENTRY+9	,	4406	,	@vendeur_ah	,	0	,	0	,	floor(rand()*5+5)	,	0	,	'0 0 0 0 0 '	,	0	,	'0 0 0 0 0 0 0 0 0 0 0 0 0 0 0 0 0 0 0 0 0 0 0 0 0 0 0 0 0 0 0 0 0 0 0 0 0 0 0 0 0 0 '	,	0	,	0	,	0	,	""	);
INSERT INTO `item_instance` VALUES (	@ENTRY+10	,	4407	,	@vendeur_ah	,	0	,	0	,	floor(rand()*5+5)	,	0	,	'0 0 0 0 0 '	,	0	,	'0 0 0 0 0 0 0 0 0 0 0 0 0 0 0 0 0 0 0 0 0 0 0 0 0 0 0 0 0 0 0 0 0 0 0 0 0 0 0 0 0 0 '	,	0	,	0	,	0	,	""	);
INSERT INTO `item_instance` VALUES (	@ENTRY+11	,	5507	,	@vendeur_ah	,	0	,	0	,	floor(rand()*5+5)	,	0	,	'0 0 0 0 0 '	,	0	,	'0 0 0 0 0 0 0 0 0 0 0 0 0 0 0 0 0 0 0 0 0 0 0 0 0 0 0 0 0 0 0 0 0 0 0 0 0 0 0 0 0 0 '	,	0	,	0	,	0	,	""	);
INSERT INTO `item_instance` VALUES (	@ENTRY+12	,	6533	,	@vendeur_ah	,	0	,	0	,	floor(rand()*5+5)	,	0	,	'0 0 0 0 0 '	,	0	,	'0 0 0 0 0 0 0 0 0 0 0 0 0 0 0 0 0 0 0 0 0 0 0 0 0 0 0 0 0 0 0 0 0 0 0 0 0 0 0 0 0 0 '	,	0	,	0	,	0	,	""	);
INSERT INTO `item_instance` VALUES (	@ENTRY+13	,	6715	,	@vendeur_ah	,	0	,	0	,	floor(rand()*5+5)	,	0	,	'0 0 0 0 0 '	,	0	,	'0 0 0 0 0 0 0 0 0 0 0 0 0 0 0 0 0 0 0 0 0 0 0 0 0 0 0 0 0 0 0 0 0 0 0 0 0 0 0 0 0 0 '	,	0	,	0	,	0	,	""	);
INSERT INTO `item_instance` VALUES (	@ENTRY+14	,	7148	,	@vendeur_ah	,	0	,	0	,	floor(rand()*5+5)	,	0	,	'0 0 0 0 0 '	,	0	,	'0 0 0 0 0 0 0 0 0 0 0 0 0 0 0 0 0 0 0 0 0 0 0 0 0 0 0 0 0 0 0 0 0 0 0 0 0 0 0 0 0 0 '	,	0	,	0	,	0	,	""	);
INSERT INTO `item_instance` VALUES (	@ENTRY+15	,	10546	,	@vendeur_ah	,	0	,	0	,	floor(rand()*5+5)	,	0	,	'0 0 0 0 0 '	,	0	,	'0 0 0 0 0 0 0 0 0 0 0 0 0 0 0 0 0 0 0 0 0 0 0 0 0 0 0 0 0 0 0 0 0 0 0 0 0 0 0 0 0 0 '	,	0	,	0	,	0	,	""	);
INSERT INTO `item_instance` VALUES (	@ENTRY+16	,	10548	,	@vendeur_ah	,	0	,	0	,	floor(rand()*5+5)	,	0	,	'0 0 0 0 0 '	,	0	,	'0 0 0 0 0 0 0 0 0 0 0 0 0 0 0 0 0 0 0 0 0 0 0 0 0 0 0 0 0 0 0 0 0 0 0 0 0 0 0 0 0 0 '	,	0	,	0	,	0	,	""	);
INSERT INTO `item_instance` VALUES (	@ENTRY+17	,	10719	,	@vendeur_ah	,	0	,	0	,	floor(rand()*5+5)	,	0	,	'0 0 0 0 0 '	,	0	,	'0 0 0 0 0 0 0 0 0 0 0 0 0 0 0 0 0 0 0 0 0 0 0 0 0 0 0 0 0 0 0 0 0 0 0 0 0 0 0 0 0 0 '	,	0	,	0	,	0	,	""	);
INSERT INTO `item_instance` VALUES (	@ENTRY+18	,	11590	,	@vendeur_ah	,	0	,	0	,	floor(rand()*5+5)	,	0	,	'0 0 0 0 0 '	,	0	,	'0 0 0 0 0 0 0 0 0 0 0 0 0 0 0 0 0 0 0 0 0 0 0 0 0 0 0 0 0 0 0 0 0 0 0 0 0 0 0 0 0 0 '	,	0	,	0	,	0	,	""	);
INSERT INTO `item_instance` VALUES (	@ENTRY+19	,	15846	,	@vendeur_ah	,	0	,	0	,	floor(rand()*5+5)	,	0	,	'0 0 0 0 0 '	,	0	,	'0 0 0 0 0 0 0 0 0 0 0 0 0 0 0 0 0 0 0 0 0 0 0 0 0 0 0 0 0 0 0 0 0 0 0 0 0 0 0 0 0 0 '	,	0	,	0	,	0	,	""	);
INSERT INTO `item_instance` VALUES (	@ENTRY+20	,	16023	,	@vendeur_ah	,	0	,	0	,	floor(rand()*5+5)	,	0	,	'0 0 0 0 0 '	,	0	,	'0 0 0 0 0 0 0 0 0 0 0 0 0 0 0 0 0 0 0 0 0 0 0 0 0 0 0 0 0 0 0 0 0 0 0 0 0 0 0 0 0 0 '	,	0	,	0	,	0	,	""	);
INSERT INTO `item_instance` VALUES (	@ENTRY+21	,	17716	,	@vendeur_ah	,	0	,	0	,	floor(rand()*5+5)	,	0	,	'0 0 0 0 0 '	,	0	,	'0 0 0 0 0 0 0 0 0 0 0 0 0 0 0 0 0 0 0 0 0 0 0 0 0 0 0 0 0 0 0 0 0 0 0 0 0 0 0 0 0 0 '	,	0	,	0	,	0	,	""	);
INSERT INTO `item_instance` VALUES (	@ENTRY+22	,	18232	,	@vendeur_ah	,	0	,	0	,	floor(rand()*5+5)	,	0	,	'0 0 0 0 0 '	,	0	,	'0 0 0 0 0 0 0 0 0 0 0 0 0 0 0 0 0 0 0 0 0 0 0 0 0 0 0 0 0 0 0 0 0 0 0 0 0 0 0 0 0 0 '	,	0	,	0	,	0	,	""	);
INSERT INTO `item_instance` VALUES (	@ENTRY+23	,	18283	,	@vendeur_ah	,	0	,	0	,	floor(rand()*5+5)	,	0	,	'0 0 0 0 0 '	,	0	,	'0 0 0 0 0 0 0 0 0 0 0 0 0 0 0 0 0 0 0 0 0 0 0 0 0 0 0 0 0 0 0 0 0 0 0 0 0 0 0 0 0 0 '	,	0	,	0	,	0	,	""	);
INSERT INTO `item_instance` VALUES (	@ENTRY+24	,	18587	,	@vendeur_ah	,	0	,	0	,	floor(rand()*5+5)	,	0	,	'0 0 0 0 0 '	,	0	,	'0 0 0 0 0 0 0 0 0 0 0 0 0 0 0 0 0 0 0 0 0 0 0 0 0 0 0 0 0 0 0 0 0 0 0 0 0 0 0 0 0 0 '	,	0	,	0	,	0	,	""	);
INSERT INTO `item_instance` VALUES (	@ENTRY+25	,	18636	,	@vendeur_ah	,	0	,	0	,	floor(rand()*5+5)	,	0	,	'0 0 0 0 0 '	,	0	,	'0 0 0 0 0 0 0 0 0 0 0 0 0 0 0 0 0 0 0 0 0 0 0 0 0 0 0 0 0 0 0 0 0 0 0 0 0 0 0 0 0 0 '	,	0	,	0	,	0	,	""	);
INSERT INTO `item_instance` VALUES (	@ENTRY+26	,	18645	,	@vendeur_ah	,	0	,	0	,	floor(rand()*5+5)	,	0	,	'0 0 0 0 0 '	,	0	,	'0 0 0 0 0 0 0 0 0 0 0 0 0 0 0 0 0 0 0 0 0 0 0 0 0 0 0 0 0 0 0 0 0 0 0 0 0 0 0 0 0 0 '	,	0	,	0	,	0	,	""	);
INSERT INTO `item_instance` VALUES (	@ENTRY+27	,	18660	,	@vendeur_ah	,	0	,	0	,	floor(rand()*5+5)	,	0	,	'0 0 0 0 0 '	,	0	,	'0 0 0 0 0 0 0 0 0 0 0 0 0 0 0 0 0 0 0 0 0 0 0 0 0 0 0 0 0 0 0 0 0 0 0 0 0 0 0 0 0 0 '	,	0	,	0	,	0	,	""	);
INSERT INTO `item_instance` VALUES (	@ENTRY+28	,	22728	,	@vendeur_ah	,	0	,	0	,	floor(rand()*5+5)	,	0	,	'0 0 0 0 0 '	,	0	,	'0 0 0 0 0 0 0 0 0 0 0 0 0 0 0 0 0 0 0 0 0 0 0 0 0 0 0 0 0 0 0 0 0 0 0 0 0 0 0 0 0 0 '	,	0	,	0	,	0	,	""	);
INSERT INTO `item_instance` VALUES (	@ENTRY+29	,	23764	,	@vendeur_ah	,	0	,	0	,	floor(rand()*5+5)	,	0	,	'0 0 0 0 0 '	,	0	,	'0 0 0 0 0 0 0 0 0 0 0 0 0 0 0 0 0 0 0 0 0 0 0 0 0 0 0 0 0 0 0 0 0 0 0 0 0 0 0 0 0 0 '	,	0	,	0	,	0	,	""	);
INSERT INTO `item_instance` VALUES (	@ENTRY+30	,	23765	,	@vendeur_ah	,	0	,	0	,	floor(rand()*5+5)	,	0	,	'0 0 0 0 0 '	,	0	,	'0 0 0 0 0 0 0 0 0 0 0 0 0 0 0 0 0 0 0 0 0 0 0 0 0 0 0 0 0 0 0 0 0 0 0 0 0 0 0 0 0 0 '	,	0	,	0	,	0	,	""	);
INSERT INTO `item_instance` VALUES (	@ENTRY+31	,	23766	,	@vendeur_ah	,	0	,	0	,	floor(rand()*5+5)	,	0	,	'0 0 0 0 0 '	,	0	,	'0 0 0 0 0 0 0 0 0 0 0 0 0 0 0 0 0 0 0 0 0 0 0 0 0 0 0 0 0 0 0 0 0 0 0 0 0 0 0 0 0 0 '	,	0	,	0	,	0	,	""	);
INSERT INTO `item_instance` VALUES (	@ENTRY+32	,	23767	,	@vendeur_ah	,	0	,	0	,	floor(rand()*5+5)	,	0	,	'0 0 0 0 0 '	,	0	,	'0 0 0 0 0 0 0 0 0 0 0 0 0 0 0 0 0 0 0 0 0 0 0 0 0 0 0 0 0 0 0 0 0 0 0 0 0 0 0 0 0 0 '	,	0	,	0	,	0	,	""	);
INSERT INTO `item_instance` VALUES (	@ENTRY+33	,	23820	,	@vendeur_ah	,	0	,	0	,	floor(rand()*5+5)	,	0	,	'0 0 0 0 0 '	,	0	,	'0 0 0 0 0 0 0 0 0 0 0 0 0 0 0 0 0 0 0 0 0 0 0 0 0 0 0 0 0 0 0 0 0 0 0 0 0 0 0 0 0 0 '	,	0	,	0	,	0	,	""	);
INSERT INTO `item_instance` VALUES (	@ENTRY+34	,	23821	,	@vendeur_ah	,	0	,	0	,	floor(rand()*5+5)	,	0	,	'0 0 0 0 0 '	,	0	,	'0 0 0 0 0 0 0 0 0 0 0 0 0 0 0 0 0 0 0 0 0 0 0 0 0 0 0 0 0 0 0 0 0 0 0 0 0 0 0 0 0 0 '	,	0	,	0	,	0	,	""	);
INSERT INTO `item_instance` VALUES (	@ENTRY+35	,	23831	,	@vendeur_ah	,	0	,	0	,	floor(rand()*5+5)	,	0	,	'0 0 0 0 0 '	,	0	,	'0 0 0 0 0 0 0 0 0 0 0 0 0 0 0 0 0 0 0 0 0 0 0 0 0 0 0 0 0 0 0 0 0 0 0 0 0 0 0 0 0 0 '	,	0	,	0	,	0	,	""	);
INSERT INTO `item_instance` VALUES (	@ENTRY+36	,	23832	,	@vendeur_ah	,	0	,	0	,	floor(rand()*5+5)	,	0	,	'0 0 0 0 0 '	,	0	,	'0 0 0 0 0 0 0 0 0 0 0 0 0 0 0 0 0 0 0 0 0 0 0 0 0 0 0 0 0 0 0 0 0 0 0 0 0 0 0 0 0 0 '	,	0	,	0	,	0	,	""	);
INSERT INTO `item_instance` VALUES (	@ENTRY+37	,	31666	,	@vendeur_ah	,	0	,	0	,	floor(rand()*5+5)	,	0	,	'0 0 0 0 0 '	,	0	,	'0 0 0 0 0 0 0 0 0 0 0 0 0 0 0 0 0 0 0 0 0 0 0 0 0 0 0 0 0 0 0 0 0 0 0 0 0 0 0 0 0 0 '	,	0	,	0	,	0	,	""	);
INSERT INTO `item_instance` VALUES (	@ENTRY+38	,	34113	,	@vendeur_ah	,	0	,	0	,	floor(rand()*5+5)	,	0	,	'0 0 0 0 0 '	,	0	,	'0 0 0 0 0 0 0 0 0 0 0 0 0 0 0 0 0 0 0 0 0 0 0 0 0 0 0 0 0 0 0 0 0 0 0 0 0 0 0 0 0 0 '	,	0	,	0	,	0	,	""	);
INSERT INTO `item_instance` VALUES (	@ENTRY+39	,	37567	,	@vendeur_ah	,	0	,	0	,	floor(rand()*5+5)	,	0	,	'0 0 0 0 0 '	,	0	,	'0 0 0 0 0 0 0 0 0 0 0 0 0 0 0 0 0 0 0 0 0 0 0 0 0 0 0 0 0 0 0 0 0 0 0 0 0 0 0 0 0 0 '	,	0	,	0	,	0	,	""	);
INSERT INTO `item_instance` VALUES (	@ENTRY+40	,	37710	,	@vendeur_ah	,	0	,	0	,	floor(rand()*5+5)	,	0	,	'0 0 0 0 0 '	,	0	,	'0 0 0 0 0 0 0 0 0 0 0 0 0 0 0 0 0 0 0 0 0 0 0 0 0 0 0 0 0 0 0 0 0 0 0 0 0 0 0 0 0 0 '	,	0	,	0	,	0	,	""	);
INSERT INTO `item_instance` VALUES (	@ENTRY+41	,	40768	,	@vendeur_ah	,	0	,	0	,	floor(rand()*5+5)	,	0	,	'0 0 0 0 0 '	,	0	,	'0 0 0 0 0 0 0 0 0 0 0 0 0 0 0 0 0 0 0 0 0 0 0 0 0 0 0 0 0 0 0 0 0 0 0 0 0 0 0 0 0 0 '	,	0	,	0	,	0	,	""	);
INSERT INTO `item_instance` VALUES (	@ENTRY+42	,	40769	,	@vendeur_ah	,	0	,	0	,	floor(rand()*5+5)	,	0	,	'0 0 0 0 0 '	,	0	,	'0 0 0 0 0 0 0 0 0 0 0 0 0 0 0 0 0 0 0 0 0 0 0 0 0 0 0 0 0 0 0 0 0 0 0 0 0 0 0 0 0 0 '	,	0	,	0	,	0	,	""	);
INSERT INTO `item_instance` VALUES (	@ENTRY+43	,	40772	,	@vendeur_ah	,	0	,	0	,	floor(rand()*5+5)	,	0	,	'0 0 0 0 0 '	,	0	,	'0 0 0 0 0 0 0 0 0 0 0 0 0 0 0 0 0 0 0 0 0 0 0 0 0 0 0 0 0 0 0 0 0 0 0 0 0 0 0 0 0 0 '	,	0	,	0	,	0	,	""	);
INSERT INTO `item_instance` VALUES (	@ENTRY+44	,	40892	,	@vendeur_ah	,	0	,	0	,	floor(rand()*5+5)	,	0	,	'0 0 0 0 0 '	,	0	,	'0 0 0 0 0 0 0 0 0 0 0 0 0 0 0 0 0 0 0 0 0 0 0 0 0 0 0 0 0 0 0 0 0 0 0 0 0 0 0 0 0 0 '	,	0	,	0	,	0	,	""	);
INSERT INTO `item_instance` VALUES (	@ENTRY+45	,	40893	,	@vendeur_ah	,	0	,	0	,	floor(rand()*5+5)	,	0	,	'0 0 0 0 0 '	,	0	,	'0 0 0 0 0 0 0 0 0 0 0 0 0 0 0 0 0 0 0 0 0 0 0 0 0 0 0 0 0 0 0 0 0 0 0 0 0 0 0 0 0 0 '	,	0	,	0	,	0	,	""	);
INSERT INTO `item_instance` VALUES (	@ENTRY+46	,	41146	,	@vendeur_ah	,	0	,	0	,	floor(rand()*5+5)	,	0	,	'0 0 0 0 0 '	,	0	,	'0 0 0 0 0 0 0 0 0 0 0 0 0 0 0 0 0 0 0 0 0 0 0 0 0 0 0 0 0 0 0 0 0 0 0 0 0 0 0 0 0 0 '	,	0	,	0	,	0	,	""	);
INSERT INTO `item_instance` VALUES (	@ENTRY+47	,	41167	,	@vendeur_ah	,	0	,	0	,	floor(rand()*5+5)	,	0	,	'0 0 0 0 0 '	,	0	,	'0 0 0 0 0 0 0 0 0 0 0 0 0 0 0 0 0 0 0 0 0 0 0 0 0 0 0 0 0 0 0 0 0 0 0 0 0 0 0 0 0 0 '	,	0	,	0	,	0	,	""	);
INSERT INTO `item_instance` VALUES (	@ENTRY+48	,	41178	,	@vendeur_ah	,	0	,	0	,	floor(rand()*5+5)	,	0	,	'0 0 0 0 0 '	,	0	,	'0 0 0 0 0 0 0 0 0 0 0 0 0 0 0 0 0 0 0 0 0 0 0 0 0 0 0 0 0 0 0 0 0 0 0 0 0 0 0 0 0 0 '	,	0	,	0	,	0	,	""	);
INSERT INTO `item_instance` VALUES (	@ENTRY+49	,	42546	,	@vendeur_ah	,	0	,	0	,	floor(rand()*5+5)	,	0	,	'0 0 0 0 0 '	,	0	,	'0 0 0 0 0 0 0 0 0 0 0 0 0 0 0 0 0 0 0 0 0 0 0 0 0 0 0 0 0 0 0 0 0 0 0 0 0 0 0 0 0 0 '	,	0	,	0	,	0	,	""	);
INSERT INTO `item_instance` VALUES (	@ENTRY+50	,	44739	,	@vendeur_ah	,	0	,	0	,	floor(rand()*5+5)	,	0	,	'0 0 0 0 0 '	,	0	,	'0 0 0 0 0 0 0 0 0 0 0 0 0 0 0 0 0 0 0 0 0 0 0 0 0 0 0 0 0 0 0 0 0 0 0 0 0 0 0 0 0 0 '	,	0	,	0	,	0	,	""	);
INSERT INTO `item_instance` VALUES (	@ENTRY+51	,	47828	,	@vendeur_ah	,	0	,	0	,	floor(rand()*5+5)	,	0	,	'0 0 0 0 0 '	,	0	,	'0 0 0 0 0 0 0 0 0 0 0 0 0 0 0 0 0 0 0 0 0 0 0 0 0 0 0 0 0 0 0 0 0 0 0 0 0 0 0 0 0 0 '	,	0	,	0	,	0	,	""	);
INSERT INTO `item_instance` VALUES (	@ENTRY+52	,	49040	,	@vendeur_ah	,	0	,	0	,	floor(rand()*5+5)	,	0	,	'0 0 0 0 0 '	,	0	,	'0 0 0 0 0 0 0 0 0 0 0 0 0 0 0 0 0 0 0 0 0 0 0 0 0 0 0 0 0 0 0 0 0 0 0 0 0 0 0 0 0 0 '	,	0	,	0	,	0	,	""	);
INSERT INTO `item_instance` VALUES (	@ENTRY+53	,	54343	,	@vendeur_ah	,	0	,	0	,	floor(rand()*5+5)	,	0	,	'0 0 0 0 0 '	,	0	,	'0 0 0 0 0 0 0 0 0 0 0 0 0 0 0 0 0 0 0 0 0 0 0 0 0 0 0 0 0 0 0 0 0 0 0 0 0 0 0 0 0 0 '	,	0	,	0	,	0	,	""	);
INSERT INTO `item_instance` VALUES (	@ENTRY+54	,	59594	,	@vendeur_ah	,	0	,	0	,	floor(rand()*5+5)	,	0	,	'0 0 0 0 0 '	,	0	,	'0 0 0 0 0 0 0 0 0 0 0 0 0 0 0 0 0 0 0 0 0 0 0 0 0 0 0 0 0 0 0 0 0 0 0 0 0 0 0 0 0 0 '	,	0	,	0	,	0	,	""	);
INSERT INTO `item_instance` VALUES (	@ENTRY+55	,	59595	,	@vendeur_ah	,	0	,	0	,	floor(rand()*5+5)	,	0	,	'0 0 0 0 0 '	,	0	,	'0 0 0 0 0 0 0 0 0 0 0 0 0 0 0 0 0 0 0 0 0 0 0 0 0 0 0 0 0 0 0 0 0 0 0 0 0 0 0 0 0 0 '	,	0	,	0	,	0	,	""	);
INSERT INTO `item_instance` VALUES (	@ENTRY+56	,	59596	,	@vendeur_ah	,	0	,	0	,	floor(rand()*5+5)	,	0	,	'0 0 0 0 0 '	,	0	,	'0 0 0 0 0 0 0 0 0 0 0 0 0 0 0 0 0 0 0 0 0 0 0 0 0 0 0 0 0 0 0 0 0 0 0 0 0 0 0 0 0 0 '	,	0	,	0	,	0	,	""	);
INSERT INTO `item_instance` VALUES (	@ENTRY+57	,	60854	,	@vendeur_ah	,	0	,	0	,	floor(rand()*5+5)	,	0	,	'0 0 0 0 0 '	,	0	,	'0 0 0 0 0 0 0 0 0 0 0 0 0 0 0 0 0 0 0 0 0 0 0 0 0 0 0 0 0 0 0 0 0 0 0 0 0 0 0 0 0 0 '	,	0	,	0	,	0	,	""	);
INSERT INTO `item_instance` VALUES (	@ENTRY+58	,	60855	,	@vendeur_ah	,	0	,	0	,	floor(rand()*5+5)	,	0	,	'0 0 0 0 0 '	,	0	,	'0 0 0 0 0 0 0 0 0 0 0 0 0 0 0 0 0 0 0 0 0 0 0 0 0 0 0 0 0 0 0 0 0 0 0 0 0 0 0 0 0 0 '	,	0	,	0	,	0	,	""	);
INSERT INTO `item_instance` VALUES (	@ENTRY+59	,	67494	,	@vendeur_ah	,	0	,	0	,	floor(rand()*5+5)	,	0	,	'0 0 0 0 0 '	,	0	,	'0 0 0 0 0 0 0 0 0 0 0 0 0 0 0 0 0 0 0 0 0 0 0 0 0 0 0 0 0 0 0 0 0 0 0 0 0 0 0 0 0 0 '	,	0	,	0	,	0	,	""	);
INSERT INTO `item_instance` VALUES (	@ENTRY+60	,	68049	,	@vendeur_ah	,	0	,	0	,	floor(rand()*5+5)	,	0	,	'0 0 0 0 0 '	,	0	,	'0 0 0 0 0 0 0 0 0 0 0 0 0 0 0 0 0 0 0 0 0 0 0 0 0 0 0 0 0 0 0 0 0 0 0 0 0 0 0 0 0 0 '	,	0	,	0	,	0	,	""	);
INSERT INTO `item_instance` VALUES (	@ENTRY+61	,	20834	,	@vendeur_ah	,	0	,	0	,	floor(rand()*5+5)	,	0	,	'0 0 0 0 0 '	,	0	,	'0 0 0 0 0 0 0 0 0 0 0 0 0 0 0 0 0 0 0 0 0 0 0 0 0 0 0 0 0 0 0 0 0 0 0 0 0 0 0 0 0 0 '	,	0	,	0	,	0	,	""	);







INSERT INTO `auctionhouse` VALUES (	@newENTRY+1	,	@faction_ah	,	@ENTRY+1	,	@vendeur_ah	,	0	,	 UNIX_TIMESTAMP( ADDDATE(now(), INTERVAL floor(24+24*rand()) HOUR)) 	,	0	,	0	,	3001	,	0	);
INSERT INTO `auctionhouse` VALUES (	@newENTRY+2	,	@faction_ah	,	@ENTRY+2	,	@vendeur_ah	,	0	,	 UNIX_TIMESTAMP( ADDDATE(now(), INTERVAL floor(24+24*rand()) HOUR)) 	,	0	,	0	,	7465	,	0	);
INSERT INTO `auctionhouse` VALUES (	@newENTRY+3	,	@faction_ah	,	@ENTRY+3	,	@vendeur_ah	,	0	,	 UNIX_TIMESTAMP( ADDDATE(now(), INTERVAL floor(24+24*rand()) HOUR)) 	,	0	,	0	,	6000	,	0	);
INSERT INTO `auctionhouse` VALUES (	@newENTRY+4	,	@faction_ah	,	@ENTRY+4	,	@vendeur_ah	,	0	,	 UNIX_TIMESTAMP( ADDDATE(now(), INTERVAL floor(24+24*rand()) HOUR)) 	,	0	,	0	,	16981	,	0	);
INSERT INTO `auctionhouse` VALUES (	@newENTRY+5	,	@faction_ah	,	@ENTRY+5	,	@vendeur_ah	,	0	,	 UNIX_TIMESTAMP( ADDDATE(now(), INTERVAL floor(24+24*rand()) HOUR)) 	,	0	,	0	,	13670	,	0	);
INSERT INTO `auctionhouse` VALUES (	@newENTRY+6	,	@faction_ah	,	@ENTRY+6	,	@vendeur_ah	,	0	,	 UNIX_TIMESTAMP( ADDDATE(now(), INTERVAL floor(24+24*rand()) HOUR)) 	,	0	,	0	,	17924	,	0	);
INSERT INTO `auctionhouse` VALUES (	@newENTRY+7	,	@faction_ah	,	@ENTRY+7	,	@vendeur_ah	,	0	,	 UNIX_TIMESTAMP( ADDDATE(now(), INTERVAL floor(24+24*rand()) HOUR)) 	,	0	,	0	,	6000	,	0	);
INSERT INTO `auctionhouse` VALUES (	@newENTRY+8	,	@faction_ah	,	@ENTRY+8	,	@vendeur_ah	,	0	,	 UNIX_TIMESTAMP( ADDDATE(now(), INTERVAL floor(24+24*rand()) HOUR)) 	,	0	,	0	,	1871	,	0	);
INSERT INTO `auctionhouse` VALUES (	@newENTRY+9	,	@faction_ah	,	@ENTRY+9	,	@vendeur_ah	,	0	,	 UNIX_TIMESTAMP( ADDDATE(now(), INTERVAL floor(24+24*rand()) HOUR)) 	,	0	,	0	,	4259	,	0	);
INSERT INTO `auctionhouse` VALUES (	@newENTRY+10	,	@faction_ah	,	@ENTRY+10	,	@vendeur_ah	,	0	,	 UNIX_TIMESTAMP( ADDDATE(now(), INTERVAL floor(24+24*rand()) HOUR)) 	,	0	,	0	,	24020	,	0	);
INSERT INTO `auctionhouse` VALUES (	@newENTRY+11	,	@faction_ah	,	@ENTRY+11	,	@vendeur_ah	,	0	,	 UNIX_TIMESTAMP( ADDDATE(now(), INTERVAL floor(24+24*rand()) HOUR)) 	,	0	,	0	,	2000	,	0	);
INSERT INTO `auctionhouse` VALUES (	@newENTRY+12	,	@faction_ah	,	@ENTRY+12	,	@vendeur_ah	,	0	,	 UNIX_TIMESTAMP( ADDDATE(now(), INTERVAL floor(24+24*rand()) HOUR)) 	,	0	,	0	,	7249	,	0	);
INSERT INTO `auctionhouse` VALUES (	@newENTRY+13	,	@faction_ah	,	@ENTRY+13	,	@vendeur_ah	,	0	,	 UNIX_TIMESTAMP( ADDDATE(now(), INTERVAL floor(24+24*rand()) HOUR)) 	,	0	,	0	,	11586	,	0	);
INSERT INTO `auctionhouse` VALUES (	@newENTRY+14	,	@faction_ah	,	@ENTRY+14	,	@vendeur_ah	,	0	,	 UNIX_TIMESTAMP( ADDDATE(now(), INTERVAL floor(24+24*rand()) HOUR)) 	,	0	,	0	,	25684	,	0	);
INSERT INTO `auctionhouse` VALUES (	@newENTRY+15	,	@faction_ah	,	@ENTRY+15	,	@vendeur_ah	,	0	,	 UNIX_TIMESTAMP( ADDDATE(now(), INTERVAL floor(24+24*rand()) HOUR)) 	,	0	,	0	,	19063	,	0	);
INSERT INTO `auctionhouse` VALUES (	@newENTRY+16	,	@faction_ah	,	@ENTRY+16	,	@vendeur_ah	,	0	,	 UNIX_TIMESTAMP( ADDDATE(now(), INTERVAL floor(24+24*rand()) HOUR)) 	,	0	,	0	,	22596	,	0	);
INSERT INTO `auctionhouse` VALUES (	@newENTRY+17	,	@faction_ah	,	@ENTRY+17	,	@vendeur_ah	,	0	,	 UNIX_TIMESTAMP( ADDDATE(now(), INTERVAL floor(24+24*rand()) HOUR)) 	,	0	,	0	,	14893	,	0	);
INSERT INTO `auctionhouse` VALUES (	@newENTRY+18	,	@faction_ah	,	@ENTRY+18	,	@vendeur_ah	,	0	,	 UNIX_TIMESTAMP( ADDDATE(now(), INTERVAL floor(24+24*rand()) HOUR)) 	,	0	,	0	,	6000	,	0	);
INSERT INTO `auctionhouse` VALUES (	@newENTRY+19	,	@faction_ah	,	@ENTRY+19	,	@vendeur_ah	,	0	,	 UNIX_TIMESTAMP( ADDDATE(now(), INTERVAL floor(24+24*rand()) HOUR)) 	,	0	,	0	,	26446	,	0	);
INSERT INTO `auctionhouse` VALUES (	@newENTRY+20	,	@faction_ah	,	@ENTRY+20	,	@vendeur_ah	,	0	,	 UNIX_TIMESTAMP( ADDDATE(now(), INTERVAL floor(24+24*rand()) HOUR)) 	,	0	,	0	,	15982	,	0	);
INSERT INTO `auctionhouse` VALUES (	@newENTRY+21	,	@faction_ah	,	@ENTRY+21	,	@vendeur_ah	,	0	,	 UNIX_TIMESTAMP( ADDDATE(now(), INTERVAL floor(24+24*rand()) HOUR)) 	,	0	,	0	,	6000	,	0	);
INSERT INTO `auctionhouse` VALUES (	@newENTRY+22	,	@faction_ah	,	@ENTRY+22	,	@vendeur_ah	,	0	,	 UNIX_TIMESTAMP( ADDDATE(now(), INTERVAL floor(24+24*rand()) HOUR)) 	,	0	,	0	,	26938	,	0	);
INSERT INTO `auctionhouse` VALUES (	@newENTRY+23	,	@faction_ah	,	@ENTRY+23	,	@vendeur_ah	,	0	,	 UNIX_TIMESTAMP( ADDDATE(now(), INTERVAL floor(24+24*rand()) HOUR)) 	,	0	,	0	,	12224	,	0	);
INSERT INTO `auctionhouse` VALUES (	@newENTRY+24	,	@faction_ah	,	@ENTRY+24	,	@vendeur_ah	,	0	,	 UNIX_TIMESTAMP( ADDDATE(now(), INTERVAL floor(24+24*rand()) HOUR)) 	,	0	,	0	,	8000	,	0	);
INSERT INTO `auctionhouse` VALUES (	@newENTRY+25	,	@faction_ah	,	@ENTRY+25	,	@vendeur_ah	,	0	,	 UNIX_TIMESTAMP( ADDDATE(now(), INTERVAL floor(24+24*rand()) HOUR)) 	,	0	,	0	,	26539	,	0	);
INSERT INTO `auctionhouse` VALUES (	@newENTRY+26	,	@faction_ah	,	@ENTRY+26	,	@vendeur_ah	,	0	,	 UNIX_TIMESTAMP( ADDDATE(now(), INTERVAL floor(24+24*rand()) HOUR)) 	,	0	,	0	,	8000	,	0	);
INSERT INTO `auctionhouse` VALUES (	@newENTRY+27	,	@faction_ah	,	@ENTRY+27	,	@vendeur_ah	,	0	,	 UNIX_TIMESTAMP( ADDDATE(now(), INTERVAL floor(24+24*rand()) HOUR)) 	,	0	,	0	,	21244	,	0	);
INSERT INTO `auctionhouse` VALUES (	@newENTRY+28	,	@faction_ah	,	@ENTRY+28	,	@vendeur_ah	,	0	,	 UNIX_TIMESTAMP( ADDDATE(now(), INTERVAL floor(24+24*rand()) HOUR)) 	,	0	,	0	,	19168	,	0	);
INSERT INTO `auctionhouse` VALUES (	@newENTRY+29	,	@faction_ah	,	@ENTRY+29	,	@vendeur_ah	,	0	,	 UNIX_TIMESTAMP( ADDDATE(now(), INTERVAL floor(24+24*rand()) HOUR)) 	,	0	,	0	,	29770	,	0	);
INSERT INTO `auctionhouse` VALUES (	@newENTRY+30	,	@faction_ah	,	@ENTRY+30	,	@vendeur_ah	,	0	,	 UNIX_TIMESTAMP( ADDDATE(now(), INTERVAL floor(24+24*rand()) HOUR)) 	,	0	,	0	,	12955	,	0	);
INSERT INTO `auctionhouse` VALUES (	@newENTRY+31	,	@faction_ah	,	@ENTRY+31	,	@vendeur_ah	,	0	,	 UNIX_TIMESTAMP( ADDDATE(now(), INTERVAL floor(24+24*rand()) HOUR)) 	,	0	,	0	,	15926	,	0	);
INSERT INTO `auctionhouse` VALUES (	@newENTRY+32	,	@faction_ah	,	@ENTRY+32	,	@vendeur_ah	,	0	,	 UNIX_TIMESTAMP( ADDDATE(now(), INTERVAL floor(24+24*rand()) HOUR)) 	,	0	,	0	,	25245	,	0	);
INSERT INTO `auctionhouse` VALUES (	@newENTRY+33	,	@faction_ah	,	@ENTRY+33	,	@vendeur_ah	,	0	,	 UNIX_TIMESTAMP( ADDDATE(now(), INTERVAL floor(24+24*rand()) HOUR)) 	,	0	,	0	,	37462	,	0	);
INSERT INTO `auctionhouse` VALUES (	@newENTRY+34	,	@faction_ah	,	@ENTRY+34	,	@vendeur_ah	,	0	,	 UNIX_TIMESTAMP( ADDDATE(now(), INTERVAL floor(24+24*rand()) HOUR)) 	,	0	,	0	,	20023	,	0	);
INSERT INTO `auctionhouse` VALUES (	@newENTRY+35	,	@faction_ah	,	@ENTRY+35	,	@vendeur_ah	,	0	,	 UNIX_TIMESTAMP( ADDDATE(now(), INTERVAL floor(24+24*rand()) HOUR)) 	,	0	,	0	,	26073	,	0	);
INSERT INTO `auctionhouse` VALUES (	@newENTRY+36	,	@faction_ah	,	@ENTRY+36	,	@vendeur_ah	,	0	,	 UNIX_TIMESTAMP( ADDDATE(now(), INTERVAL floor(24+24*rand()) HOUR)) 	,	0	,	0	,	32330	,	0	);
INSERT INTO `auctionhouse` VALUES (	@newENTRY+37	,	@faction_ah	,	@ENTRY+37	,	@vendeur_ah	,	0	,	 UNIX_TIMESTAMP( ADDDATE(now(), INTERVAL floor(24+24*rand()) HOUR)) 	,	0	,	0	,	20671	,	0	);
INSERT INTO `auctionhouse` VALUES (	@newENTRY+38	,	@faction_ah	,	@ENTRY+38	,	@vendeur_ah	,	0	,	 UNIX_TIMESTAMP( ADDDATE(now(), INTERVAL floor(24+24*rand()) HOUR)) 	,	0	,	0	,	36688	,	0	);
INSERT INTO `auctionhouse` VALUES (	@newENTRY+39	,	@faction_ah	,	@ENTRY+39	,	@vendeur_ah	,	0	,	 UNIX_TIMESTAMP( ADDDATE(now(), INTERVAL floor(24+24*rand()) HOUR)) 	,	0	,	0	,	15929	,	0	);
INSERT INTO `auctionhouse` VALUES (	@newENTRY+40	,	@faction_ah	,	@ENTRY+40	,	@vendeur_ah	,	0	,	 UNIX_TIMESTAMP( ADDDATE(now(), INTERVAL floor(24+24*rand()) HOUR)) 	,	0	,	0	,	8000	,	0	);
INSERT INTO `auctionhouse` VALUES (	@newENTRY+41	,	@faction_ah	,	@ENTRY+41	,	@vendeur_ah	,	0	,	 UNIX_TIMESTAMP( ADDDATE(now(), INTERVAL floor(24+24*rand()) HOUR)) 	,	0	,	0	,	19501	,	0	);
INSERT INTO `auctionhouse` VALUES (	@newENTRY+42	,	@faction_ah	,	@ENTRY+42	,	@vendeur_ah	,	0	,	 UNIX_TIMESTAMP( ADDDATE(now(), INTERVAL floor(24+24*rand()) HOUR)) 	,	0	,	0	,	30688	,	0	);
INSERT INTO `auctionhouse` VALUES (	@newENTRY+43	,	@faction_ah	,	@ENTRY+43	,	@vendeur_ah	,	0	,	 UNIX_TIMESTAMP( ADDDATE(now(), INTERVAL floor(24+24*rand()) HOUR)) 	,	0	,	0	,	30038	,	0	);
INSERT INTO `auctionhouse` VALUES (	@newENTRY+44	,	@faction_ah	,	@ENTRY+44	,	@vendeur_ah	,	0	,	 UNIX_TIMESTAMP( ADDDATE(now(), INTERVAL floor(24+24*rand()) HOUR)) 	,	0	,	0	,	430	,	0	);
INSERT INTO `auctionhouse` VALUES (	@newENTRY+45	,	@faction_ah	,	@ENTRY+45	,	@vendeur_ah	,	0	,	 UNIX_TIMESTAMP( ADDDATE(now(), INTERVAL floor(24+24*rand()) HOUR)) 	,	0	,	0	,	103	,	0	);
INSERT INTO `auctionhouse` VALUES (	@newENTRY+46	,	@faction_ah	,	@ENTRY+46	,	@vendeur_ah	,	0	,	 UNIX_TIMESTAMP( ADDDATE(now(), INTERVAL floor(24+24*rand()) HOUR)) 	,	0	,	0	,	10000	,	0	);
INSERT INTO `auctionhouse` VALUES (	@newENTRY+47	,	@faction_ah	,	@ENTRY+47	,	@vendeur_ah	,	0	,	 UNIX_TIMESTAMP( ADDDATE(now(), INTERVAL floor(24+24*rand()) HOUR)) 	,	0	,	0	,	20327	,	0	);
INSERT INTO `auctionhouse` VALUES (	@newENTRY+48	,	@faction_ah	,	@ENTRY+48	,	@vendeur_ah	,	0	,	 UNIX_TIMESTAMP( ADDDATE(now(), INTERVAL floor(24+24*rand()) HOUR)) 	,	0	,	0	,	28179	,	0	);
INSERT INTO `auctionhouse` VALUES (	@newENTRY+49	,	@faction_ah	,	@ENTRY+49	,	@vendeur_ah	,	0	,	 UNIX_TIMESTAMP( ADDDATE(now(), INTERVAL floor(24+24*rand()) HOUR)) 	,	0	,	0	,	17867	,	0	);
INSERT INTO `auctionhouse` VALUES (	@newENTRY+50	,	@faction_ah	,	@ENTRY+50	,	@vendeur_ah	,	0	,	 UNIX_TIMESTAMP( ADDDATE(now(), INTERVAL floor(24+24*rand()) HOUR)) 	,	0	,	0	,	36817	,	0	);
INSERT INTO `auctionhouse` VALUES (	@newENTRY+51	,	@faction_ah	,	@ENTRY+51	,	@vendeur_ah	,	0	,	 UNIX_TIMESTAMP( ADDDATE(now(), INTERVAL floor(24+24*rand()) HOUR)) 	,	0	,	0	,	28264	,	0	);
INSERT INTO `auctionhouse` VALUES (	@newENTRY+52	,	@faction_ah	,	@ENTRY+52	,	@vendeur_ah	,	0	,	 UNIX_TIMESTAMP( ADDDATE(now(), INTERVAL floor(24+24*rand()) HOUR)) 	,	0	,	0	,	540	,	0	);
INSERT INTO `auctionhouse` VALUES (	@newENTRY+53	,	@faction_ah	,	@ENTRY+53	,	@vendeur_ah	,	0	,	 UNIX_TIMESTAMP( ADDDATE(now(), INTERVAL floor(24+24*rand()) HOUR)) 	,	0	,	0	,	14949	,	0	);
INSERT INTO `auctionhouse` VALUES (	@newENTRY+54	,	@faction_ah	,	@ENTRY+54	,	@vendeur_ah	,	0	,	 UNIX_TIMESTAMP( ADDDATE(now(), INTERVAL floor(24+24*rand()) HOUR)) 	,	0	,	0	,	40681	,	0	);
INSERT INTO `auctionhouse` VALUES (	@newENTRY+55	,	@faction_ah	,	@ENTRY+55	,	@vendeur_ah	,	0	,	 UNIX_TIMESTAMP( ADDDATE(now(), INTERVAL floor(24+24*rand()) HOUR)) 	,	0	,	0	,	23498	,	0	);
INSERT INTO `auctionhouse` VALUES (	@newENTRY+56	,	@faction_ah	,	@ENTRY+56	,	@vendeur_ah	,	0	,	 UNIX_TIMESTAMP( ADDDATE(now(), INTERVAL floor(24+24*rand()) HOUR)) 	,	0	,	0	,	40289	,	0	);
INSERT INTO `auctionhouse` VALUES (	@newENTRY+57	,	@faction_ah	,	@ENTRY+57	,	@vendeur_ah	,	0	,	 UNIX_TIMESTAMP( ADDDATE(now(), INTERVAL floor(24+24*rand()) HOUR)) 	,	0	,	0	,	29528	,	0	);
INSERT INTO `auctionhouse` VALUES (	@newENTRY+58	,	@faction_ah	,	@ENTRY+58	,	@vendeur_ah	,	0	,	 UNIX_TIMESTAMP( ADDDATE(now(), INTERVAL floor(24+24*rand()) HOUR)) 	,	0	,	0	,	30271	,	0	);
INSERT INTO `auctionhouse` VALUES (	@newENTRY+59	,	@faction_ah	,	@ENTRY+59	,	@vendeur_ah	,	0	,	 UNIX_TIMESTAMP( ADDDATE(now(), INTERVAL floor(24+24*rand()) HOUR)) 	,	0	,	0	,	31435	,	0	);
INSERT INTO `auctionhouse` VALUES (	@newENTRY+60	,	@faction_ah	,	@ENTRY+60	,	@vendeur_ah	,	0	,	 UNIX_TIMESTAMP( ADDDATE(now(), INTERVAL floor(24+24*rand()) HOUR)) 	,	0	,	0	,	43149	,	0	);
INSERT INTO `auctionhouse` VALUES (	@newENTRY+61	,	@faction_ah	,	@ENTRY+61	,	@vendeur_ah	,	0	,	 UNIX_TIMESTAMP( ADDDATE(now(), INTERVAL floor(24+24*rand()) HOUR)) 	,	0	,	0	,	377	,	0	);









