



SET  @newENTRY =(SELECT max(`id`) FROM `auctionhouse` );																																																				
set @vendeur_ah := 55;																																																				
SET  @ENTRY =(SELECT max(`guid`) FROM `item_instance` );																																																				
set  @faction_ah := 23442;																																																				
/* 23442 / 79707 / 4656 */																																																				
	
DROP TABLE IF EXISTS `t`;																																																				
CREATE TABLE `t` (i INT);																																																				
insert into `t` values(23442) , (79707) ,(4656);																																																				
set  @faction_ah = (SELECT i FROM t ORDER BY RAND() LIMIT 1);																																																				

INSERT INTO `item_instance` VALUES (	@ENTRY+1	,	4366	,	@vendeur_ah	,	0	,	0	,	floor(rand()*5+5)	,	0	,	'0 0 0 0 0 '	,	0	,	'0 0 0 0 0 0 0 0 0 0 0 0 0 0 0 0 0 0 0 0 0 0 0 0 0 0 0 0 0 0 0 0 0 0 0 0 0 0 0 0 0 0 '	,	0	,	0	,	0	,	""	);
INSERT INTO `item_instance` VALUES (	@ENTRY+2	,	4376	,	@vendeur_ah	,	0	,	0	,	floor(rand()*5+5)	,	0	,	'0 0 0 0 0 '	,	0	,	'0 0 0 0 0 0 0 0 0 0 0 0 0 0 0 0 0 0 0 0 0 0 0 0 0 0 0 0 0 0 0 0 0 0 0 0 0 0 0 0 0 0 '	,	0	,	0	,	0	,	""	);
INSERT INTO `item_instance` VALUES (	@ENTRY+3	,	4386	,	@vendeur_ah	,	0	,	0	,	floor(rand()*5+5)	,	0	,	'0 0 0 0 0 '	,	0	,	'0 0 0 0 0 0 0 0 0 0 0 0 0 0 0 0 0 0 0 0 0 0 0 0 0 0 0 0 0 0 0 0 0 0 0 0 0 0 0 0 0 0 '	,	0	,	0	,	0	,	""	);
INSERT INTO `item_instance` VALUES (	@ENTRY+4	,	4388	,	@vendeur_ah	,	0	,	0	,	floor(rand()*5+5)	,	0	,	'0 0 0 0 0 '	,	0	,	'0 0 0 0 0 0 0 0 0 0 0 0 0 0 0 0 0 0 0 0 0 0 0 0 0 0 0 0 0 0 0 0 0 0 0 0 0 0 0 0 0 0 '	,	0	,	0	,	0	,	""	);
INSERT INTO `item_instance` VALUES (	@ENTRY+5	,	4391	,	@vendeur_ah	,	0	,	0	,	floor(rand()*5+5)	,	0	,	'0 0 0 0 0 '	,	0	,	'0 0 0 0 0 0 0 0 0 0 0 0 0 0 0 0 0 0 0 0 0 0 0 0 0 0 0 0 0 0 0 0 0 0 0 0 0 0 0 0 0 0 '	,	0	,	0	,	0	,	""	);
INSERT INTO `item_instance` VALUES (	@ENTRY+6	,	4392	,	@vendeur_ah	,	0	,	0	,	floor(rand()*5+5)	,	0	,	'0 0 0 0 0 '	,	0	,	'0 0 0 0 0 0 0 0 0 0 0 0 0 0 0 0 0 0 0 0 0 0 0 0 0 0 0 0 0 0 0 0 0 0 0 0 0 0 0 0 0 0 '	,	0	,	0	,	0	,	""	);
INSERT INTO `item_instance` VALUES (	@ENTRY+7	,	4403	,	@vendeur_ah	,	0	,	0	,	floor(rand()*5+5)	,	0	,	'0 0 0 0 0 '	,	0	,	'0 0 0 0 0 0 0 0 0 0 0 0 0 0 0 0 0 0 0 0 0 0 0 0 0 0 0 0 0 0 0 0 0 0 0 0 0 0 0 0 0 0 '	,	0	,	0	,	0	,	""	);
INSERT INTO `item_instance` VALUES (	@ENTRY+8	,	4405	,	@vendeur_ah	,	0	,	0	,	floor(rand()*5+5)	,	0	,	'0 0 0 0 0 '	,	0	,	'0 0 0 0 0 0 0 0 0 0 0 0 0 0 0 0 0 0 0 0 0 0 0 0 0 0 0 0 0 0 0 0 0 0 0 0 0 0 0 0 0 0 '	,	0	,	0	,	0	,	""	);
INSERT INTO `item_instance` VALUES (	@ENTRY+9	,	4406	,	@vendeur_ah	,	0	,	0	,	floor(rand()*5+5)	,	0	,	'0 0 0 0 0 '	,	0	,	'0 0 0 0 0 0 0 0 0 0 0 0 0 0 0 0 0 0 0 0 0 0 0 0 0 0 0 0 0 0 0 0 0 0 0 0 0 0 0 0 0 0 '	,	0	,	0	,	0	,	""	);
INSERT INTO `item_instance` VALUES (	@ENTRY+10	,	4407	,	@vendeur_ah	,	0	,	0	,	floor(rand()*5+5)	,	0	,	'0 0 0 0 0 '	,	0	,	'0 0 0 0 0 0 0 0 0 0 0 0 0 0 0 0 0 0 0 0 0 0 0 0 0 0 0 0 0 0 0 0 0 0 0 0 0 0 0 0 0 0 '	,	0	,	0	,	0	,	""	);
INSERT INTO `item_instance` VALUES (	@ENTRY+11	,	5507	,	@vendeur_ah	,	0	,	0	,	floor(rand()*5+5)	,	0	,	'0 0 0 0 0 '	,	0	,	'0 0 0 0 0 0 0 0 0 0 0 0 0 0 0 0 0 0 0 0 0 0 0 0 0 0 0 0 0 0 0 0 0 0 0 0 0 0 0 0 0 0 '	,	0	,	0	,	0	,	""	);
INSERT INTO `item_instance` VALUES (	@ENTRY+12	,	6533	,	@vendeur_ah	,	0	,	0	,	floor(rand()*5+5)	,	0	,	'0 0 0 0 0 '	,	0	,	'0 0 0 0 0 0 0 0 0 0 0 0 0 0 0 0 0 0 0 0 0 0 0 0 0 0 0 0 0 0 0 0 0 0 0 0 0 0 0 0 0 0 '	,	0	,	0	,	0	,	""	);
INSERT INTO `item_instance` VALUES (	@ENTRY+13	,	6715	,	@vendeur_ah	,	0	,	0	,	floor(rand()*5+5)	,	0	,	'0 0 0 0 0 '	,	0	,	'0 0 0 0 0 0 0 0 0 0 0 0 0 0 0 0 0 0 0 0 0 0 0 0 0 0 0 0 0 0 0 0 0 0 0 0 0 0 0 0 0 0 '	,	0	,	0	,	0	,	""	);
INSERT INTO `item_instance` VALUES (	@ENTRY+14	,	7148	,	@vendeur_ah	,	0	,	0	,	floor(rand()*5+5)	,	0	,	'0 0 0 0 0 '	,	0	,	'0 0 0 0 0 0 0 0 0 0 0 0 0 0 0 0 0 0 0 0 0 0 0 0 0 0 0 0 0 0 0 0 0 0 0 0 0 0 0 0 0 0 '	,	0	,	0	,	0	,	""	);
INSERT INTO `item_instance` VALUES (	@ENTRY+15	,	10546	,	@vendeur_ah	,	0	,	0	,	floor(rand()*5+5)	,	0	,	'0 0 0 0 0 '	,	0	,	'0 0 0 0 0 0 0 0 0 0 0 0 0 0 0 0 0 0 0 0 0 0 0 0 0 0 0 0 0 0 0 0 0 0 0 0 0 0 0 0 0 0 '	,	0	,	0	,	0	,	""	);
INSERT INTO `item_instance` VALUES (	@ENTRY+16	,	10548	,	@vendeur_ah	,	0	,	0	,	floor(rand()*5+5)	,	0	,	'0 0 0 0 0 '	,	0	,	'0 0 0 0 0 0 0 0 0 0 0 0 0 0 0 0 0 0 0 0 0 0 0 0 0 0 0 0 0 0 0 0 0 0 0 0 0 0 0 0 0 0 '	,	0	,	0	,	0	,	""	);
INSERT INTO `item_instance` VALUES (	@ENTRY+17	,	10719	,	@vendeur_ah	,	0	,	0	,	floor(rand()*5+5)	,	0	,	'0 0 0 0 0 '	,	0	,	'0 0 0 0 0 0 0 0 0 0 0 0 0 0 0 0 0 0 0 0 0 0 0 0 0 0 0 0 0 0 0 0 0 0 0 0 0 0 0 0 0 0 '	,	0	,	0	,	0	,	""	);
INSERT INTO `item_instance` VALUES (	@ENTRY+18	,	11590	,	@vendeur_ah	,	0	,	0	,	floor(rand()*5+5)	,	0	,	'0 0 0 0 0 '	,	0	,	'0 0 0 0 0 0 0 0 0 0 0 0 0 0 0 0 0 0 0 0 0 0 0 0 0 0 0 0 0 0 0 0 0 0 0 0 0 0 0 0 0 0 '	,	0	,	0	,	0	,	""	);
INSERT INTO `item_instance` VALUES (	@ENTRY+19	,	15846	,	@vendeur_ah	,	0	,	0	,	floor(rand()*5+5)	,	0	,	'0 0 0 0 0 '	,	0	,	'0 0 0 0 0 0 0 0 0 0 0 0 0 0 0 0 0 0 0 0 0 0 0 0 0 0 0 0 0 0 0 0 0 0 0 0 0 0 0 0 0 0 '	,	0	,	0	,	0	,	""	);
INSERT INTO `item_instance` VALUES (	@ENTRY+20	,	16023	,	@vendeur_ah	,	0	,	0	,	floor(rand()*5+5)	,	0	,	'0 0 0 0 0 '	,	0	,	'0 0 0 0 0 0 0 0 0 0 0 0 0 0 0 0 0 0 0 0 0 0 0 0 0 0 0 0 0 0 0 0 0 0 0 0 0 0 0 0 0 0 '	,	0	,	0	,	0	,	""	);
INSERT INTO `item_instance` VALUES (	@ENTRY+21	,	17716	,	@vendeur_ah	,	0	,	0	,	floor(rand()*5+5)	,	0	,	'0 0 0 0 0 '	,	0	,	'0 0 0 0 0 0 0 0 0 0 0 0 0 0 0 0 0 0 0 0 0 0 0 0 0 0 0 0 0 0 0 0 0 0 0 0 0 0 0 0 0 0 '	,	0	,	0	,	0	,	""	);
INSERT INTO `item_instance` VALUES (	@ENTRY+22	,	18232	,	@vendeur_ah	,	0	,	0	,	floor(rand()*5+5)	,	0	,	'0 0 0 0 0 '	,	0	,	'0 0 0 0 0 0 0 0 0 0 0 0 0 0 0 0 0 0 0 0 0 0 0 0 0 0 0 0 0 0 0 0 0 0 0 0 0 0 0 0 0 0 '	,	0	,	0	,	0	,	""	);
INSERT INTO `item_instance` VALUES (	@ENTRY+23	,	18283	,	@vendeur_ah	,	0	,	0	,	floor(rand()*5+5)	,	0	,	'0 0 0 0 0 '	,	0	,	'0 0 0 0 0 0 0 0 0 0 0 0 0 0 0 0 0 0 0 0 0 0 0 0 0 0 0 0 0 0 0 0 0 0 0 0 0 0 0 0 0 0 '	,	0	,	0	,	0	,	""	);
INSERT INTO `item_instance` VALUES (	@ENTRY+24	,	18587	,	@vendeur_ah	,	0	,	0	,	floor(rand()*5+5)	,	0	,	'0 0 0 0 0 '	,	0	,	'0 0 0 0 0 0 0 0 0 0 0 0 0 0 0 0 0 0 0 0 0 0 0 0 0 0 0 0 0 0 0 0 0 0 0 0 0 0 0 0 0 0 '	,	0	,	0	,	0	,	""	);
INSERT INTO `item_instance` VALUES (	@ENTRY+25	,	18636	,	@vendeur_ah	,	0	,	0	,	floor(rand()*5+5)	,	0	,	'0 0 0 0 0 '	,	0	,	'0 0 0 0 0 0 0 0 0 0 0 0 0 0 0 0 0 0 0 0 0 0 0 0 0 0 0 0 0 0 0 0 0 0 0 0 0 0 0 0 0 0 '	,	0	,	0	,	0	,	""	);
INSERT INTO `item_instance` VALUES (	@ENTRY+26	,	18645	,	@vendeur_ah	,	0	,	0	,	floor(rand()*5+5)	,	0	,	'0 0 0 0 0 '	,	0	,	'0 0 0 0 0 0 0 0 0 0 0 0 0 0 0 0 0 0 0 0 0 0 0 0 0 0 0 0 0 0 0 0 0 0 0 0 0 0 0 0 0 0 '	,	0	,	0	,	0	,	""	);
INSERT INTO `item_instance` VALUES (	@ENTRY+27	,	18660	,	@vendeur_ah	,	0	,	0	,	floor(rand()*5+5)	,	0	,	'0 0 0 0 0 '	,	0	,	'0 0 0 0 0 0 0 0 0 0 0 0 0 0 0 0 0 0 0 0 0 0 0 0 0 0 0 0 0 0 0 0 0 0 0 0 0 0 0 0 0 0 '	,	0	,	0	,	0	,	""	);
INSERT INTO `item_instance` VALUES (	@ENTRY+28	,	22728	,	@vendeur_ah	,	0	,	0	,	floor(rand()*5+5)	,	0	,	'0 0 0 0 0 '	,	0	,	'0 0 0 0 0 0 0 0 0 0 0 0 0 0 0 0 0 0 0 0 0 0 0 0 0 0 0 0 0 0 0 0 0 0 0 0 0 0 0 0 0 0 '	,	0	,	0	,	0	,	""	);
INSERT INTO `item_instance` VALUES (	@ENTRY+29	,	23764	,	@vendeur_ah	,	0	,	0	,	floor(rand()*5+5)	,	0	,	'0 0 0 0 0 '	,	0	,	'0 0 0 0 0 0 0 0 0 0 0 0 0 0 0 0 0 0 0 0 0 0 0 0 0 0 0 0 0 0 0 0 0 0 0 0 0 0 0 0 0 0 '	,	0	,	0	,	0	,	""	);
INSERT INTO `item_instance` VALUES (	@ENTRY+30	,	23765	,	@vendeur_ah	,	0	,	0	,	floor(rand()*5+5)	,	0	,	'0 0 0 0 0 '	,	0	,	'0 0 0 0 0 0 0 0 0 0 0 0 0 0 0 0 0 0 0 0 0 0 0 0 0 0 0 0 0 0 0 0 0 0 0 0 0 0 0 0 0 0 '	,	0	,	0	,	0	,	""	);
INSERT INTO `item_instance` VALUES (	@ENTRY+31	,	23766	,	@vendeur_ah	,	0	,	0	,	floor(rand()*5+5)	,	0	,	'0 0 0 0 0 '	,	0	,	'0 0 0 0 0 0 0 0 0 0 0 0 0 0 0 0 0 0 0 0 0 0 0 0 0 0 0 0 0 0 0 0 0 0 0 0 0 0 0 0 0 0 '	,	0	,	0	,	0	,	""	);
INSERT INTO `item_instance` VALUES (	@ENTRY+32	,	23767	,	@vendeur_ah	,	0	,	0	,	floor(rand()*5+5)	,	0	,	'0 0 0 0 0 '	,	0	,	'0 0 0 0 0 0 0 0 0 0 0 0 0 0 0 0 0 0 0 0 0 0 0 0 0 0 0 0 0 0 0 0 0 0 0 0 0 0 0 0 0 0 '	,	0	,	0	,	0	,	""	);
INSERT INTO `item_instance` VALUES (	@ENTRY+33	,	23820	,	@vendeur_ah	,	0	,	0	,	floor(rand()*5+5)	,	0	,	'0 0 0 0 0 '	,	0	,	'0 0 0 0 0 0 0 0 0 0 0 0 0 0 0 0 0 0 0 0 0 0 0 0 0 0 0 0 0 0 0 0 0 0 0 0 0 0 0 0 0 0 '	,	0	,	0	,	0	,	""	);
INSERT INTO `item_instance` VALUES (	@ENTRY+34	,	23821	,	@vendeur_ah	,	0	,	0	,	floor(rand()*5+5)	,	0	,	'0 0 0 0 0 '	,	0	,	'0 0 0 0 0 0 0 0 0 0 0 0 0 0 0 0 0 0 0 0 0 0 0 0 0 0 0 0 0 0 0 0 0 0 0 0 0 0 0 0 0 0 '	,	0	,	0	,	0	,	""	);
INSERT INTO `item_instance` VALUES (	@ENTRY+35	,	23831	,	@vendeur_ah	,	0	,	0	,	floor(rand()*5+5)	,	0	,	'0 0 0 0 0 '	,	0	,	'0 0 0 0 0 0 0 0 0 0 0 0 0 0 0 0 0 0 0 0 0 0 0 0 0 0 0 0 0 0 0 0 0 0 0 0 0 0 0 0 0 0 '	,	0	,	0	,	0	,	""	);
INSERT INTO `item_instance` VALUES (	@ENTRY+36	,	23832	,	@vendeur_ah	,	0	,	0	,	floor(rand()*5+5)	,	0	,	'0 0 0 0 0 '	,	0	,	'0 0 0 0 0 0 0 0 0 0 0 0 0 0 0 0 0 0 0 0 0 0 0 0 0 0 0 0 0 0 0 0 0 0 0 0 0 0 0 0 0 0 '	,	0	,	0	,	0	,	""	);
INSERT INTO `item_instance` VALUES (	@ENTRY+37	,	31666	,	@vendeur_ah	,	0	,	0	,	floor(rand()*5+5)	,	0	,	'0 0 0 0 0 '	,	0	,	'0 0 0 0 0 0 0 0 0 0 0 0 0 0 0 0 0 0 0 0 0 0 0 0 0 0 0 0 0 0 0 0 0 0 0 0 0 0 0 0 0 0 '	,	0	,	0	,	0	,	""	);
INSERT INTO `item_instance` VALUES (	@ENTRY+38	,	34113	,	@vendeur_ah	,	0	,	0	,	floor(rand()*5+5)	,	0	,	'0 0 0 0 0 '	,	0	,	'0 0 0 0 0 0 0 0 0 0 0 0 0 0 0 0 0 0 0 0 0 0 0 0 0 0 0 0 0 0 0 0 0 0 0 0 0 0 0 0 0 0 '	,	0	,	0	,	0	,	""	);
INSERT INTO `item_instance` VALUES (	@ENTRY+39	,	37567	,	@vendeur_ah	,	0	,	0	,	floor(rand()*5+5)	,	0	,	'0 0 0 0 0 '	,	0	,	'0 0 0 0 0 0 0 0 0 0 0 0 0 0 0 0 0 0 0 0 0 0 0 0 0 0 0 0 0 0 0 0 0 0 0 0 0 0 0 0 0 0 '	,	0	,	0	,	0	,	""	);
INSERT INTO `item_instance` VALUES (	@ENTRY+40	,	37710	,	@vendeur_ah	,	0	,	0	,	floor(rand()*5+5)	,	0	,	'0 0 0 0 0 '	,	0	,	'0 0 0 0 0 0 0 0 0 0 0 0 0 0 0 0 0 0 0 0 0 0 0 0 0 0 0 0 0 0 0 0 0 0 0 0 0 0 0 0 0 0 '	,	0	,	0	,	0	,	""	);
INSERT INTO `item_instance` VALUES (	@ENTRY+41	,	40768	,	@vendeur_ah	,	0	,	0	,	floor(rand()*5+5)	,	0	,	'0 0 0 0 0 '	,	0	,	'0 0 0 0 0 0 0 0 0 0 0 0 0 0 0 0 0 0 0 0 0 0 0 0 0 0 0 0 0 0 0 0 0 0 0 0 0 0 0 0 0 0 '	,	0	,	0	,	0	,	""	);
INSERT INTO `item_instance` VALUES (	@ENTRY+42	,	40769	,	@vendeur_ah	,	0	,	0	,	floor(rand()*5+5)	,	0	,	'0 0 0 0 0 '	,	0	,	'0 0 0 0 0 0 0 0 0 0 0 0 0 0 0 0 0 0 0 0 0 0 0 0 0 0 0 0 0 0 0 0 0 0 0 0 0 0 0 0 0 0 '	,	0	,	0	,	0	,	""	);
INSERT INTO `item_instance` VALUES (	@ENTRY+43	,	40772	,	@vendeur_ah	,	0	,	0	,	floor(rand()*5+5)	,	0	,	'0 0 0 0 0 '	,	0	,	'0 0 0 0 0 0 0 0 0 0 0 0 0 0 0 0 0 0 0 0 0 0 0 0 0 0 0 0 0 0 0 0 0 0 0 0 0 0 0 0 0 0 '	,	0	,	0	,	0	,	""	);
INSERT INTO `item_instance` VALUES (	@ENTRY+44	,	40892	,	@vendeur_ah	,	0	,	0	,	floor(rand()*5+5)	,	0	,	'0 0 0 0 0 '	,	0	,	'0 0 0 0 0 0 0 0 0 0 0 0 0 0 0 0 0 0 0 0 0 0 0 0 0 0 0 0 0 0 0 0 0 0 0 0 0 0 0 0 0 0 '	,	0	,	0	,	0	,	""	);
INSERT INTO `item_instance` VALUES (	@ENTRY+45	,	40893	,	@vendeur_ah	,	0	,	0	,	floor(rand()*5+5)	,	0	,	'0 0 0 0 0 '	,	0	,	'0 0 0 0 0 0 0 0 0 0 0 0 0 0 0 0 0 0 0 0 0 0 0 0 0 0 0 0 0 0 0 0 0 0 0 0 0 0 0 0 0 0 '	,	0	,	0	,	0	,	""	);
INSERT INTO `item_instance` VALUES (	@ENTRY+46	,	41146	,	@vendeur_ah	,	0	,	0	,	floor(rand()*5+5)	,	0	,	'0 0 0 0 0 '	,	0	,	'0 0 0 0 0 0 0 0 0 0 0 0 0 0 0 0 0 0 0 0 0 0 0 0 0 0 0 0 0 0 0 0 0 0 0 0 0 0 0 0 0 0 '	,	0	,	0	,	0	,	""	);
INSERT INTO `item_instance` VALUES (	@ENTRY+47	,	41167	,	@vendeur_ah	,	0	,	0	,	floor(rand()*5+5)	,	0	,	'0 0 0 0 0 '	,	0	,	'0 0 0 0 0 0 0 0 0 0 0 0 0 0 0 0 0 0 0 0 0 0 0 0 0 0 0 0 0 0 0 0 0 0 0 0 0 0 0 0 0 0 '	,	0	,	0	,	0	,	""	);
INSERT INTO `item_instance` VALUES (	@ENTRY+48	,	41178	,	@vendeur_ah	,	0	,	0	,	floor(rand()*5+5)	,	0	,	'0 0 0 0 0 '	,	0	,	'0 0 0 0 0 0 0 0 0 0 0 0 0 0 0 0 0 0 0 0 0 0 0 0 0 0 0 0 0 0 0 0 0 0 0 0 0 0 0 0 0 0 '	,	0	,	0	,	0	,	""	);
INSERT INTO `item_instance` VALUES (	@ENTRY+49	,	42546	,	@vendeur_ah	,	0	,	0	,	floor(rand()*5+5)	,	0	,	'0 0 0 0 0 '	,	0	,	'0 0 0 0 0 0 0 0 0 0 0 0 0 0 0 0 0 0 0 0 0 0 0 0 0 0 0 0 0 0 0 0 0 0 0 0 0 0 0 0 0 0 '	,	0	,	0	,	0	,	""	);
INSERT INTO `item_instance` VALUES (	@ENTRY+50	,	44739	,	@vendeur_ah	,	0	,	0	,	floor(rand()*5+5)	,	0	,	'0 0 0 0 0 '	,	0	,	'0 0 0 0 0 0 0 0 0 0 0 0 0 0 0 0 0 0 0 0 0 0 0 0 0 0 0 0 0 0 0 0 0 0 0 0 0 0 0 0 0 0 '	,	0	,	0	,	0	,	""	);
INSERT INTO `item_instance` VALUES (	@ENTRY+51	,	47828	,	@vendeur_ah	,	0	,	0	,	floor(rand()*5+5)	,	0	,	'0 0 0 0 0 '	,	0	,	'0 0 0 0 0 0 0 0 0 0 0 0 0 0 0 0 0 0 0 0 0 0 0 0 0 0 0 0 0 0 0 0 0 0 0 0 0 0 0 0 0 0 '	,	0	,	0	,	0	,	""	);
INSERT INTO `item_instance` VALUES (	@ENTRY+52	,	49040	,	@vendeur_ah	,	0	,	0	,	floor(rand()*5+5)	,	0	,	'0 0 0 0 0 '	,	0	,	'0 0 0 0 0 0 0 0 0 0 0 0 0 0 0 0 0 0 0 0 0 0 0 0 0 0 0 0 0 0 0 0 0 0 0 0 0 0 0 0 0 0 '	,	0	,	0	,	0	,	""	);
INSERT INTO `item_instance` VALUES (	@ENTRY+53	,	54343	,	@vendeur_ah	,	0	,	0	,	floor(rand()*5+5)	,	0	,	'0 0 0 0 0 '	,	0	,	'0 0 0 0 0 0 0 0 0 0 0 0 0 0 0 0 0 0 0 0 0 0 0 0 0 0 0 0 0 0 0 0 0 0 0 0 0 0 0 0 0 0 '	,	0	,	0	,	0	,	""	);
INSERT INTO `item_instance` VALUES (	@ENTRY+54	,	59594	,	@vendeur_ah	,	0	,	0	,	floor(rand()*5+5)	,	0	,	'0 0 0 0 0 '	,	0	,	'0 0 0 0 0 0 0 0 0 0 0 0 0 0 0 0 0 0 0 0 0 0 0 0 0 0 0 0 0 0 0 0 0 0 0 0 0 0 0 0 0 0 '	,	0	,	0	,	0	,	""	);
INSERT INTO `item_instance` VALUES (	@ENTRY+55	,	59595	,	@vendeur_ah	,	0	,	0	,	floor(rand()*5+5)	,	0	,	'0 0 0 0 0 '	,	0	,	'0 0 0 0 0 0 0 0 0 0 0 0 0 0 0 0 0 0 0 0 0 0 0 0 0 0 0 0 0 0 0 0 0 0 0 0 0 0 0 0 0 0 '	,	0	,	0	,	0	,	""	);
INSERT INTO `item_instance` VALUES (	@ENTRY+56	,	59596	,	@vendeur_ah	,	0	,	0	,	floor(rand()*5+5)	,	0	,	'0 0 0 0 0 '	,	0	,	'0 0 0 0 0 0 0 0 0 0 0 0 0 0 0 0 0 0 0 0 0 0 0 0 0 0 0 0 0 0 0 0 0 0 0 0 0 0 0 0 0 0 '	,	0	,	0	,	0	,	""	);
INSERT INTO `item_instance` VALUES (	@ENTRY+57	,	60854	,	@vendeur_ah	,	0	,	0	,	floor(rand()*5+5)	,	0	,	'0 0 0 0 0 '	,	0	,	'0 0 0 0 0 0 0 0 0 0 0 0 0 0 0 0 0 0 0 0 0 0 0 0 0 0 0 0 0 0 0 0 0 0 0 0 0 0 0 0 0 0 '	,	0	,	0	,	0	,	""	);
INSERT INTO `item_instance` VALUES (	@ENTRY+58	,	60855	,	@vendeur_ah	,	0	,	0	,	floor(rand()*5+5)	,	0	,	'0 0 0 0 0 '	,	0	,	'0 0 0 0 0 0 0 0 0 0 0 0 0 0 0 0 0 0 0 0 0 0 0 0 0 0 0 0 0 0 0 0 0 0 0 0 0 0 0 0 0 0 '	,	0	,	0	,	0	,	""	);
INSERT INTO `item_instance` VALUES (	@ENTRY+59	,	67494	,	@vendeur_ah	,	0	,	0	,	floor(rand()*5+5)	,	0	,	'0 0 0 0 0 '	,	0	,	'0 0 0 0 0 0 0 0 0 0 0 0 0 0 0 0 0 0 0 0 0 0 0 0 0 0 0 0 0 0 0 0 0 0 0 0 0 0 0 0 0 0 '	,	0	,	0	,	0	,	""	);
INSERT INTO `item_instance` VALUES (	@ENTRY+60	,	68049	,	@vendeur_ah	,	0	,	0	,	floor(rand()*5+5)	,	0	,	'0 0 0 0 0 '	,	0	,	'0 0 0 0 0 0 0 0 0 0 0 0 0 0 0 0 0 0 0 0 0 0 0 0 0 0 0 0 0 0 0 0 0 0 0 0 0 0 0 0 0 0 '	,	0	,	0	,	0	,	""	);
INSERT INTO `item_instance` VALUES (	@ENTRY+61	,	20834	,	@vendeur_ah	,	0	,	0	,	floor(rand()*5+5)	,	0	,	'0 0 0 0 0 '	,	0	,	'0 0 0 0 0 0 0 0 0 0 0 0 0 0 0 0 0 0 0 0 0 0 0 0 0 0 0 0 0 0 0 0 0 0 0 0 0 0 0 0 0 0 '	,	0	,	0	,	0	,	""	);
INSERT INTO `item_instance` VALUES (	@ENTRY+62	,	23840	,	@vendeur_ah	,	0	,	0	,	floor(rand()*5+5)	,	0	,	'0 0 0 0 0 '	,	0	,	'0 0 0 0 0 0 0 0 0 0 0 0 0 0 0 0 0 0 0 0 0 0 0 0 0 0 0 0 0 0 0 0 0 0 0 0 0 0 0 0 0 0 '	,	0	,	0	,	0	,	""	);
INSERT INTO `item_instance` VALUES (	@ENTRY+63	,	34626	,	@vendeur_ah	,	0	,	0	,	floor(rand()*5+5)	,	0	,	'0 0 0 0 0 '	,	0	,	'0 0 0 0 0 0 0 0 0 0 0 0 0 0 0 0 0 0 0 0 0 0 0 0 0 0 0 0 0 0 0 0 0 0 0 0 0 0 0 0 0 0 '	,	0	,	0	,	0	,	""	);
INSERT INTO `item_instance` VALUES (	@ENTRY+64	,	37589	,	@vendeur_ah	,	0	,	0	,	floor(rand()*5+5)	,	0	,	'0 0 0 0 0 '	,	0	,	'0 0 0 0 0 0 0 0 0 0 0 0 0 0 0 0 0 0 0 0 0 0 0 0 0 0 0 0 0 0 0 0 0 0 0 0 0 0 0 0 0 0 '	,	0	,	0	,	0	,	""	);
INSERT INTO `item_instance` VALUES (	@ENTRY+65	,	47842	,	@vendeur_ah	,	0	,	0	,	floor(rand()*5+5)	,	0	,	'0 0 0 0 0 '	,	0	,	'0 0 0 0 0 0 0 0 0 0 0 0 0 0 0 0 0 0 0 0 0 0 0 0 0 0 0 0 0 0 0 0 0 0 0 0 0 0 0 0 0 0 '	,	0	,	0	,	0	,	""	);







INSERT INTO `auctionhouse` VALUES (	@newENTRY+1	,	@faction_ah	,	@ENTRY+1	,	@vendeur_ah	,	0	,	 UNIX_TIMESTAMP( ADDDATE(now(), INTERVAL floor(24+72*rand()) HOUR)) 	,	0	,	0	,	1000	,	0	);
INSERT INTO `auctionhouse` VALUES (	@newENTRY+2	,	@faction_ah	,	@ENTRY+2	,	@vendeur_ah	,	0	,	 UNIX_TIMESTAMP( ADDDATE(now(), INTERVAL floor(24+72*rand()) HOUR)) 	,	0	,	0	,	4636	,	0	);
INSERT INTO `auctionhouse` VALUES (	@newENTRY+3	,	@faction_ah	,	@ENTRY+3	,	@vendeur_ah	,	0	,	 UNIX_TIMESTAMP( ADDDATE(now(), INTERVAL floor(24+72*rand()) HOUR)) 	,	0	,	0	,	6070	,	0	);
INSERT INTO `auctionhouse` VALUES (	@newENTRY+4	,	@faction_ah	,	@ENTRY+4	,	@vendeur_ah	,	0	,	 UNIX_TIMESTAMP( ADDDATE(now(), INTERVAL floor(24+72*rand()) HOUR)) 	,	0	,	0	,	22789	,	0	);
INSERT INTO `auctionhouse` VALUES (	@newENTRY+5	,	@faction_ah	,	@ENTRY+5	,	@vendeur_ah	,	0	,	 UNIX_TIMESTAMP( ADDDATE(now(), INTERVAL floor(24+72*rand()) HOUR)) 	,	0	,	0	,	25566	,	0	);
INSERT INTO `auctionhouse` VALUES (	@newENTRY+6	,	@faction_ah	,	@ENTRY+6	,	@vendeur_ah	,	0	,	 UNIX_TIMESTAMP( ADDDATE(now(), INTERVAL floor(24+72*rand()) HOUR)) 	,	0	,	0	,	23547	,	0	);
INSERT INTO `auctionhouse` VALUES (	@newENTRY+7	,	@faction_ah	,	@ENTRY+7	,	@vendeur_ah	,	0	,	 UNIX_TIMESTAMP( ADDDATE(now(), INTERVAL floor(24+72*rand()) HOUR)) 	,	0	,	0	,	18113	,	0	);
INSERT INTO `auctionhouse` VALUES (	@newENTRY+8	,	@faction_ah	,	@ENTRY+8	,	@vendeur_ah	,	0	,	 UNIX_TIMESTAMP( ADDDATE(now(), INTERVAL floor(24+72*rand()) HOUR)) 	,	0	,	0	,	4209	,	0	);
INSERT INTO `auctionhouse` VALUES (	@newENTRY+9	,	@faction_ah	,	@ENTRY+9	,	@vendeur_ah	,	0	,	 UNIX_TIMESTAMP( ADDDATE(now(), INTERVAL floor(24+72*rand()) HOUR)) 	,	0	,	0	,	2145	,	0	);
INSERT INTO `auctionhouse` VALUES (	@newENTRY+10	,	@faction_ah	,	@ENTRY+10	,	@vendeur_ah	,	0	,	 UNIX_TIMESTAMP( ADDDATE(now(), INTERVAL floor(24+72*rand()) HOUR)) 	,	0	,	0	,	22678	,	0	);
INSERT INTO `auctionhouse` VALUES (	@newENTRY+11	,	@faction_ah	,	@ENTRY+11	,	@vendeur_ah	,	0	,	 UNIX_TIMESTAMP( ADDDATE(now(), INTERVAL floor(24+72*rand()) HOUR)) 	,	0	,	0	,	2896	,	0	);
INSERT INTO `auctionhouse` VALUES (	@newENTRY+12	,	@faction_ah	,	@ENTRY+12	,	@vendeur_ah	,	0	,	 UNIX_TIMESTAMP( ADDDATE(now(), INTERVAL floor(24+72*rand()) HOUR)) 	,	0	,	0	,	6606	,	0	);
INSERT INTO `auctionhouse` VALUES (	@newENTRY+13	,	@faction_ah	,	@ENTRY+13	,	@vendeur_ah	,	0	,	 UNIX_TIMESTAMP( ADDDATE(now(), INTERVAL floor(24+72*rand()) HOUR)) 	,	0	,	0	,	16746	,	0	);
INSERT INTO `auctionhouse` VALUES (	@newENTRY+14	,	@faction_ah	,	@ENTRY+14	,	@vendeur_ah	,	0	,	 UNIX_TIMESTAMP( ADDDATE(now(), INTERVAL floor(24+72*rand()) HOUR)) 	,	0	,	0	,	25678	,	0	);
INSERT INTO `auctionhouse` VALUES (	@newENTRY+15	,	@faction_ah	,	@ENTRY+15	,	@vendeur_ah	,	0	,	 UNIX_TIMESTAMP( ADDDATE(now(), INTERVAL floor(24+72*rand()) HOUR)) 	,	0	,	0	,	13113	,	0	);
INSERT INTO `auctionhouse` VALUES (	@newENTRY+16	,	@faction_ah	,	@ENTRY+16	,	@vendeur_ah	,	0	,	 UNIX_TIMESTAMP( ADDDATE(now(), INTERVAL floor(24+72*rand()) HOUR)) 	,	0	,	0	,	19694	,	0	);
INSERT INTO `auctionhouse` VALUES (	@newENTRY+17	,	@faction_ah	,	@ENTRY+17	,	@vendeur_ah	,	0	,	 UNIX_TIMESTAMP( ADDDATE(now(), INTERVAL floor(24+72*rand()) HOUR)) 	,	0	,	0	,	26228	,	0	);
INSERT INTO `auctionhouse` VALUES (	@newENTRY+18	,	@faction_ah	,	@ENTRY+18	,	@vendeur_ah	,	0	,	 UNIX_TIMESTAMP( ADDDATE(now(), INTERVAL floor(24+72*rand()) HOUR)) 	,	0	,	0	,	6237	,	0	);
INSERT INTO `auctionhouse` VALUES (	@newENTRY+19	,	@faction_ah	,	@ENTRY+19	,	@vendeur_ah	,	0	,	 UNIX_TIMESTAMP( ADDDATE(now(), INTERVAL floor(24+72*rand()) HOUR)) 	,	0	,	0	,	15000	,	0	);
INSERT INTO `auctionhouse` VALUES (	@newENTRY+20	,	@faction_ah	,	@ENTRY+20	,	@vendeur_ah	,	0	,	 UNIX_TIMESTAMP( ADDDATE(now(), INTERVAL floor(24+72*rand()) HOUR)) 	,	0	,	0	,	8117	,	0	);
INSERT INTO `auctionhouse` VALUES (	@newENTRY+21	,	@faction_ah	,	@ENTRY+21	,	@vendeur_ah	,	0	,	 UNIX_TIMESTAMP( ADDDATE(now(), INTERVAL floor(24+72*rand()) HOUR)) 	,	0	,	0	,	6000	,	0	);
INSERT INTO `auctionhouse` VALUES (	@newENTRY+22	,	@faction_ah	,	@ENTRY+22	,	@vendeur_ah	,	0	,	 UNIX_TIMESTAMP( ADDDATE(now(), INTERVAL floor(24+72*rand()) HOUR)) 	,	0	,	0	,	19064	,	0	);
INSERT INTO `auctionhouse` VALUES (	@newENTRY+23	,	@faction_ah	,	@ENTRY+23	,	@vendeur_ah	,	0	,	 UNIX_TIMESTAMP( ADDDATE(now(), INTERVAL floor(24+72*rand()) HOUR)) 	,	0	,	0	,	11200	,	0	);
INSERT INTO `auctionhouse` VALUES (	@newENTRY+24	,	@faction_ah	,	@ENTRY+24	,	@vendeur_ah	,	0	,	 UNIX_TIMESTAMP( ADDDATE(now(), INTERVAL floor(24+72*rand()) HOUR)) 	,	0	,	0	,	16351	,	0	);
INSERT INTO `auctionhouse` VALUES (	@newENTRY+25	,	@faction_ah	,	@ENTRY+25	,	@vendeur_ah	,	0	,	 UNIX_TIMESTAMP( ADDDATE(now(), INTERVAL floor(24+72*rand()) HOUR)) 	,	0	,	0	,	22297	,	0	);
INSERT INTO `auctionhouse` VALUES (	@newENTRY+26	,	@faction_ah	,	@ENTRY+26	,	@vendeur_ah	,	0	,	 UNIX_TIMESTAMP( ADDDATE(now(), INTERVAL floor(24+72*rand()) HOUR)) 	,	0	,	0	,	16036	,	0	);
INSERT INTO `auctionhouse` VALUES (	@newENTRY+27	,	@faction_ah	,	@ENTRY+27	,	@vendeur_ah	,	0	,	 UNIX_TIMESTAMP( ADDDATE(now(), INTERVAL floor(24+72*rand()) HOUR)) 	,	0	,	0	,	19652	,	0	);
INSERT INTO `auctionhouse` VALUES (	@newENTRY+28	,	@faction_ah	,	@ENTRY+28	,	@vendeur_ah	,	0	,	 UNIX_TIMESTAMP( ADDDATE(now(), INTERVAL floor(24+72*rand()) HOUR)) 	,	0	,	0	,	26159	,	0	);
INSERT INTO `auctionhouse` VALUES (	@newENTRY+29	,	@faction_ah	,	@ENTRY+29	,	@vendeur_ah	,	0	,	 UNIX_TIMESTAMP( ADDDATE(now(), INTERVAL floor(24+72*rand()) HOUR)) 	,	0	,	0	,	12523	,	0	);
INSERT INTO `auctionhouse` VALUES (	@newENTRY+30	,	@faction_ah	,	@ENTRY+30	,	@vendeur_ah	,	0	,	 UNIX_TIMESTAMP( ADDDATE(now(), INTERVAL floor(24+72*rand()) HOUR)) 	,	0	,	0	,	39549	,	0	);
INSERT INTO `auctionhouse` VALUES (	@newENTRY+31	,	@faction_ah	,	@ENTRY+31	,	@vendeur_ah	,	0	,	 UNIX_TIMESTAMP( ADDDATE(now(), INTERVAL floor(24+72*rand()) HOUR)) 	,	0	,	0	,	32428	,	0	);
INSERT INTO `auctionhouse` VALUES (	@newENTRY+32	,	@faction_ah	,	@ENTRY+32	,	@vendeur_ah	,	0	,	 UNIX_TIMESTAMP( ADDDATE(now(), INTERVAL floor(24+72*rand()) HOUR)) 	,	0	,	0	,	29523	,	0	);
INSERT INTO `auctionhouse` VALUES (	@newENTRY+33	,	@faction_ah	,	@ENTRY+33	,	@vendeur_ah	,	0	,	 UNIX_TIMESTAMP( ADDDATE(now(), INTERVAL floor(24+72*rand()) HOUR)) 	,	0	,	0	,	39448	,	0	);
INSERT INTO `auctionhouse` VALUES (	@newENTRY+34	,	@faction_ah	,	@ENTRY+34	,	@vendeur_ah	,	0	,	 UNIX_TIMESTAMP( ADDDATE(now(), INTERVAL floor(24+72*rand()) HOUR)) 	,	0	,	0	,	34134	,	0	);
INSERT INTO `auctionhouse` VALUES (	@newENTRY+35	,	@faction_ah	,	@ENTRY+35	,	@vendeur_ah	,	0	,	 UNIX_TIMESTAMP( ADDDATE(now(), INTERVAL floor(24+72*rand()) HOUR)) 	,	0	,	0	,	11487	,	0	);
INSERT INTO `auctionhouse` VALUES (	@newENTRY+36	,	@faction_ah	,	@ENTRY+36	,	@vendeur_ah	,	0	,	 UNIX_TIMESTAMP( ADDDATE(now(), INTERVAL floor(24+72*rand()) HOUR)) 	,	0	,	0	,	36329	,	0	);
INSERT INTO `auctionhouse` VALUES (	@newENTRY+37	,	@faction_ah	,	@ENTRY+37	,	@vendeur_ah	,	0	,	 UNIX_TIMESTAMP( ADDDATE(now(), INTERVAL floor(24+72*rand()) HOUR)) 	,	0	,	0	,	15967	,	0	);
INSERT INTO `auctionhouse` VALUES (	@newENTRY+38	,	@faction_ah	,	@ENTRY+38	,	@vendeur_ah	,	0	,	 UNIX_TIMESTAMP( ADDDATE(now(), INTERVAL floor(24+72*rand()) HOUR)) 	,	0	,	0	,	44849	,	0	);
INSERT INTO `auctionhouse` VALUES (	@newENTRY+39	,	@faction_ah	,	@ENTRY+39	,	@vendeur_ah	,	0	,	 UNIX_TIMESTAMP( ADDDATE(now(), INTERVAL floor(24+72*rand()) HOUR)) 	,	0	,	0	,	10000	,	0	);
INSERT INTO `auctionhouse` VALUES (	@newENTRY+40	,	@faction_ah	,	@ENTRY+40	,	@vendeur_ah	,	0	,	 UNIX_TIMESTAMP( ADDDATE(now(), INTERVAL floor(24+72*rand()) HOUR)) 	,	0	,	0	,	30680	,	0	);
INSERT INTO `auctionhouse` VALUES (	@newENTRY+41	,	@faction_ah	,	@ENTRY+41	,	@vendeur_ah	,	0	,	 UNIX_TIMESTAMP( ADDDATE(now(), INTERVAL floor(24+72*rand()) HOUR)) 	,	0	,	0	,	10000	,	0	);
INSERT INTO `auctionhouse` VALUES (	@newENTRY+42	,	@faction_ah	,	@ENTRY+42	,	@vendeur_ah	,	0	,	 UNIX_TIMESTAMP( ADDDATE(now(), INTERVAL floor(24+72*rand()) HOUR)) 	,	0	,	0	,	20243	,	0	);
INSERT INTO `auctionhouse` VALUES (	@newENTRY+43	,	@faction_ah	,	@ENTRY+43	,	@vendeur_ah	,	0	,	 UNIX_TIMESTAMP( ADDDATE(now(), INTERVAL floor(24+72*rand()) HOUR)) 	,	0	,	0	,	10000	,	0	);
INSERT INTO `auctionhouse` VALUES (	@newENTRY+44	,	@faction_ah	,	@ENTRY+44	,	@vendeur_ah	,	0	,	 UNIX_TIMESTAMP( ADDDATE(now(), INTERVAL floor(24+72*rand()) HOUR)) 	,	0	,	0	,	262	,	0	);
INSERT INTO `auctionhouse` VALUES (	@newENTRY+45	,	@faction_ah	,	@ENTRY+45	,	@vendeur_ah	,	0	,	 UNIX_TIMESTAMP( ADDDATE(now(), INTERVAL floor(24+72*rand()) HOUR)) 	,	0	,	0	,	440	,	0	);
INSERT INTO `auctionhouse` VALUES (	@newENTRY+46	,	@faction_ah	,	@ENTRY+46	,	@vendeur_ah	,	0	,	 UNIX_TIMESTAMP( ADDDATE(now(), INTERVAL floor(24+72*rand()) HOUR)) 	,	0	,	0	,	18865	,	0	);
INSERT INTO `auctionhouse` VALUES (	@newENTRY+47	,	@faction_ah	,	@ENTRY+47	,	@vendeur_ah	,	0	,	 UNIX_TIMESTAMP( ADDDATE(now(), INTERVAL floor(24+72*rand()) HOUR)) 	,	0	,	0	,	22936	,	0	);
INSERT INTO `auctionhouse` VALUES (	@newENTRY+48	,	@faction_ah	,	@ENTRY+48	,	@vendeur_ah	,	0	,	 UNIX_TIMESTAMP( ADDDATE(now(), INTERVAL floor(24+72*rand()) HOUR)) 	,	0	,	0	,	16701	,	0	);
INSERT INTO `auctionhouse` VALUES (	@newENTRY+49	,	@faction_ah	,	@ENTRY+49	,	@vendeur_ah	,	0	,	 UNIX_TIMESTAMP( ADDDATE(now(), INTERVAL floor(24+72*rand()) HOUR)) 	,	0	,	0	,	21280	,	0	);
INSERT INTO `auctionhouse` VALUES (	@newENTRY+50	,	@faction_ah	,	@ENTRY+50	,	@vendeur_ah	,	0	,	 UNIX_TIMESTAMP( ADDDATE(now(), INTERVAL floor(24+72*rand()) HOUR)) 	,	0	,	0	,	28919	,	0	);
INSERT INTO `auctionhouse` VALUES (	@newENTRY+51	,	@faction_ah	,	@ENTRY+51	,	@vendeur_ah	,	0	,	 UNIX_TIMESTAMP( ADDDATE(now(), INTERVAL floor(24+72*rand()) HOUR)) 	,	0	,	0	,	10968	,	0	);
INSERT INTO `auctionhouse` VALUES (	@newENTRY+52	,	@faction_ah	,	@ENTRY+52	,	@vendeur_ah	,	0	,	 UNIX_TIMESTAMP( ADDDATE(now(), INTERVAL floor(24+72*rand()) HOUR)) 	,	0	,	0	,	0	,	0	);
INSERT INTO `auctionhouse` VALUES (	@newENTRY+53	,	@faction_ah	,	@ENTRY+53	,	@vendeur_ah	,	0	,	 UNIX_TIMESTAMP( ADDDATE(now(), INTERVAL floor(24+72*rand()) HOUR)) 	,	0	,	0	,	27910	,	0	);
INSERT INTO `auctionhouse` VALUES (	@newENTRY+54	,	@faction_ah	,	@ENTRY+54	,	@vendeur_ah	,	0	,	 UNIX_TIMESTAMP( ADDDATE(now(), INTERVAL floor(24+72*rand()) HOUR)) 	,	0	,	0	,	11539	,	0	);
INSERT INTO `auctionhouse` VALUES (	@newENTRY+55	,	@faction_ah	,	@ENTRY+55	,	@vendeur_ah	,	0	,	 UNIX_TIMESTAMP( ADDDATE(now(), INTERVAL floor(24+72*rand()) HOUR)) 	,	0	,	0	,	20899	,	0	);
INSERT INTO `auctionhouse` VALUES (	@newENTRY+56	,	@faction_ah	,	@ENTRY+56	,	@vendeur_ah	,	0	,	 UNIX_TIMESTAMP( ADDDATE(now(), INTERVAL floor(24+72*rand()) HOUR)) 	,	0	,	0	,	12133	,	0	);
INSERT INTO `auctionhouse` VALUES (	@newENTRY+57	,	@faction_ah	,	@ENTRY+57	,	@vendeur_ah	,	0	,	 UNIX_TIMESTAMP( ADDDATE(now(), INTERVAL floor(24+72*rand()) HOUR)) 	,	0	,	0	,	31583	,	0	);
INSERT INTO `auctionhouse` VALUES (	@newENTRY+58	,	@faction_ah	,	@ENTRY+58	,	@vendeur_ah	,	0	,	 UNIX_TIMESTAMP( ADDDATE(now(), INTERVAL floor(24+72*rand()) HOUR)) 	,	0	,	0	,	36574	,	0	);
INSERT INTO `auctionhouse` VALUES (	@newENTRY+59	,	@faction_ah	,	@ENTRY+59	,	@vendeur_ah	,	0	,	 UNIX_TIMESTAMP( ADDDATE(now(), INTERVAL floor(24+72*rand()) HOUR)) 	,	0	,	0	,	10000	,	0	);
INSERT INTO `auctionhouse` VALUES (	@newENTRY+60	,	@faction_ah	,	@ENTRY+60	,	@vendeur_ah	,	0	,	 UNIX_TIMESTAMP( ADDDATE(now(), INTERVAL floor(24+72*rand()) HOUR)) 	,	0	,	0	,	33165	,	0	);
INSERT INTO `auctionhouse` VALUES (	@newENTRY+61	,	@faction_ah	,	@ENTRY+61	,	@vendeur_ah	,	0	,	 UNIX_TIMESTAMP( ADDDATE(now(), INTERVAL floor(24+72*rand()) HOUR)) 	,	0	,	0	,	120	,	0	);
INSERT INTO `auctionhouse` VALUES (	@newENTRY+62	,	@faction_ah	,	@ENTRY+62	,	@vendeur_ah	,	0	,	 UNIX_TIMESTAMP( ADDDATE(now(), INTERVAL floor(24+72*rand()) HOUR)) 	,	0	,	0	,	156	,	0	);
INSERT INTO `auctionhouse` VALUES (	@newENTRY+63	,	@faction_ah	,	@ENTRY+63	,	@vendeur_ah	,	0	,	 UNIX_TIMESTAMP( ADDDATE(now(), INTERVAL floor(24+72*rand()) HOUR)) 	,	0	,	0	,	169	,	0	);
INSERT INTO `auctionhouse` VALUES (	@newENTRY+64	,	@faction_ah	,	@ENTRY+64	,	@vendeur_ah	,	0	,	 UNIX_TIMESTAMP( ADDDATE(now(), INTERVAL floor(24+72*rand()) HOUR)) 	,	0	,	0	,	172	,	0	);
INSERT INTO `auctionhouse` VALUES (	@newENTRY+65	,	@faction_ah	,	@ENTRY+65	,	@vendeur_ah	,	0	,	 UNIX_TIMESTAMP( ADDDATE(now(), INTERVAL floor(24+72*rand()) HOUR)) 	,	0	,	0	,	400	,	0	);






















