



SET  @newENTRY =(SELECT max(`id`) FROM `auctionhouse` );
set @vendeur_ah := 55;
SET  @ENTRY =(SELECT max(`guid`) FROM `item_instance` );

DROP TABLE IF EXISTS `t`;
CREATE TABLE `t` (i INT);
insert into `t` values(23442) , (79707) ,(4656);
set  @faction_ah = (SELECT i FROM t ORDER BY RAND() LIMIT 1);																																																		











INSERT INTO `item_instance` VALUES (	@ENTRY+1	,	2629	,	@vendeur_ah	,	0	,	0	,	1	,	0	,	'0 0 0 0 0 '	,	0	,	'0 0 0 0 0 0 0 0 0 0 0 0 0 0 0 0 0 0 0 0 0 0 0 0 0 0 0 0 0 0 0 0 0 0 0 0 0 0 0 0 0 0 '	,	0	,	0	,	0	,	""	);
INSERT INTO `item_instance` VALUES (	@ENTRY+2	,	2719	,	@vendeur_ah	,	0	,	0	,	1	,	0	,	'0 0 0 0 0 '	,	0	,	'0 0 0 0 0 0 0 0 0 0 0 0 0 0 0 0 0 0 0 0 0 0 0 0 0 0 0 0 0 0 0 0 0 0 0 0 0 0 0 0 0 0 '	,	0	,	0	,	0	,	""	);
INSERT INTO `item_instance` VALUES (	@ENTRY+3	,	3467	,	@vendeur_ah	,	0	,	0	,	1	,	0	,	'0 0 0 0 0 '	,	0	,	'0 0 0 0 0 0 0 0 0 0 0 0 0 0 0 0 0 0 0 0 0 0 0 0 0 0 0 0 0 0 0 0 0 0 0 0 0 0 0 0 0 0 '	,	0	,	0	,	0	,	""	);
INSERT INTO `item_instance` VALUES (	@ENTRY+4	,	3499	,	@vendeur_ah	,	0	,	0	,	1	,	0	,	'0 0 0 0 0 '	,	0	,	'0 0 0 0 0 0 0 0 0 0 0 0 0 0 0 0 0 0 0 0 0 0 0 0 0 0 0 0 0 0 0 0 0 0 0 0 0 0 0 0 0 0 '	,	0	,	0	,	0	,	""	);
INSERT INTO `item_instance` VALUES (	@ENTRY+5	,	3704	,	@vendeur_ah	,	0	,	0	,	1	,	0	,	'0 0 0 0 0 '	,	0	,	'0 0 0 0 0 0 0 0 0 0 0 0 0 0 0 0 0 0 0 0 0 0 0 0 0 0 0 0 0 0 0 0 0 0 0 0 0 0 0 0 0 0 '	,	0	,	0	,	0	,	""	);
INSERT INTO `item_instance` VALUES (	@ENTRY+6	,	3930	,	@vendeur_ah	,	0	,	0	,	1	,	0	,	'0 0 0 0 0 '	,	0	,	'0 0 0 0 0 0 0 0 0 0 0 0 0 0 0 0 0 0 0 0 0 0 0 0 0 0 0 0 0 0 0 0 0 0 0 0 0 0 0 0 0 0 '	,	0	,	0	,	0	,	""	);
INSERT INTO `item_instance` VALUES (	@ENTRY+7	,	4103	,	@vendeur_ah	,	0	,	0	,	1	,	0	,	'0 0 0 0 0 '	,	0	,	'0 0 0 0 0 0 0 0 0 0 0 0 0 0 0 0 0 0 0 0 0 0 0 0 0 0 0 0 0 0 0 0 0 0 0 0 0 0 0 0 0 0 '	,	0	,	0	,	0	,	""	);
INSERT INTO `item_instance` VALUES (	@ENTRY+8	,	4483	,	@vendeur_ah	,	0	,	0	,	1	,	0	,	'0 0 0 0 0 '	,	0	,	'0 0 0 0 0 0 0 0 0 0 0 0 0 0 0 0 0 0 0 0 0 0 0 0 0 0 0 0 0 0 0 0 0 0 0 0 0 0 0 0 0 0 '	,	0	,	0	,	0	,	""	);
INSERT INTO `item_instance` VALUES (	@ENTRY+9	,	4484	,	@vendeur_ah	,	0	,	0	,	1	,	0	,	'0 0 0 0 0 '	,	0	,	'0 0 0 0 0 0 0 0 0 0 0 0 0 0 0 0 0 0 0 0 0 0 0 0 0 0 0 0 0 0 0 0 0 0 0 0 0 0 0 0 0 0 '	,	0	,	0	,	0	,	""	);
INSERT INTO `item_instance` VALUES (	@ENTRY+10	,	4485	,	@vendeur_ah	,	0	,	0	,	1	,	0	,	'0 0 0 0 0 '	,	0	,	'0 0 0 0 0 0 0 0 0 0 0 0 0 0 0 0 0 0 0 0 0 0 0 0 0 0 0 0 0 0 0 0 0 0 0 0 0 0 0 0 0 0 '	,	0	,	0	,	0	,	""	);
INSERT INTO `item_instance` VALUES (	@ENTRY+11	,	4882	,	@vendeur_ah	,	0	,	0	,	1	,	0	,	'0 0 0 0 0 '	,	0	,	'0 0 0 0 0 0 0 0 0 0 0 0 0 0 0 0 0 0 0 0 0 0 0 0 0 0 0 0 0 0 0 0 0 0 0 0 0 0 0 0 0 0 '	,	0	,	0	,	0	,	""	);
INSERT INTO `item_instance` VALUES (	@ENTRY+12	,	5020	,	@vendeur_ah	,	0	,	0	,	1	,	0	,	'0 0 0 0 0 '	,	0	,	'0 0 0 0 0 0 0 0 0 0 0 0 0 0 0 0 0 0 0 0 0 0 0 0 0 0 0 0 0 0 0 0 0 0 0 0 0 0 0 0 0 0 '	,	0	,	0	,	0	,	""	);
INSERT INTO `item_instance` VALUES (	@ENTRY+13	,	5050	,	@vendeur_ah	,	0	,	0	,	1	,	0	,	'0 0 0 0 0 '	,	0	,	'0 0 0 0 0 0 0 0 0 0 0 0 0 0 0 0 0 0 0 0 0 0 0 0 0 0 0 0 0 0 0 0 0 0 0 0 0 0 0 0 0 0 '	,	0	,	0	,	0	,	""	);
INSERT INTO `item_instance` VALUES (	@ENTRY+14	,	5089	,	@vendeur_ah	,	0	,	0	,	1	,	0	,	'0 0 0 0 0 '	,	0	,	'0 0 0 0 0 0 0 0 0 0 0 0 0 0 0 0 0 0 0 0 0 0 0 0 0 0 0 0 0 0 0 0 0 0 0 0 0 0 0 0 0 0 '	,	0	,	0	,	0	,	""	);
INSERT INTO `item_instance` VALUES (	@ENTRY+15	,	5396	,	@vendeur_ah	,	0	,	0	,	1	,	0	,	'0 0 0 0 0 '	,	0	,	'0 0 0 0 0 0 0 0 0 0 0 0 0 0 0 0 0 0 0 0 0 0 0 0 0 0 0 0 0 0 0 0 0 0 0 0 0 0 0 0 0 0 '	,	0	,	0	,	0	,	""	);
INSERT INTO `item_instance` VALUES (	@ENTRY+16	,	5397	,	@vendeur_ah	,	0	,	0	,	1	,	0	,	'0 0 0 0 0 '	,	0	,	'0 0 0 0 0 0 0 0 0 0 0 0 0 0 0 0 0 0 0 0 0 0 0 0 0 0 0 0 0 0 0 0 0 0 0 0 0 0 0 0 0 0 '	,	0	,	0	,	0	,	""	);
INSERT INTO `item_instance` VALUES (	@ENTRY+17	,	5475	,	@vendeur_ah	,	0	,	0	,	1	,	0	,	'0 0 0 0 0 '	,	0	,	'0 0 0 0 0 0 0 0 0 0 0 0 0 0 0 0 0 0 0 0 0 0 0 0 0 0 0 0 0 0 0 0 0 0 0 0 0 0 0 0 0 0 '	,	0	,	0	,	0	,	""	);
INSERT INTO `item_instance` VALUES (	@ENTRY+18	,	5851	,	@vendeur_ah	,	0	,	0	,	1	,	0	,	'0 0 0 0 0 '	,	0	,	'0 0 0 0 0 0 0 0 0 0 0 0 0 0 0 0 0 0 0 0 0 0 0 0 0 0 0 0 0 0 0 0 0 0 0 0 0 0 0 0 0 0 '	,	0	,	0	,	0	,	""	);
INSERT INTO `item_instance` VALUES (	@ENTRY+19	,	5916	,	@vendeur_ah	,	0	,	0	,	1	,	0	,	'0 0 0 0 0 '	,	0	,	'0 0 0 0 0 0 0 0 0 0 0 0 0 0 0 0 0 0 0 0 0 0 0 0 0 0 0 0 0 0 0 0 0 0 0 0 0 0 0 0 0 0 '	,	0	,	0	,	0	,	""	);
INSERT INTO `item_instance` VALUES (	@ENTRY+20	,	6893	,	@vendeur_ah	,	0	,	0	,	1	,	0	,	'0 0 0 0 0 '	,	0	,	'0 0 0 0 0 0 0 0 0 0 0 0 0 0 0 0 0 0 0 0 0 0 0 0 0 0 0 0 0 0 0 0 0 0 0 0 0 0 0 0 0 0 '	,	0	,	0	,	0	,	""	);
INSERT INTO `item_instance` VALUES (	@ENTRY+21	,	7146	,	@vendeur_ah	,	0	,	0	,	1	,	0	,	'0 0 0 0 0 '	,	0	,	'0 0 0 0 0 0 0 0 0 0 0 0 0 0 0 0 0 0 0 0 0 0 0 0 0 0 0 0 0 0 0 0 0 0 0 0 0 0 0 0 0 0 '	,	0	,	0	,	0	,	""	);
INSERT INTO `item_instance` VALUES (	@ENTRY+22	,	7923	,	@vendeur_ah	,	0	,	0	,	1	,	0	,	'0 0 0 0 0 '	,	0	,	'0 0 0 0 0 0 0 0 0 0 0 0 0 0 0 0 0 0 0 0 0 0 0 0 0 0 0 0 0 0 0 0 0 0 0 0 0 0 0 0 0 0 '	,	0	,	0	,	0	,	""	);
INSERT INTO `item_instance` VALUES (	@ENTRY+23	,	8072	,	@vendeur_ah	,	0	,	0	,	1	,	0	,	'0 0 0 0 0 '	,	0	,	'0 0 0 0 0 0 0 0 0 0 0 0 0 0 0 0 0 0 0 0 0 0 0 0 0 0 0 0 0 0 0 0 0 0 0 0 0 0 0 0 0 0 '	,	0	,	0	,	0	,	""	);
INSERT INTO `item_instance` VALUES (	@ENTRY+24	,	9249	,	@vendeur_ah	,	0	,	0	,	1	,	0	,	'0 0 0 0 0 '	,	0	,	'0 0 0 0 0 0 0 0 0 0 0 0 0 0 0 0 0 0 0 0 0 0 0 0 0 0 0 0 0 0 0 0 0 0 0 0 0 0 0 0 0 0 '	,	0	,	0	,	0	,	""	);
INSERT INTO `item_instance` VALUES (	@ENTRY+25	,	9299	,	@vendeur_ah	,	0	,	0	,	1	,	0	,	'0 0 0 0 0 '	,	0	,	'0 0 0 0 0 0 0 0 0 0 0 0 0 0 0 0 0 0 0 0 0 0 0 0 0 0 0 0 0 0 0 0 0 0 0 0 0 0 0 0 0 0 '	,	0	,	0	,	0	,	""	);
INSERT INTO `item_instance` VALUES (	@ENTRY+26	,	10460	,	@vendeur_ah	,	0	,	0	,	1	,	0	,	'0 0 0 0 0 '	,	0	,	'0 0 0 0 0 0 0 0 0 0 0 0 0 0 0 0 0 0 0 0 0 0 0 0 0 0 0 0 0 0 0 0 0 0 0 0 0 0 0 0 0 0 '	,	0	,	0	,	0	,	""	);
INSERT INTO `item_instance` VALUES (	@ENTRY+27	,	10757	,	@vendeur_ah	,	0	,	0	,	1	,	0	,	'0 0 0 0 0 '	,	0	,	'0 0 0 0 0 0 0 0 0 0 0 0 0 0 0 0 0 0 0 0 0 0 0 0 0 0 0 0 0 0 0 0 0 0 0 0 0 0 0 0 0 0 '	,	0	,	0	,	0	,	""	);
INSERT INTO `item_instance` VALUES (	@ENTRY+28	,	11000	,	@vendeur_ah	,	0	,	0	,	1	,	0	,	'0 0 0 0 0 '	,	0	,	'0 0 0 0 0 0 0 0 0 0 0 0 0 0 0 0 0 0 0 0 0 0 0 0 0 0 0 0 0 0 0 0 0 0 0 0 0 0 0 0 0 0 '	,	0	,	0	,	0	,	""	);
INSERT INTO `item_instance` VALUES (	@ENTRY+29	,	11078	,	@vendeur_ah	,	0	,	0	,	1	,	0	,	'0 0 0 0 0 '	,	0	,	'0 0 0 0 0 0 0 0 0 0 0 0 0 0 0 0 0 0 0 0 0 0 0 0 0 0 0 0 0 0 0 0 0 0 0 0 0 0 0 0 0 0 '	,	0	,	0	,	0	,	""	);
INSERT INTO `item_instance` VALUES (	@ENTRY+30	,	11079	,	@vendeur_ah	,	0	,	0	,	1	,	0	,	'0 0 0 0 0 '	,	0	,	'0 0 0 0 0 0 0 0 0 0 0 0 0 0 0 0 0 0 0 0 0 0 0 0 0 0 0 0 0 0 0 0 0 0 0 0 0 0 0 0 0 0 '	,	0	,	0	,	0	,	""	);
INSERT INTO `item_instance` VALUES (	@ENTRY+31	,	11140	,	@vendeur_ah	,	0	,	0	,	1	,	0	,	'0 0 0 0 0 '	,	0	,	'0 0 0 0 0 0 0 0 0 0 0 0 0 0 0 0 0 0 0 0 0 0 0 0 0 0 0 0 0 0 0 0 0 0 0 0 0 0 0 0 0 0 '	,	0	,	0	,	0	,	""	);
INSERT INTO `item_instance` VALUES (	@ENTRY+32	,	11197	,	@vendeur_ah	,	0	,	0	,	1	,	0	,	'0 0 0 0 0 '	,	0	,	'0 0 0 0 0 0 0 0 0 0 0 0 0 0 0 0 0 0 0 0 0 0 0 0 0 0 0 0 0 0 0 0 0 0 0 0 0 0 0 0 0 0 '	,	0	,	0	,	0	,	""	);
INSERT INTO `item_instance` VALUES (	@ENTRY+33	,	11602	,	@vendeur_ah	,	0	,	0	,	1	,	0	,	'0 0 0 0 0 '	,	0	,	'0 0 0 0 0 0 0 0 0 0 0 0 0 0 0 0 0 0 0 0 0 0 0 0 0 0 0 0 0 0 0 0 0 0 0 0 0 0 0 0 0 0 '	,	0	,	0	,	0	,	""	);
INSERT INTO `item_instance` VALUES (	@ENTRY+34	,	12144	,	@vendeur_ah	,	0	,	0	,	1	,	0	,	'0 0 0 0 0 '	,	0	,	'0 0 0 0 0 0 0 0 0 0 0 0 0 0 0 0 0 0 0 0 0 0 0 0 0 0 0 0 0 0 0 0 0 0 0 0 0 0 0 0 0 0 '	,	0	,	0	,	0	,	""	);
INSERT INTO `item_instance` VALUES (	@ENTRY+35	,	12301	,	@vendeur_ah	,	0	,	0	,	1	,	0	,	'0 0 0 0 0 '	,	0	,	'0 0 0 0 0 0 0 0 0 0 0 0 0 0 0 0 0 0 0 0 0 0 0 0 0 0 0 0 0 0 0 0 0 0 0 0 0 0 0 0 0 0 '	,	0	,	0	,	0	,	""	);
INSERT INTO `item_instance` VALUES (	@ENTRY+36	,	12382	,	@vendeur_ah	,	0	,	0	,	1	,	0	,	'0 0 0 0 0 '	,	0	,	'0 0 0 0 0 0 0 0 0 0 0 0 0 0 0 0 0 0 0 0 0 0 0 0 0 0 0 0 0 0 0 0 0 0 0 0 0 0 0 0 0 0 '	,	0	,	0	,	0	,	""	);
INSERT INTO `item_instance` VALUES (	@ENTRY+37	,	12973	,	@vendeur_ah	,	0	,	0	,	1	,	0	,	'0 0 0 0 0 '	,	0	,	'0 0 0 0 0 0 0 0 0 0 0 0 0 0 0 0 0 0 0 0 0 0 0 0 0 0 0 0 0 0 0 0 0 0 0 0 0 0 0 0 0 0 '	,	0	,	0	,	0	,	""	);
INSERT INTO `item_instance` VALUES (	@ENTRY+38	,	13302	,	@vendeur_ah	,	0	,	0	,	1	,	0	,	'0 0 0 0 0 '	,	0	,	'0 0 0 0 0 0 0 0 0 0 0 0 0 0 0 0 0 0 0 0 0 0 0 0 0 0 0 0 0 0 0 0 0 0 0 0 0 0 0 0 0 0 '	,	0	,	0	,	0	,	""	);
INSERT INTO `item_instance` VALUES (	@ENTRY+39	,	13303	,	@vendeur_ah	,	0	,	0	,	1	,	0	,	'0 0 0 0 0 '	,	0	,	'0 0 0 0 0 0 0 0 0 0 0 0 0 0 0 0 0 0 0 0 0 0 0 0 0 0 0 0 0 0 0 0 0 0 0 0 0 0 0 0 0 0 '	,	0	,	0	,	0	,	""	);
INSERT INTO `item_instance` VALUES (	@ENTRY+40	,	13304	,	@vendeur_ah	,	0	,	0	,	1	,	0	,	'0 0 0 0 0 '	,	0	,	'0 0 0 0 0 0 0 0 0 0 0 0 0 0 0 0 0 0 0 0 0 0 0 0 0 0 0 0 0 0 0 0 0 0 0 0 0 0 0 0 0 0 '	,	0	,	0	,	0	,	""	);
INSERT INTO `item_instance` VALUES (	@ENTRY+41	,	13305	,	@vendeur_ah	,	0	,	0	,	1	,	0	,	'0 0 0 0 0 '	,	0	,	'0 0 0 0 0 0 0 0 0 0 0 0 0 0 0 0 0 0 0 0 0 0 0 0 0 0 0 0 0 0 0 0 0 0 0 0 0 0 0 0 0 0 '	,	0	,	0	,	0	,	""	);
INSERT INTO `item_instance` VALUES (	@ENTRY+42	,	13306	,	@vendeur_ah	,	0	,	0	,	1	,	0	,	'0 0 0 0 0 '	,	0	,	'0 0 0 0 0 0 0 0 0 0 0 0 0 0 0 0 0 0 0 0 0 0 0 0 0 0 0 0 0 0 0 0 0 0 0 0 0 0 0 0 0 0 '	,	0	,	0	,	0	,	""	);
INSERT INTO `item_instance` VALUES (	@ENTRY+43	,	13307	,	@vendeur_ah	,	0	,	0	,	1	,	0	,	'0 0 0 0 0 '	,	0	,	'0 0 0 0 0 0 0 0 0 0 0 0 0 0 0 0 0 0 0 0 0 0 0 0 0 0 0 0 0 0 0 0 0 0 0 0 0 0 0 0 0 0 '	,	0	,	0	,	0	,	""	);
INSERT INTO `item_instance` VALUES (	@ENTRY+44	,	13704	,	@vendeur_ah	,	0	,	0	,	1	,	0	,	'0 0 0 0 0 '	,	0	,	'0 0 0 0 0 0 0 0 0 0 0 0 0 0 0 0 0 0 0 0 0 0 0 0 0 0 0 0 0 0 0 0 0 0 0 0 0 0 0 0 0 0 '	,	0	,	0	,	0	,	""	);
INSERT INTO `item_instance` VALUES (	@ENTRY+45	,	13873	,	@vendeur_ah	,	0	,	0	,	1	,	0	,	'0 0 0 0 0 '	,	0	,	'0 0 0 0 0 0 0 0 0 0 0 0 0 0 0 0 0 0 0 0 0 0 0 0 0 0 0 0 0 0 0 0 0 0 0 0 0 0 0 0 0 0 '	,	0	,	0	,	0	,	""	);
INSERT INTO `item_instance` VALUES (	@ENTRY+46	,	17242	,	@vendeur_ah	,	0	,	0	,	1	,	0	,	'0 0 0 0 0 '	,	0	,	'0 0 0 0 0 0 0 0 0 0 0 0 0 0 0 0 0 0 0 0 0 0 0 0 0 0 0 0 0 0 0 0 0 0 0 0 0 0 0 0 0 0 '	,	0	,	0	,	0	,	""	);
INSERT INTO `item_instance` VALUES (	@ENTRY+47	,	17262	,	@vendeur_ah	,	0	,	0	,	1	,	0	,	'0 0 0 0 0 '	,	0	,	'0 0 0 0 0 0 0 0 0 0 0 0 0 0 0 0 0 0 0 0 0 0 0 0 0 0 0 0 0 0 0 0 0 0 0 0 0 0 0 0 0 0 '	,	0	,	0	,	0	,	""	);
INSERT INTO `item_instance` VALUES (	@ENTRY+48	,	18249	,	@vendeur_ah	,	0	,	0	,	1	,	0	,	'0 0 0 0 0 '	,	0	,	'0 0 0 0 0 0 0 0 0 0 0 0 0 0 0 0 0 0 0 0 0 0 0 0 0 0 0 0 0 0 0 0 0 0 0 0 0 0 0 0 0 0 '	,	0	,	0	,	0	,	""	);
INSERT INTO `item_instance` VALUES (	@ENTRY+49	,	18266	,	@vendeur_ah	,	0	,	0	,	1	,	0	,	'0 0 0 0 0 '	,	0	,	'0 0 0 0 0 0 0 0 0 0 0 0 0 0 0 0 0 0 0 0 0 0 0 0 0 0 0 0 0 0 0 0 0 0 0 0 0 0 0 0 0 0 '	,	0	,	0	,	0	,	""	);
INSERT INTO `item_instance` VALUES (	@ENTRY+50	,	18268	,	@vendeur_ah	,	0	,	0	,	1	,	0	,	'0 0 0 0 0 '	,	0	,	'0 0 0 0 0 0 0 0 0 0 0 0 0 0 0 0 0 0 0 0 0 0 0 0 0 0 0 0 0 0 0 0 0 0 0 0 0 0 0 0 0 0 '	,	0	,	0	,	0	,	""	);
INSERT INTO `item_instance` VALUES (	@ENTRY+51	,	21761	,	@vendeur_ah	,	0	,	0	,	1	,	0	,	'0 0 0 0 0 '	,	0	,	'0 0 0 0 0 0 0 0 0 0 0 0 0 0 0 0 0 0 0 0 0 0 0 0 0 0 0 0 0 0 0 0 0 0 0 0 0 0 0 0 0 0 '	,	0	,	0	,	0	,	""	);
INSERT INTO `item_instance` VALUES (	@ENTRY+52	,	21762	,	@vendeur_ah	,	0	,	0	,	1	,	0	,	'0 0 0 0 0 '	,	0	,	'0 0 0 0 0 0 0 0 0 0 0 0 0 0 0 0 0 0 0 0 0 0 0 0 0 0 0 0 0 0 0 0 0 0 0 0 0 0 0 0 0 0 '	,	0	,	0	,	0	,	""	);
INSERT INTO `item_instance` VALUES (	@ENTRY+53	,	23801	,	@vendeur_ah	,	0	,	0	,	1	,	0	,	'0 0 0 0 0 '	,	0	,	'0 0 0 0 0 0 0 0 0 0 0 0 0 0 0 0 0 0 0 0 0 0 0 0 0 0 0 0 0 0 0 0 0 0 0 0 0 0 0 0 0 0 '	,	0	,	0	,	0	,	""	);
INSERT INTO `item_instance` VALUES (	@ENTRY+54	,	24010	,	@vendeur_ah	,	0	,	0	,	1	,	0	,	'0 0 0 0 0 '	,	0	,	'0 0 0 0 0 0 0 0 0 0 0 0 0 0 0 0 0 0 0 0 0 0 0 0 0 0 0 0 0 0 0 0 0 0 0 0 0 0 0 0 0 0 '	,	0	,	0	,	0	,	""	);
INSERT INTO `item_instance` VALUES (	@ENTRY+55	,	24099	,	@vendeur_ah	,	0	,	0	,	1	,	0	,	'0 0 0 0 0 '	,	0	,	'0 0 0 0 0 0 0 0 0 0 0 0 0 0 0 0 0 0 0 0 0 0 0 0 0 0 0 0 0 0 0 0 0 0 0 0 0 0 0 0 0 0 '	,	0	,	0	,	0	,	""	);
INSERT INTO `item_instance` VALUES (	@ENTRY+56	,	24490	,	@vendeur_ah	,	0	,	0	,	1	,	0	,	'0 0 0 0 0 '	,	0	,	'0 0 0 0 0 0 0 0 0 0 0 0 0 0 0 0 0 0 0 0 0 0 0 0 0 0 0 0 0 0 0 0 0 0 0 0 0 0 0 0 0 0 '	,	0	,	0	,	0	,	""	);
INSERT INTO `item_instance` VALUES (	@ENTRY+57	,	27808	,	@vendeur_ah	,	0	,	0	,	1	,	0	,	'0 0 0 0 0 '	,	0	,	'0 0 0 0 0 0 0 0 0 0 0 0 0 0 0 0 0 0 0 0 0 0 0 0 0 0 0 0 0 0 0 0 0 0 0 0 0 0 0 0 0 0 '	,	0	,	0	,	0	,	""	);
INSERT INTO `item_instance` VALUES (	@ENTRY+58	,	27991	,	@vendeur_ah	,	0	,	0	,	1	,	0	,	'0 0 0 0 0 '	,	0	,	'0 0 0 0 0 0 0 0 0 0 0 0 0 0 0 0 0 0 0 0 0 0 0 0 0 0 0 0 0 0 0 0 0 0 0 0 0 0 0 0 0 0 '	,	0	,	0	,	0	,	""	);
INSERT INTO `item_instance` VALUES (	@ENTRY+59	,	28395	,	@vendeur_ah	,	0	,	0	,	1	,	0	,	'0 0 0 0 0 '	,	0	,	'0 0 0 0 0 0 0 0 0 0 0 0 0 0 0 0 0 0 0 0 0 0 0 0 0 0 0 0 0 0 0 0 0 0 0 0 0 0 0 0 0 0 '	,	0	,	0	,	0	,	""	);
INSERT INTO `item_instance` VALUES (	@ENTRY+60	,	29460	,	@vendeur_ah	,	0	,	0	,	1	,	0	,	'0 0 0 0 0 '	,	0	,	'0 0 0 0 0 0 0 0 0 0 0 0 0 0 0 0 0 0 0 0 0 0 0 0 0 0 0 0 0 0 0 0 0 0 0 0 0 0 0 0 0 0 '	,	0	,	0	,	0	,	""	);
INSERT INTO `item_instance` VALUES (	@ENTRY+61	,	29501	,	@vendeur_ah	,	0	,	0	,	1	,	0	,	'0 0 0 0 0 '	,	0	,	'0 0 0 0 0 0 0 0 0 0 0 0 0 0 0 0 0 0 0 0 0 0 0 0 0 0 0 0 0 0 0 0 0 0 0 0 0 0 0 0 0 0 '	,	0	,	0	,	0	,	""	);
INSERT INTO `item_instance` VALUES (	@ENTRY+62	,	29742	,	@vendeur_ah	,	0	,	0	,	1	,	0	,	'0 0 0 0 0 '	,	0	,	'0 0 0 0 0 0 0 0 0 0 0 0 0 0 0 0 0 0 0 0 0 0 0 0 0 0 0 0 0 0 0 0 0 0 0 0 0 0 0 0 0 0 '	,	0	,	0	,	0	,	""	);
INSERT INTO `item_instance` VALUES (	@ENTRY+63	,	29750	,	@vendeur_ah	,	0	,	0	,	1	,	0	,	'0 0 0 0 0 '	,	0	,	'0 0 0 0 0 0 0 0 0 0 0 0 0 0 0 0 0 0 0 0 0 0 0 0 0 0 0 0 0 0 0 0 0 0 0 0 0 0 0 0 0 0 '	,	0	,	0	,	0	,	""	);
INSERT INTO `item_instance` VALUES (	@ENTRY+64	,	30426	,	@vendeur_ah	,	0	,	0	,	1	,	0	,	'0 0 0 0 0 '	,	0	,	'0 0 0 0 0 0 0 0 0 0 0 0 0 0 0 0 0 0 0 0 0 0 0 0 0 0 0 0 0 0 0 0 0 0 0 0 0 0 0 0 0 0 '	,	0	,	0	,	0	,	""	);
INSERT INTO `item_instance` VALUES (	@ENTRY+65	,	30438	,	@vendeur_ah	,	0	,	0	,	1	,	0	,	'0 0 0 0 0 '	,	0	,	'0 0 0 0 0 0 0 0 0 0 0 0 0 0 0 0 0 0 0 0 0 0 0 0 0 0 0 0 0 0 0 0 0 0 0 0 0 0 0 0 0 0 '	,	0	,	0	,	0	,	""	);
INSERT INTO `item_instance` VALUES (	@ENTRY+66	,	30622	,	@vendeur_ah	,	0	,	0	,	1	,	0	,	'0 0 0 0 0 '	,	0	,	'0 0 0 0 0 0 0 0 0 0 0 0 0 0 0 0 0 0 0 0 0 0 0 0 0 0 0 0 0 0 0 0 0 0 0 0 0 0 0 0 0 0 '	,	0	,	0	,	0	,	""	);
INSERT INTO `item_instance` VALUES (	@ENTRY+67	,	30623	,	@vendeur_ah	,	0	,	0	,	1	,	0	,	'0 0 0 0 0 '	,	0	,	'0 0 0 0 0 0 0 0 0 0 0 0 0 0 0 0 0 0 0 0 0 0 0 0 0 0 0 0 0 0 0 0 0 0 0 0 0 0 0 0 0 0 '	,	0	,	0	,	0	,	""	);
INSERT INTO `item_instance` VALUES (	@ENTRY+68	,	30633	,	@vendeur_ah	,	0	,	0	,	1	,	0	,	'0 0 0 0 0 '	,	0	,	'0 0 0 0 0 0 0 0 0 0 0 0 0 0 0 0 0 0 0 0 0 0 0 0 0 0 0 0 0 0 0 0 0 0 0 0 0 0 0 0 0 0 '	,	0	,	0	,	0	,	""	);
INSERT INTO `item_instance` VALUES (	@ENTRY+69	,	30634	,	@vendeur_ah	,	0	,	0	,	1	,	0	,	'0 0 0 0 0 '	,	0	,	'0 0 0 0 0 0 0 0 0 0 0 0 0 0 0 0 0 0 0 0 0 0 0 0 0 0 0 0 0 0 0 0 0 0 0 0 0 0 0 0 0 0 '	,	0	,	0	,	0	,	""	);
INSERT INTO `item_instance` VALUES (	@ENTRY+70	,	30635	,	@vendeur_ah	,	0	,	0	,	1	,	0	,	'0 0 0 0 0 '	,	0	,	'0 0 0 0 0 0 0 0 0 0 0 0 0 0 0 0 0 0 0 0 0 0 0 0 0 0 0 0 0 0 0 0 0 0 0 0 0 0 0 0 0 0 '	,	0	,	0	,	0	,	""	);
INSERT INTO `item_instance` VALUES (	@ENTRY+71	,	30637	,	@vendeur_ah	,	0	,	0	,	1	,	0	,	'0 0 0 0 0 '	,	0	,	'0 0 0 0 0 0 0 0 0 0 0 0 0 0 0 0 0 0 0 0 0 0 0 0 0 0 0 0 0 0 0 0 0 0 0 0 0 0 0 0 0 0 '	,	0	,	0	,	0	,	""	);
INSERT INTO `item_instance` VALUES (	@ENTRY+72	,	30712	,	@vendeur_ah	,	0	,	0	,	1	,	0	,	'0 0 0 0 0 '	,	0	,	'0 0 0 0 0 0 0 0 0 0 0 0 0 0 0 0 0 0 0 0 0 0 0 0 0 0 0 0 0 0 0 0 0 0 0 0 0 0 0 0 0 0 '	,	0	,	0	,	0	,	""	);
INSERT INTO `item_instance` VALUES (	@ENTRY+73	,	31084	,	@vendeur_ah	,	0	,	0	,	1	,	0	,	'0 0 0 0 0 '	,	0	,	'0 0 0 0 0 0 0 0 0 0 0 0 0 0 0 0 0 0 0 0 0 0 0 0 0 0 0 0 0 0 0 0 0 0 0 0 0 0 0 0 0 0 '	,	0	,	0	,	0	,	""	);
INSERT INTO `item_instance` VALUES (	@ENTRY+74	,	31536	,	@vendeur_ah	,	0	,	0	,	1	,	0	,	'0 0 0 0 0 '	,	0	,	'0 0 0 0 0 0 0 0 0 0 0 0 0 0 0 0 0 0 0 0 0 0 0 0 0 0 0 0 0 0 0 0 0 0 0 0 0 0 0 0 0 0 '	,	0	,	0	,	0	,	""	);
INSERT INTO `item_instance` VALUES (	@ENTRY+75	,	31655	,	@vendeur_ah	,	0	,	0	,	1	,	0	,	'0 0 0 0 0 '	,	0	,	'0 0 0 0 0 0 0 0 0 0 0 0 0 0 0 0 0 0 0 0 0 0 0 0 0 0 0 0 0 0 0 0 0 0 0 0 0 0 0 0 0 0 '	,	0	,	0	,	0	,	""	);
INSERT INTO `item_instance` VALUES (	@ENTRY+76	,	31664	,	@vendeur_ah	,	0	,	0	,	1	,	0	,	'0 0 0 0 0 '	,	0	,	'0 0 0 0 0 0 0 0 0 0 0 0 0 0 0 0 0 0 0 0 0 0 0 0 0 0 0 0 0 0 0 0 0 0 0 0 0 0 0 0 0 0 '	,	0	,	0	,	0	,	""	);
INSERT INTO `item_instance` VALUES (	@ENTRY+77	,	31704	,	@vendeur_ah	,	0	,	0	,	1	,	0	,	'0 0 0 0 0 '	,	0	,	'0 0 0 0 0 0 0 0 0 0 0 0 0 0 0 0 0 0 0 0 0 0 0 0 0 0 0 0 0 0 0 0 0 0 0 0 0 0 0 0 0 0 '	,	0	,	0	,	0	,	""	);
INSERT INTO `item_instance` VALUES (	@ENTRY+78	,	31705	,	@vendeur_ah	,	0	,	0	,	1	,	0	,	'0 0 0 0 0 '	,	0	,	'0 0 0 0 0 0 0 0 0 0 0 0 0 0 0 0 0 0 0 0 0 0 0 0 0 0 0 0 0 0 0 0 0 0 0 0 0 0 0 0 0 0 '	,	0	,	0	,	0	,	""	);
INSERT INTO `item_instance` VALUES (	@ENTRY+79	,	31956	,	@vendeur_ah	,	0	,	0	,	1	,	0	,	'0 0 0 0 0 '	,	0	,	'0 0 0 0 0 0 0 0 0 0 0 0 0 0 0 0 0 0 0 0 0 0 0 0 0 0 0 0 0 0 0 0 0 0 0 0 0 0 0 0 0 0 '	,	0	,	0	,	0	,	""	);
INSERT INTO `item_instance` VALUES (	@ENTRY+80	,	31994	,	@vendeur_ah	,	0	,	0	,	1	,	0	,	'0 0 0 0 0 '	,	0	,	'0 0 0 0 0 0 0 0 0 0 0 0 0 0 0 0 0 0 0 0 0 0 0 0 0 0 0 0 0 0 0 0 0 0 0 0 0 0 0 0 0 0 '	,	0	,	0	,	0	,	""	);
INSERT INTO `item_instance` VALUES (	@ENTRY+81	,	32069	,	@vendeur_ah	,	0	,	0	,	1	,	0	,	'0 0 0 0 0 '	,	0	,	'0 0 0 0 0 0 0 0 0 0 0 0 0 0 0 0 0 0 0 0 0 0 0 0 0 0 0 0 0 0 0 0 0 0 0 0 0 0 0 0 0 0 '	,	0	,	0	,	0	,	""	);
INSERT INTO `item_instance` VALUES (	@ENTRY+82	,	32079	,	@vendeur_ah	,	0	,	0	,	1	,	0	,	'0 0 0 0 0 '	,	0	,	'0 0 0 0 0 0 0 0 0 0 0 0 0 0 0 0 0 0 0 0 0 0 0 0 0 0 0 0 0 0 0 0 0 0 0 0 0 0 0 0 0 0 '	,	0	,	0	,	0	,	""	);
INSERT INTO `item_instance` VALUES (	@ENTRY+83	,	32092	,	@vendeur_ah	,	0	,	0	,	1	,	0	,	'0 0 0 0 0 '	,	0	,	'0 0 0 0 0 0 0 0 0 0 0 0 0 0 0 0 0 0 0 0 0 0 0 0 0 0 0 0 0 0 0 0 0 0 0 0 0 0 0 0 0 0 '	,	0	,	0	,	0	,	""	);
INSERT INTO `item_instance` VALUES (	@ENTRY+84	,	32773	,	@vendeur_ah	,	0	,	0	,	1	,	0	,	'0 0 0 0 0 '	,	0	,	'0 0 0 0 0 0 0 0 0 0 0 0 0 0 0 0 0 0 0 0 0 0 0 0 0 0 0 0 0 0 0 0 0 0 0 0 0 0 0 0 0 0 '	,	0	,	0	,	0	,	""	);
INSERT INTO `item_instance` VALUES (	@ENTRY+85	,	33061	,	@vendeur_ah	,	0	,	0	,	1	,	0	,	'0 0 0 0 0 '	,	0	,	'0 0 0 0 0 0 0 0 0 0 0 0 0 0 0 0 0 0 0 0 0 0 0 0 0 0 0 0 0 0 0 0 0 0 0 0 0 0 0 0 0 0 '	,	0	,	0	,	0	,	""	);
INSERT INTO `item_instance` VALUES (	@ENTRY+86	,	33284	,	@vendeur_ah	,	0	,	0	,	1	,	0	,	'0 0 0 0 0 '	,	0	,	'0 0 0 0 0 0 0 0 0 0 0 0 0 0 0 0 0 0 0 0 0 0 0 0 0 0 0 0 0 0 0 0 0 0 0 0 0 0 0 0 0 0 '	,	0	,	0	,	0	,	""	);
INSERT INTO `item_instance` VALUES (	@ENTRY+87	,	33290	,	@vendeur_ah	,	0	,	0	,	1	,	0	,	'0 0 0 0 0 '	,	0	,	'0 0 0 0 0 0 0 0 0 0 0 0 0 0 0 0 0 0 0 0 0 0 0 0 0 0 0 0 0 0 0 0 0 0 0 0 0 0 0 0 0 0 '	,	0	,	0	,	0	,	""	);
INSERT INTO `item_instance` VALUES (	@ENTRY+88	,	33308	,	@vendeur_ah	,	0	,	0	,	1	,	0	,	'0 0 0 0 0 '	,	0	,	'0 0 0 0 0 0 0 0 0 0 0 0 0 0 0 0 0 0 0 0 0 0 0 0 0 0 0 0 0 0 0 0 0 0 0 0 0 0 0 0 0 0 '	,	0	,	0	,	0	,	""	);
INSERT INTO `item_instance` VALUES (	@ENTRY+89	,	34117	,	@vendeur_ah	,	0	,	0	,	1	,	0	,	'0 0 0 0 0 '	,	0	,	'0 0 0 0 0 0 0 0 0 0 0 0 0 0 0 0 0 0 0 0 0 0 0 0 0 0 0 0 0 0 0 0 0 0 0 0 0 0 0 0 0 0 '	,	0	,	0	,	0	,	""	);
INSERT INTO `item_instance` VALUES (	@ENTRY+90	,	34477	,	@vendeur_ah	,	0	,	0	,	1	,	0	,	'0 0 0 0 0 '	,	0	,	'0 0 0 0 0 0 0 0 0 0 0 0 0 0 0 0 0 0 0 0 0 0 0 0 0 0 0 0 0 0 0 0 0 0 0 0 0 0 0 0 0 0 '	,	0	,	0	,	0	,	""	);
INSERT INTO `item_instance` VALUES (	@ENTRY+91	,	34908	,	@vendeur_ah	,	0	,	0	,	1	,	0	,	'0 0 0 0 0 '	,	0	,	'0 0 0 0 0 0 0 0 0 0 0 0 0 0 0 0 0 0 0 0 0 0 0 0 0 0 0 0 0 0 0 0 0 0 0 0 0 0 0 0 0 0 '	,	0	,	0	,	0	,	""	);
INSERT INTO `item_instance` VALUES (	@ENTRY+92	,	35705	,	@vendeur_ah	,	0	,	0	,	1	,	0	,	'0 0 0 0 0 '	,	0	,	'0 0 0 0 0 0 0 0 0 0 0 0 0 0 0 0 0 0 0 0 0 0 0 0 0 0 0 0 0 0 0 0 0 0 0 0 0 0 0 0 0 0 '	,	0	,	0	,	0	,	""	);
INSERT INTO `item_instance` VALUES (	@ENTRY+93	,	36760	,	@vendeur_ah	,	0	,	0	,	1	,	0	,	'0 0 0 0 0 '	,	0	,	'0 0 0 0 0 0 0 0 0 0 0 0 0 0 0 0 0 0 0 0 0 0 0 0 0 0 0 0 0 0 0 0 0 0 0 0 0 0 0 0 0 0 '	,	0	,	0	,	0	,	""	);
INSERT INTO `item_instance` VALUES (	@ENTRY+94	,	38555	,	@vendeur_ah	,	0	,	0	,	1	,	0	,	'0 0 0 0 0 '	,	0	,	'0 0 0 0 0 0 0 0 0 0 0 0 0 0 0 0 0 0 0 0 0 0 0 0 0 0 0 0 0 0 0 0 0 0 0 0 0 0 0 0 0 0 '	,	0	,	0	,	0	,	""	);
INSERT INTO `item_instance` VALUES (	@ENTRY+95	,	40641	,	@vendeur_ah	,	0	,	0	,	1	,	0	,	'0 0 0 0 0 '	,	0	,	'0 0 0 0 0 0 0 0 0 0 0 0 0 0 0 0 0 0 0 0 0 0 0 0 0 0 0 0 0 0 0 0 0 0 0 0 0 0 0 0 0 0 '	,	0	,	0	,	0	,	""	);
INSERT INTO `item_instance` VALUES (	@ENTRY+96	,	40652	,	@vendeur_ah	,	0	,	0	,	1	,	0	,	'0 0 0 0 0 '	,	0	,	'0 0 0 0 0 0 0 0 0 0 0 0 0 0 0 0 0 0 0 0 0 0 0 0 0 0 0 0 0 0 0 0 0 0 0 0 0 0 0 0 0 0 '	,	0	,	0	,	0	,	""	);
INSERT INTO `item_instance` VALUES (	@ENTRY+97	,	40732	,	@vendeur_ah	,	0	,	0	,	1	,	0	,	'0 0 0 0 0 '	,	0	,	'0 0 0 0 0 0 0 0 0 0 0 0 0 0 0 0 0 0 0 0 0 0 0 0 0 0 0 0 0 0 0 0 0 0 0 0 0 0 0 0 0 0 '	,	0	,	0	,	0	,	""	);
INSERT INTO `item_instance` VALUES (	@ENTRY+98	,	41428	,	@vendeur_ah	,	0	,	0	,	1	,	0	,	'0 0 0 0 0 '	,	0	,	'0 0 0 0 0 0 0 0 0 0 0 0 0 0 0 0 0 0 0 0 0 0 0 0 0 0 0 0 0 0 0 0 0 0 0 0 0 0 0 0 0 0 '	,	0	,	0	,	0	,	""	);
INSERT INTO `item_instance` VALUES (	@ENTRY+99	,	42422	,	@vendeur_ah	,	0	,	0	,	1	,	0	,	'0 0 0 0 0 '	,	0	,	'0 0 0 0 0 0 0 0 0 0 0 0 0 0 0 0 0 0 0 0 0 0 0 0 0 0 0 0 0 0 0 0 0 0 0 0 0 0 0 0 0 0 '	,	0	,	0	,	0	,	""	);
INSERT INTO `item_instance` VALUES (	@ENTRY+100	,	42482	,	@vendeur_ah	,	0	,	0	,	1	,	0	,	'0 0 0 0 0 '	,	0	,	'0 0 0 0 0 0 0 0 0 0 0 0 0 0 0 0 0 0 0 0 0 0 0 0 0 0 0 0 0 0 0 0 0 0 0 0 0 0 0 0 0 0 '	,	0	,	0	,	0	,	""	);
INSERT INTO `item_instance` VALUES (	@ENTRY+101	,	43650	,	@vendeur_ah	,	0	,	0	,	1	,	0	,	'0 0 0 0 0 '	,	0	,	'0 0 0 0 0 0 0 0 0 0 0 0 0 0 0 0 0 0 0 0 0 0 0 0 0 0 0 0 0 0 0 0 0 0 0 0 0 0 0 0 0 0 '	,	0	,	0	,	0	,	""	);
INSERT INTO `item_instance` VALUES (	@ENTRY+102	,	44581	,	@vendeur_ah	,	0	,	0	,	1	,	0	,	'0 0 0 0 0 '	,	0	,	'0 0 0 0 0 0 0 0 0 0 0 0 0 0 0 0 0 0 0 0 0 0 0 0 0 0 0 0 0 0 0 0 0 0 0 0 0 0 0 0 0 0 '	,	0	,	0	,	0	,	""	);
INSERT INTO `item_instance` VALUES (	@ENTRY+103	,	44582	,	@vendeur_ah	,	0	,	0	,	1	,	0	,	'0 0 0 0 0 '	,	0	,	'0 0 0 0 0 0 0 0 0 0 0 0 0 0 0 0 0 0 0 0 0 0 0 0 0 0 0 0 0 0 0 0 0 0 0 0 0 0 0 0 0 0 '	,	0	,	0	,	0	,	""	);
INSERT INTO `item_instance` VALUES (	@ENTRY+104	,	44925	,	@vendeur_ah	,	0	,	0	,	1	,	0	,	'0 0 0 0 0 '	,	0	,	'0 0 0 0 0 0 0 0 0 0 0 0 0 0 0 0 0 0 0 0 0 0 0 0 0 0 0 0 0 0 0 0 0 0 0 0 0 0 0 0 0 0 '	,	0	,	0	,	0	,	""	);
INSERT INTO `item_instance` VALUES (	@ENTRY+105	,	45040	,	@vendeur_ah	,	0	,	0	,	1	,	0	,	'0 0 0 0 0 '	,	0	,	'0 0 0 0 0 0 0 0 0 0 0 0 0 0 0 0 0 0 0 0 0 0 0 0 0 0 0 0 0 0 0 0 0 0 0 0 0 0 0 0 0 0 '	,	0	,	0	,	0	,	""	);
INSERT INTO `item_instance` VALUES (	@ENTRY+106	,	45796	,	@vendeur_ah	,	0	,	0	,	1	,	0	,	'0 0 0 0 0 '	,	0	,	'0 0 0 0 0 0 0 0 0 0 0 0 0 0 0 0 0 0 0 0 0 0 0 0 0 0 0 0 0 0 0 0 0 0 0 0 0 0 0 0 0 0 '	,	0	,	0	,	0	,	""	);
INSERT INTO `item_instance` VALUES (	@ENTRY+107	,	46808	,	@vendeur_ah	,	0	,	0	,	1	,	0	,	'0 0 0 0 0 '	,	0	,	'0 0 0 0 0 0 0 0 0 0 0 0 0 0 0 0 0 0 0 0 0 0 0 0 0 0 0 0 0 0 0 0 0 0 0 0 0 0 0 0 0 0 '	,	0	,	0	,	0	,	""	);
INSERT INTO `item_instance` VALUES (	@ENTRY+108	,	46895	,	@vendeur_ah	,	0	,	0	,	1	,	0	,	'0 0 0 0 0 '	,	0	,	'0 0 0 0 0 0 0 0 0 0 0 0 0 0 0 0 0 0 0 0 0 0 0 0 0 0 0 0 0 0 0 0 0 0 0 0 0 0 0 0 0 0 '	,	0	,	0	,	0	,	""	);
INSERT INTO `item_instance` VALUES (	@ENTRY+109	,	49533	,	@vendeur_ah	,	0	,	0	,	1	,	0	,	'0 0 0 0 0 '	,	0	,	'0 0 0 0 0 0 0 0 0 0 0 0 0 0 0 0 0 0 0 0 0 0 0 0 0 0 0 0 0 0 0 0 0 0 0 0 0 0 0 0 0 0 '	,	0	,	0	,	0	,	""	);
INSERT INTO `item_instance` VALUES (	@ENTRY+110	,	49881	,	@vendeur_ah	,	0	,	0	,	1	,	0	,	'0 0 0 0 0 '	,	0	,	'0 0 0 0 0 0 0 0 0 0 0 0 0 0 0 0 0 0 0 0 0 0 0 0 0 0 0 0 0 0 0 0 0 0 0 0 0 0 0 0 0 0 '	,	0	,	0	,	0	,	""	);
INSERT INTO `item_instance` VALUES (	@ENTRY+111	,	53139	,	@vendeur_ah	,	0	,	0	,	1	,	0	,	'0 0 0 0 0 '	,	0	,	'0 0 0 0 0 0 0 0 0 0 0 0 0 0 0 0 0 0 0 0 0 0 0 0 0 0 0 0 0 0 0 0 0 0 0 0 0 0 0 0 0 0 '	,	0	,	0	,	0	,	""	);
INSERT INTO `item_instance` VALUES (	@ENTRY+112	,	55200	,	@vendeur_ah	,	0	,	0	,	1	,	0	,	'0 0 0 0 0 '	,	0	,	'0 0 0 0 0 0 0 0 0 0 0 0 0 0 0 0 0 0 0 0 0 0 0 0 0 0 0 0 0 0 0 0 0 0 0 0 0 0 0 0 0 0 '	,	0	,	0	,	0	,	""	);
INSERT INTO `item_instance` VALUES (	@ENTRY+113	,	55213	,	@vendeur_ah	,	0	,	0	,	1	,	0	,	'0 0 0 0 0 '	,	0	,	'0 0 0 0 0 0 0 0 0 0 0 0 0 0 0 0 0 0 0 0 0 0 0 0 0 0 0 0 0 0 0 0 0 0 0 0 0 0 0 0 0 0 '	,	0	,	0	,	0	,	""	);
INSERT INTO `item_instance` VALUES (	@ENTRY+114	,	58950	,	@vendeur_ah	,	0	,	0	,	1	,	0	,	'0 0 0 0 0 '	,	0	,	'0 0 0 0 0 0 0 0 0 0 0 0 0 0 0 0 0 0 0 0 0 0 0 0 0 0 0 0 0 0 0 0 0 0 0 0 0 0 0 0 0 0 '	,	0	,	0	,	0	,	""	);
INSERT INTO `item_instance` VALUES (	@ENTRY+115	,	58969	,	@vendeur_ah	,	0	,	0	,	1	,	0	,	'0 0 0 0 0 '	,	0	,	'0 0 0 0 0 0 0 0 0 0 0 0 0 0 0 0 0 0 0 0 0 0 0 0 0 0 0 0 0 0 0 0 0 0 0 0 0 0 0 0 0 0 '	,	0	,	0	,	0	,	""	);
INSERT INTO `item_instance` VALUES (	@ENTRY+116	,	59033	,	@vendeur_ah	,	0	,	0	,	1	,	0	,	'0 0 0 0 0 '	,	0	,	'0 0 0 0 0 0 0 0 0 0 0 0 0 0 0 0 0 0 0 0 0 0 0 0 0 0 0 0 0 0 0 0 0 0 0 0 0 0 0 0 0 0 '	,	0	,	0	,	0	,	""	);
INSERT INTO `item_instance` VALUES (	@ENTRY+117	,	59261	,	@vendeur_ah	,	0	,	0	,	1	,	0	,	'0 0 0 0 0 '	,	0	,	'0 0 0 0 0 0 0 0 0 0 0 0 0 0 0 0 0 0 0 0 0 0 0 0 0 0 0 0 0 0 0 0 0 0 0 0 0 0 0 0 0 0 '	,	0	,	0	,	0	,	""	);
INSERT INTO `item_instance` VALUES (	@ENTRY+118	,	59522	,	@vendeur_ah	,	0	,	0	,	1	,	0	,	'0 0 0 0 0 '	,	0	,	'0 0 0 0 0 0 0 0 0 0 0 0 0 0 0 0 0 0 0 0 0 0 0 0 0 0 0 0 0 0 0 0 0 0 0 0 0 0 0 0 0 0 '	,	0	,	0	,	0	,	""	);
INSERT INTO `item_instance` VALUES (	@ENTRY+119	,	60739	,	@vendeur_ah	,	0	,	0	,	1	,	0	,	'0 0 0 0 0 '	,	0	,	'0 0 0 0 0 0 0 0 0 0 0 0 0 0 0 0 0 0 0 0 0 0 0 0 0 0 0 0 0 0 0 0 0 0 0 0 0 0 0 0 0 0 '	,	0	,	0	,	0	,	""	);
INSERT INTO `item_instance` VALUES (	@ENTRY+120	,	62608	,	@vendeur_ah	,	0	,	0	,	1	,	0	,	'0 0 0 0 0 '	,	0	,	'0 0 0 0 0 0 0 0 0 0 0 0 0 0 0 0 0 0 0 0 0 0 0 0 0 0 0 0 0 0 0 0 0 0 0 0 0 0 0 0 0 0 '	,	0	,	0	,	0	,	""	);
INSERT INTO `item_instance` VALUES (	@ENTRY+121	,	62817	,	@vendeur_ah	,	0	,	0	,	1	,	0	,	'0 0 0 0 0 '	,	0	,	'0 0 0 0 0 0 0 0 0 0 0 0 0 0 0 0 0 0 0 0 0 0 0 0 0 0 0 0 0 0 0 0 0 0 0 0 0 0 0 0 0 0 '	,	0	,	0	,	0	,	""	);
INSERT INTO `item_instance` VALUES (	@ENTRY+122	,	62926	,	@vendeur_ah	,	0	,	0	,	1	,	0	,	'0 0 0 0 0 '	,	0	,	'0 0 0 0 0 0 0 0 0 0 0 0 0 0 0 0 0 0 0 0 0 0 0 0 0 0 0 0 0 0 0 0 0 0 0 0 0 0 0 0 0 0 '	,	0	,	0	,	0	,	""	);
INSERT INTO `item_instance` VALUES (	@ENTRY+123	,	64663	,	@vendeur_ah	,	0	,	0	,	1	,	0	,	'0 0 0 0 0 '	,	0	,	'0 0 0 0 0 0 0 0 0 0 0 0 0 0 0 0 0 0 0 0 0 0 0 0 0 0 0 0 0 0 0 0 0 0 0 0 0 0 0 0 0 0 '	,	0	,	0	,	0	,	""	);














INSERT INTO `auctionhouse` VALUES (	@newENTRY+1	,	@faction_ah	,	@ENTRY+1	,	@vendeur_ah	,	10374	,	 UNIX_TIMESTAMP( ADDDATE(now(), INTERVAL floor(1+37*rand()) HOUR)) 	,	0	,	0	,	10374	,	1038	);
INSERT INTO `auctionhouse` VALUES (	@newENTRY+2	,	@faction_ah	,	@ENTRY+2	,	@vendeur_ah	,	45852	,	 UNIX_TIMESTAMP( ADDDATE(now(), INTERVAL floor(1+37*rand()) HOUR)) 	,	0	,	0	,	45852	,	4586	);
INSERT INTO `auctionhouse` VALUES (	@newENTRY+3	,	@faction_ah	,	@ENTRY+3	,	@vendeur_ah	,	11072	,	 UNIX_TIMESTAMP( ADDDATE(now(), INTERVAL floor(1+37*rand()) HOUR)) 	,	0	,	0	,	11072	,	1108	);
INSERT INTO `auctionhouse` VALUES (	@newENTRY+4	,	@faction_ah	,	@ENTRY+4	,	@vendeur_ah	,	54196	,	 UNIX_TIMESTAMP( ADDDATE(now(), INTERVAL floor(1+37*rand()) HOUR)) 	,	0	,	0	,	54196	,	5421	);
INSERT INTO `auctionhouse` VALUES (	@newENTRY+5	,	@faction_ah	,	@ENTRY+5	,	@vendeur_ah	,	27218	,	 UNIX_TIMESTAMP( ADDDATE(now(), INTERVAL floor(1+37*rand()) HOUR)) 	,	0	,	0	,	27218	,	2723	);
INSERT INTO `auctionhouse` VALUES (	@newENTRY+6	,	@faction_ah	,	@ENTRY+6	,	@vendeur_ah	,	27834	,	 UNIX_TIMESTAMP( ADDDATE(now(), INTERVAL floor(1+37*rand()) HOUR)) 	,	0	,	0	,	27834	,	2784	);
INSERT INTO `auctionhouse` VALUES (	@newENTRY+7	,	@faction_ah	,	@ENTRY+7	,	@vendeur_ah	,	58126	,	 UNIX_TIMESTAMP( ADDDATE(now(), INTERVAL floor(1+37*rand()) HOUR)) 	,	0	,	0	,	58126	,	5814	);
INSERT INTO `auctionhouse` VALUES (	@newENTRY+8	,	@faction_ah	,	@ENTRY+8	,	@vendeur_ah	,	17826	,	 UNIX_TIMESTAMP( ADDDATE(now(), INTERVAL floor(1+37*rand()) HOUR)) 	,	0	,	0	,	17826	,	1784	);
INSERT INTO `auctionhouse` VALUES (	@newENTRY+9	,	@faction_ah	,	@ENTRY+9	,	@vendeur_ah	,	48158	,	 UNIX_TIMESTAMP( ADDDATE(now(), INTERVAL floor(1+37*rand()) HOUR)) 	,	0	,	0	,	48158	,	4817	);
INSERT INTO `auctionhouse` VALUES (	@newENTRY+10	,	@faction_ah	,	@ENTRY+10	,	@vendeur_ah	,	35809	,	 UNIX_TIMESTAMP( ADDDATE(now(), INTERVAL floor(1+37*rand()) HOUR)) 	,	0	,	0	,	35809	,	3582	);
INSERT INTO `auctionhouse` VALUES (	@newENTRY+11	,	@faction_ah	,	@ENTRY+11	,	@vendeur_ah	,	31402	,	 UNIX_TIMESTAMP( ADDDATE(now(), INTERVAL floor(1+37*rand()) HOUR)) 	,	0	,	0	,	31402	,	3141	);
INSERT INTO `auctionhouse` VALUES (	@newENTRY+12	,	@faction_ah	,	@ENTRY+12	,	@vendeur_ah	,	26252	,	 UNIX_TIMESTAMP( ADDDATE(now(), INTERVAL floor(1+37*rand()) HOUR)) 	,	0	,	0	,	26252	,	2626	);
INSERT INTO `auctionhouse` VALUES (	@newENTRY+13	,	@faction_ah	,	@ENTRY+13	,	@vendeur_ah	,	19912	,	 UNIX_TIMESTAMP( ADDDATE(now(), INTERVAL floor(1+37*rand()) HOUR)) 	,	0	,	0	,	19912	,	1992	);
INSERT INTO `auctionhouse` VALUES (	@newENTRY+14	,	@faction_ah	,	@ENTRY+14	,	@vendeur_ah	,	19722	,	 UNIX_TIMESTAMP( ADDDATE(now(), INTERVAL floor(1+37*rand()) HOUR)) 	,	0	,	0	,	19722	,	1973	);
INSERT INTO `auctionhouse` VALUES (	@newENTRY+15	,	@faction_ah	,	@ENTRY+15	,	@vendeur_ah	,	44192	,	 UNIX_TIMESTAMP( ADDDATE(now(), INTERVAL floor(1+37*rand()) HOUR)) 	,	0	,	0	,	44192	,	4420	);
INSERT INTO `auctionhouse` VALUES (	@newENTRY+16	,	@faction_ah	,	@ENTRY+16	,	@vendeur_ah	,	44665	,	 UNIX_TIMESTAMP( ADDDATE(now(), INTERVAL floor(1+37*rand()) HOUR)) 	,	0	,	0	,	44665	,	4468	);
INSERT INTO `auctionhouse` VALUES (	@newENTRY+17	,	@faction_ah	,	@ENTRY+17	,	@vendeur_ah	,	31929	,	 UNIX_TIMESTAMP( ADDDATE(now(), INTERVAL floor(1+37*rand()) HOUR)) 	,	0	,	0	,	31929	,	3194	);
INSERT INTO `auctionhouse` VALUES (	@newENTRY+18	,	@faction_ah	,	@ENTRY+18	,	@vendeur_ah	,	11710	,	 UNIX_TIMESTAMP( ADDDATE(now(), INTERVAL floor(1+37*rand()) HOUR)) 	,	0	,	0	,	11710	,	1172	);
INSERT INTO `auctionhouse` VALUES (	@newENTRY+19	,	@faction_ah	,	@ENTRY+19	,	@vendeur_ah	,	59517	,	 UNIX_TIMESTAMP( ADDDATE(now(), INTERVAL floor(1+37*rand()) HOUR)) 	,	0	,	0	,	59517	,	5953	);
INSERT INTO `auctionhouse` VALUES (	@newENTRY+20	,	@faction_ah	,	@ENTRY+20	,	@vendeur_ah	,	6000	,	 UNIX_TIMESTAMP( ADDDATE(now(), INTERVAL floor(1+37*rand()) HOUR)) 	,	0	,	0	,	6000	,	601	);
INSERT INTO `auctionhouse` VALUES (	@newENTRY+21	,	@faction_ah	,	@ENTRY+21	,	@vendeur_ah	,	103411	,	 UNIX_TIMESTAMP( ADDDATE(now(), INTERVAL floor(1+37*rand()) HOUR)) 	,	0	,	0	,	103411	,	10342	);
INSERT INTO `auctionhouse` VALUES (	@newENTRY+22	,	@faction_ah	,	@ENTRY+22	,	@vendeur_ah	,	56236	,	 UNIX_TIMESTAMP( ADDDATE(now(), INTERVAL floor(1+37*rand()) HOUR)) 	,	0	,	0	,	56236	,	5625	);
INSERT INTO `auctionhouse` VALUES (	@newENTRY+23	,	@faction_ah	,	@ENTRY+23	,	@vendeur_ah	,	14371	,	 UNIX_TIMESTAMP( ADDDATE(now(), INTERVAL floor(1+37*rand()) HOUR)) 	,	0	,	0	,	14371	,	1438	);
INSERT INTO `auctionhouse` VALUES (	@newENTRY+24	,	@faction_ah	,	@ENTRY+24	,	@vendeur_ah	,	77035	,	 UNIX_TIMESTAMP( ADDDATE(now(), INTERVAL floor(1+37*rand()) HOUR)) 	,	0	,	0	,	77035	,	7705	);
INSERT INTO `auctionhouse` VALUES (	@newENTRY+25	,	@faction_ah	,	@ENTRY+25	,	@vendeur_ah	,	39592	,	 UNIX_TIMESTAMP( ADDDATE(now(), INTERVAL floor(1+37*rand()) HOUR)) 	,	0	,	0	,	39592	,	3960	);
INSERT INTO `auctionhouse` VALUES (	@newENTRY+26	,	@faction_ah	,	@ENTRY+26	,	@vendeur_ah	,	22892	,	 UNIX_TIMESTAMP( ADDDATE(now(), INTERVAL floor(1+37*rand()) HOUR)) 	,	0	,	0	,	22892	,	2290	);
INSERT INTO `auctionhouse` VALUES (	@newENTRY+27	,	@faction_ah	,	@ENTRY+27	,	@vendeur_ah	,	43735	,	 UNIX_TIMESTAMP( ADDDATE(now(), INTERVAL floor(1+37*rand()) HOUR)) 	,	0	,	0	,	43735	,	4375	);
INSERT INTO `auctionhouse` VALUES (	@newENTRY+28	,	@faction_ah	,	@ENTRY+28	,	@vendeur_ah	,	49803	,	 UNIX_TIMESTAMP( ADDDATE(now(), INTERVAL floor(1+37*rand()) HOUR)) 	,	0	,	0	,	49803	,	4981	);
INSERT INTO `auctionhouse` VALUES (	@newENTRY+29	,	@faction_ah	,	@ENTRY+29	,	@vendeur_ah	,	35536	,	 UNIX_TIMESTAMP( ADDDATE(now(), INTERVAL floor(1+37*rand()) HOUR)) 	,	0	,	0	,	35536	,	3555	);
INSERT INTO `auctionhouse` VALUES (	@newENTRY+30	,	@faction_ah	,	@ENTRY+30	,	@vendeur_ah	,	6000	,	 UNIX_TIMESTAMP( ADDDATE(now(), INTERVAL floor(1+37*rand()) HOUR)) 	,	0	,	0	,	6000	,	601	);
INSERT INTO `auctionhouse` VALUES (	@newENTRY+31	,	@faction_ah	,	@ENTRY+31	,	@vendeur_ah	,	62632	,	 UNIX_TIMESTAMP( ADDDATE(now(), INTERVAL floor(1+37*rand()) HOUR)) 	,	0	,	0	,	62632	,	6264	);
INSERT INTO `auctionhouse` VALUES (	@newENTRY+32	,	@faction_ah	,	@ENTRY+32	,	@vendeur_ah	,	18413	,	 UNIX_TIMESTAMP( ADDDATE(now(), INTERVAL floor(1+37*rand()) HOUR)) 	,	0	,	0	,	18413	,	1842	);
INSERT INTO `auctionhouse` VALUES (	@newENTRY+33	,	@faction_ah	,	@ENTRY+33	,	@vendeur_ah	,	10874	,	 UNIX_TIMESTAMP( ADDDATE(now(), INTERVAL floor(1+37*rand()) HOUR)) 	,	0	,	0	,	10874	,	1088	);
INSERT INTO `auctionhouse` VALUES (	@newENTRY+34	,	@faction_ah	,	@ENTRY+34	,	@vendeur_ah	,	29592	,	 UNIX_TIMESTAMP( ADDDATE(now(), INTERVAL floor(1+37*rand()) HOUR)) 	,	0	,	0	,	29592	,	2960	);
INSERT INTO `auctionhouse` VALUES (	@newENTRY+35	,	@faction_ah	,	@ENTRY+35	,	@vendeur_ah	,	22403	,	 UNIX_TIMESTAMP( ADDDATE(now(), INTERVAL floor(1+37*rand()) HOUR)) 	,	0	,	0	,	22403	,	2241	);
INSERT INTO `auctionhouse` VALUES (	@newENTRY+36	,	@faction_ah	,	@ENTRY+36	,	@vendeur_ah	,	42982	,	 UNIX_TIMESTAMP( ADDDATE(now(), INTERVAL floor(1+37*rand()) HOUR)) 	,	0	,	0	,	42982	,	4299	);
INSERT INTO `auctionhouse` VALUES (	@newENTRY+37	,	@faction_ah	,	@ENTRY+37	,	@vendeur_ah	,	56120	,	 UNIX_TIMESTAMP( ADDDATE(now(), INTERVAL floor(1+37*rand()) HOUR)) 	,	0	,	0	,	56120	,	5613	);
INSERT INTO `auctionhouse` VALUES (	@newENTRY+38	,	@faction_ah	,	@ENTRY+38	,	@vendeur_ah	,	44318	,	 UNIX_TIMESTAMP( ADDDATE(now(), INTERVAL floor(1+37*rand()) HOUR)) 	,	0	,	0	,	44318	,	4433	);
INSERT INTO `auctionhouse` VALUES (	@newENTRY+39	,	@faction_ah	,	@ENTRY+39	,	@vendeur_ah	,	18244	,	 UNIX_TIMESTAMP( ADDDATE(now(), INTERVAL floor(1+37*rand()) HOUR)) 	,	0	,	0	,	18244	,	1825	);
INSERT INTO `auctionhouse` VALUES (	@newENTRY+40	,	@faction_ah	,	@ENTRY+40	,	@vendeur_ah	,	58078	,	 UNIX_TIMESTAMP( ADDDATE(now(), INTERVAL floor(1+37*rand()) HOUR)) 	,	0	,	0	,	58078	,	5809	);
INSERT INTO `auctionhouse` VALUES (	@newENTRY+41	,	@faction_ah	,	@ENTRY+41	,	@vendeur_ah	,	31460	,	 UNIX_TIMESTAMP( ADDDATE(now(), INTERVAL floor(1+37*rand()) HOUR)) 	,	0	,	0	,	31460	,	3147	);
INSERT INTO `auctionhouse` VALUES (	@newENTRY+42	,	@faction_ah	,	@ENTRY+42	,	@vendeur_ah	,	52595	,	 UNIX_TIMESTAMP( ADDDATE(now(), INTERVAL floor(1+37*rand()) HOUR)) 	,	0	,	0	,	52595	,	5261	);
INSERT INTO `auctionhouse` VALUES (	@newENTRY+43	,	@faction_ah	,	@ENTRY+43	,	@vendeur_ah	,	54803	,	 UNIX_TIMESTAMP( ADDDATE(now(), INTERVAL floor(1+37*rand()) HOUR)) 	,	0	,	0	,	54803	,	5481	);
INSERT INTO `auctionhouse` VALUES (	@newENTRY+44	,	@faction_ah	,	@ENTRY+44	,	@vendeur_ah	,	16724	,	 UNIX_TIMESTAMP( ADDDATE(now(), INTERVAL floor(1+37*rand()) HOUR)) 	,	0	,	0	,	16724	,	1673	);
INSERT INTO `auctionhouse` VALUES (	@newENTRY+45	,	@faction_ah	,	@ENTRY+45	,	@vendeur_ah	,	61920	,	 UNIX_TIMESTAMP( ADDDATE(now(), INTERVAL floor(1+37*rand()) HOUR)) 	,	0	,	0	,	61920	,	6193	);
INSERT INTO `auctionhouse` VALUES (	@newENTRY+46	,	@faction_ah	,	@ENTRY+46	,	@vendeur_ah	,	60749	,	 UNIX_TIMESTAMP( ADDDATE(now(), INTERVAL floor(1+37*rand()) HOUR)) 	,	0	,	0	,	60749	,	6076	);
INSERT INTO `auctionhouse` VALUES (	@newENTRY+47	,	@faction_ah	,	@ENTRY+47	,	@vendeur_ah	,	6856	,	 UNIX_TIMESTAMP( ADDDATE(now(), INTERVAL floor(1+37*rand()) HOUR)) 	,	0	,	0	,	6856	,	687	);
INSERT INTO `auctionhouse` VALUES (	@newENTRY+48	,	@faction_ah	,	@ENTRY+48	,	@vendeur_ah	,	50299	,	 UNIX_TIMESTAMP( ADDDATE(now(), INTERVAL floor(1+37*rand()) HOUR)) 	,	0	,	0	,	50299	,	5031	);
INSERT INTO `auctionhouse` VALUES (	@newENTRY+49	,	@faction_ah	,	@ENTRY+49	,	@vendeur_ah	,	48492	,	 UNIX_TIMESTAMP( ADDDATE(now(), INTERVAL floor(1+37*rand()) HOUR)) 	,	0	,	0	,	48492	,	4850	);
INSERT INTO `auctionhouse` VALUES (	@newENTRY+50	,	@faction_ah	,	@ENTRY+50	,	@vendeur_ah	,	50289	,	 UNIX_TIMESTAMP( ADDDATE(now(), INTERVAL floor(1+37*rand()) HOUR)) 	,	0	,	0	,	50289	,	5030	);
INSERT INTO `auctionhouse` VALUES (	@newENTRY+51	,	@faction_ah	,	@ENTRY+51	,	@vendeur_ah	,	19466	,	 UNIX_TIMESTAMP( ADDDATE(now(), INTERVAL floor(1+37*rand()) HOUR)) 	,	0	,	0	,	19466	,	1948	);
INSERT INTO `auctionhouse` VALUES (	@newENTRY+52	,	@faction_ah	,	@ENTRY+52	,	@vendeur_ah	,	7183	,	 UNIX_TIMESTAMP( ADDDATE(now(), INTERVAL floor(1+37*rand()) HOUR)) 	,	0	,	0	,	7183	,	719	);
INSERT INTO `auctionhouse` VALUES (	@newENTRY+53	,	@faction_ah	,	@ENTRY+53	,	@vendeur_ah	,	23027	,	 UNIX_TIMESTAMP( ADDDATE(now(), INTERVAL floor(1+37*rand()) HOUR)) 	,	0	,	0	,	23027	,	2304	);
INSERT INTO `auctionhouse` VALUES (	@newENTRY+54	,	@faction_ah	,	@ENTRY+54	,	@vendeur_ah	,	20156	,	 UNIX_TIMESTAMP( ADDDATE(now(), INTERVAL floor(1+37*rand()) HOUR)) 	,	0	,	0	,	20156	,	2017	);
INSERT INTO `auctionhouse` VALUES (	@newENTRY+55	,	@faction_ah	,	@ENTRY+55	,	@vendeur_ah	,	20871	,	 UNIX_TIMESTAMP( ADDDATE(now(), INTERVAL floor(1+37*rand()) HOUR)) 	,	0	,	0	,	20871	,	2088	);
INSERT INTO `auctionhouse` VALUES (	@newENTRY+56	,	@faction_ah	,	@ENTRY+56	,	@vendeur_ah	,	54818	,	 UNIX_TIMESTAMP( ADDDATE(now(), INTERVAL floor(1+37*rand()) HOUR)) 	,	0	,	0	,	54818	,	5483	);
INSERT INTO `auctionhouse` VALUES (	@newENTRY+57	,	@faction_ah	,	@ENTRY+57	,	@vendeur_ah	,	27958	,	 UNIX_TIMESTAMP( ADDDATE(now(), INTERVAL floor(1+37*rand()) HOUR)) 	,	0	,	0	,	27958	,	2797	);
INSERT INTO `auctionhouse` VALUES (	@newENTRY+58	,	@faction_ah	,	@ENTRY+58	,	@vendeur_ah	,	27812	,	 UNIX_TIMESTAMP( ADDDATE(now(), INTERVAL floor(1+37*rand()) HOUR)) 	,	0	,	0	,	27812	,	2782	);
INSERT INTO `auctionhouse` VALUES (	@newENTRY+59	,	@faction_ah	,	@ENTRY+59	,	@vendeur_ah	,	26131	,	 UNIX_TIMESTAMP( ADDDATE(now(), INTERVAL floor(1+37*rand()) HOUR)) 	,	0	,	0	,	26131	,	2614	);
INSERT INTO `auctionhouse` VALUES (	@newENTRY+60	,	@faction_ah	,	@ENTRY+60	,	@vendeur_ah	,	91356	,	 UNIX_TIMESTAMP( ADDDATE(now(), INTERVAL floor(1+37*rand()) HOUR)) 	,	0	,	0	,	91356	,	9137	);
INSERT INTO `auctionhouse` VALUES (	@newENTRY+61	,	@faction_ah	,	@ENTRY+61	,	@vendeur_ah	,	8109	,	 UNIX_TIMESTAMP( ADDDATE(now(), INTERVAL floor(1+37*rand()) HOUR)) 	,	0	,	0	,	8109	,	812	);
INSERT INTO `auctionhouse` VALUES (	@newENTRY+62	,	@faction_ah	,	@ENTRY+62	,	@vendeur_ah	,	48896	,	 UNIX_TIMESTAMP( ADDDATE(now(), INTERVAL floor(1+37*rand()) HOUR)) 	,	0	,	0	,	48896	,	4891	);
INSERT INTO `auctionhouse` VALUES (	@newENTRY+63	,	@faction_ah	,	@ENTRY+63	,	@vendeur_ah	,	72810	,	 UNIX_TIMESTAMP( ADDDATE(now(), INTERVAL floor(1+37*rand()) HOUR)) 	,	0	,	0	,	72810	,	7282	);
INSERT INTO `auctionhouse` VALUES (	@newENTRY+64	,	@faction_ah	,	@ENTRY+64	,	@vendeur_ah	,	31757	,	 UNIX_TIMESTAMP( ADDDATE(now(), INTERVAL floor(1+37*rand()) HOUR)) 	,	0	,	0	,	31757	,	3177	);
INSERT INTO `auctionhouse` VALUES (	@newENTRY+65	,	@faction_ah	,	@ENTRY+65	,	@vendeur_ah	,	24402	,	 UNIX_TIMESTAMP( ADDDATE(now(), INTERVAL floor(1+37*rand()) HOUR)) 	,	0	,	0	,	24402	,	2441	);
INSERT INTO `auctionhouse` VALUES (	@newENTRY+66	,	@faction_ah	,	@ENTRY+66	,	@vendeur_ah	,	56467	,	 UNIX_TIMESTAMP( ADDDATE(now(), INTERVAL floor(1+37*rand()) HOUR)) 	,	0	,	0	,	56467	,	5648	);
INSERT INTO `auctionhouse` VALUES (	@newENTRY+67	,	@faction_ah	,	@ENTRY+67	,	@vendeur_ah	,	61305	,	 UNIX_TIMESTAMP( ADDDATE(now(), INTERVAL floor(1+37*rand()) HOUR)) 	,	0	,	0	,	61305	,	6132	);
INSERT INTO `auctionhouse` VALUES (	@newENTRY+68	,	@faction_ah	,	@ENTRY+68	,	@vendeur_ah	,	54256	,	 UNIX_TIMESTAMP( ADDDATE(now(), INTERVAL floor(1+37*rand()) HOUR)) 	,	0	,	0	,	54256	,	5427	);
INSERT INTO `auctionhouse` VALUES (	@newENTRY+69	,	@faction_ah	,	@ENTRY+69	,	@vendeur_ah	,	22524	,	 UNIX_TIMESTAMP( ADDDATE(now(), INTERVAL floor(1+37*rand()) HOUR)) 	,	0	,	0	,	22524	,	2253	);
INSERT INTO `auctionhouse` VALUES (	@newENTRY+70	,	@faction_ah	,	@ENTRY+70	,	@vendeur_ah	,	44373	,	 UNIX_TIMESTAMP( ADDDATE(now(), INTERVAL floor(1+37*rand()) HOUR)) 	,	0	,	0	,	44373	,	4438	);
INSERT INTO `auctionhouse` VALUES (	@newENTRY+71	,	@faction_ah	,	@ENTRY+71	,	@vendeur_ah	,	13458	,	 UNIX_TIMESTAMP( ADDDATE(now(), INTERVAL floor(1+37*rand()) HOUR)) 	,	0	,	0	,	13458	,	1347	);
INSERT INTO `auctionhouse` VALUES (	@newENTRY+72	,	@faction_ah	,	@ENTRY+72	,	@vendeur_ah	,	25338	,	 UNIX_TIMESTAMP( ADDDATE(now(), INTERVAL floor(1+37*rand()) HOUR)) 	,	0	,	0	,	25338	,	2535	);
INSERT INTO `auctionhouse` VALUES (	@newENTRY+73	,	@faction_ah	,	@ENTRY+73	,	@vendeur_ah	,	45553	,	 UNIX_TIMESTAMP( ADDDATE(now(), INTERVAL floor(1+37*rand()) HOUR)) 	,	0	,	0	,	45553	,	4556	);
INSERT INTO `auctionhouse` VALUES (	@newENTRY+74	,	@faction_ah	,	@ENTRY+74	,	@vendeur_ah	,	37996	,	 UNIX_TIMESTAMP( ADDDATE(now(), INTERVAL floor(1+37*rand()) HOUR)) 	,	0	,	0	,	37996	,	3801	);
INSERT INTO `auctionhouse` VALUES (	@newENTRY+75	,	@faction_ah	,	@ENTRY+75	,	@vendeur_ah	,	61329	,	 UNIX_TIMESTAMP( ADDDATE(now(), INTERVAL floor(1+37*rand()) HOUR)) 	,	0	,	0	,	61329	,	6134	);
INSERT INTO `auctionhouse` VALUES (	@newENTRY+76	,	@faction_ah	,	@ENTRY+76	,	@vendeur_ah	,	46158	,	 UNIX_TIMESTAMP( ADDDATE(now(), INTERVAL floor(1+37*rand()) HOUR)) 	,	0	,	0	,	46158	,	4617	);
INSERT INTO `auctionhouse` VALUES (	@newENTRY+77	,	@faction_ah	,	@ENTRY+77	,	@vendeur_ah	,	35429	,	 UNIX_TIMESTAMP( ADDDATE(now(), INTERVAL floor(1+37*rand()) HOUR)) 	,	0	,	0	,	35429	,	3544	);
INSERT INTO `auctionhouse` VALUES (	@newENTRY+78	,	@faction_ah	,	@ENTRY+78	,	@vendeur_ah	,	29068	,	 UNIX_TIMESTAMP( ADDDATE(now(), INTERVAL floor(1+37*rand()) HOUR)) 	,	0	,	0	,	29068	,	2908	);
INSERT INTO `auctionhouse` VALUES (	@newENTRY+79	,	@faction_ah	,	@ENTRY+79	,	@vendeur_ah	,	61042	,	 UNIX_TIMESTAMP( ADDDATE(now(), INTERVAL floor(1+37*rand()) HOUR)) 	,	0	,	0	,	61042	,	6105	);
INSERT INTO `auctionhouse` VALUES (	@newENTRY+80	,	@faction_ah	,	@ENTRY+80	,	@vendeur_ah	,	31771	,	 UNIX_TIMESTAMP( ADDDATE(now(), INTERVAL floor(1+37*rand()) HOUR)) 	,	0	,	0	,	31771	,	3178	);
INSERT INTO `auctionhouse` VALUES (	@newENTRY+81	,	@faction_ah	,	@ENTRY+81	,	@vendeur_ah	,	37536	,	 UNIX_TIMESTAMP( ADDDATE(now(), INTERVAL floor(1+37*rand()) HOUR)) 	,	0	,	0	,	37536	,	3755	);
INSERT INTO `auctionhouse` VALUES (	@newENTRY+82	,	@faction_ah	,	@ENTRY+82	,	@vendeur_ah	,	68614	,	 UNIX_TIMESTAMP( ADDDATE(now(), INTERVAL floor(1+37*rand()) HOUR)) 	,	0	,	0	,	68614	,	6862	);
INSERT INTO `auctionhouse` VALUES (	@newENTRY+83	,	@faction_ah	,	@ENTRY+83	,	@vendeur_ah	,	56723	,	 UNIX_TIMESTAMP( ADDDATE(now(), INTERVAL floor(1+37*rand()) HOUR)) 	,	0	,	0	,	56723	,	5673	);
INSERT INTO `auctionhouse` VALUES (	@newENTRY+84	,	@faction_ah	,	@ENTRY+84	,	@vendeur_ah	,	55264	,	 UNIX_TIMESTAMP( ADDDATE(now(), INTERVAL floor(1+37*rand()) HOUR)) 	,	0	,	0	,	55264	,	5527	);
INSERT INTO `auctionhouse` VALUES (	@newENTRY+85	,	@faction_ah	,	@ENTRY+85	,	@vendeur_ah	,	6000	,	 UNIX_TIMESTAMP( ADDDATE(now(), INTERVAL floor(1+37*rand()) HOUR)) 	,	0	,	0	,	6000	,	601	);
INSERT INTO `auctionhouse` VALUES (	@newENTRY+86	,	@faction_ah	,	@ENTRY+86	,	@vendeur_ah	,	20767	,	 UNIX_TIMESTAMP( ADDDATE(now(), INTERVAL floor(1+37*rand()) HOUR)) 	,	0	,	0	,	20767	,	2078	);
INSERT INTO `auctionhouse` VALUES (	@newENTRY+87	,	@faction_ah	,	@ENTRY+87	,	@vendeur_ah	,	56777	,	 UNIX_TIMESTAMP( ADDDATE(now(), INTERVAL floor(1+37*rand()) HOUR)) 	,	0	,	0	,	56777	,	5679	);
INSERT INTO `auctionhouse` VALUES (	@newENTRY+88	,	@faction_ah	,	@ENTRY+88	,	@vendeur_ah	,	50067	,	 UNIX_TIMESTAMP( ADDDATE(now(), INTERVAL floor(1+37*rand()) HOUR)) 	,	0	,	0	,	50067	,	5008	);
INSERT INTO `auctionhouse` VALUES (	@newENTRY+89	,	@faction_ah	,	@ENTRY+89	,	@vendeur_ah	,	22497	,	 UNIX_TIMESTAMP( ADDDATE(now(), INTERVAL floor(1+37*rand()) HOUR)) 	,	0	,	0	,	22497	,	2251	);
INSERT INTO `auctionhouse` VALUES (	@newENTRY+90	,	@faction_ah	,	@ENTRY+90	,	@vendeur_ah	,	16257	,	 UNIX_TIMESTAMP( ADDDATE(now(), INTERVAL floor(1+37*rand()) HOUR)) 	,	0	,	0	,	16257	,	1627	);
INSERT INTO `auctionhouse` VALUES (	@newENTRY+91	,	@faction_ah	,	@ENTRY+91	,	@vendeur_ah	,	32800	,	 UNIX_TIMESTAMP( ADDDATE(now(), INTERVAL floor(1+37*rand()) HOUR)) 	,	0	,	0	,	32800	,	3281	);
INSERT INTO `auctionhouse` VALUES (	@newENTRY+92	,	@faction_ah	,	@ENTRY+92	,	@vendeur_ah	,	10325	,	 UNIX_TIMESTAMP( ADDDATE(now(), INTERVAL floor(1+37*rand()) HOUR)) 	,	0	,	0	,	10325	,	1034	);
INSERT INTO `auctionhouse` VALUES (	@newENTRY+93	,	@faction_ah	,	@ENTRY+93	,	@vendeur_ah	,	32973	,	 UNIX_TIMESTAMP( ADDDATE(now(), INTERVAL floor(1+37*rand()) HOUR)) 	,	0	,	0	,	32973	,	3298	);
INSERT INTO `auctionhouse` VALUES (	@newENTRY+94	,	@faction_ah	,	@ENTRY+94	,	@vendeur_ah	,	30492	,	 UNIX_TIMESTAMP( ADDDATE(now(), INTERVAL floor(1+37*rand()) HOUR)) 	,	0	,	0	,	30492	,	3050	);
INSERT INTO `auctionhouse` VALUES (	@newENTRY+95	,	@faction_ah	,	@ENTRY+95	,	@vendeur_ah	,	6267	,	 UNIX_TIMESTAMP( ADDDATE(now(), INTERVAL floor(1+37*rand()) HOUR)) 	,	0	,	0	,	6267	,	628	);
INSERT INTO `auctionhouse` VALUES (	@newENTRY+96	,	@faction_ah	,	@ENTRY+96	,	@vendeur_ah	,	39871	,	 UNIX_TIMESTAMP( ADDDATE(now(), INTERVAL floor(1+37*rand()) HOUR)) 	,	0	,	0	,	39871	,	3988	);
INSERT INTO `auctionhouse` VALUES (	@newENTRY+97	,	@faction_ah	,	@ENTRY+97	,	@vendeur_ah	,	31303	,	 UNIX_TIMESTAMP( ADDDATE(now(), INTERVAL floor(1+37*rand()) HOUR)) 	,	0	,	0	,	31303	,	3131	);
INSERT INTO `auctionhouse` VALUES (	@newENTRY+98	,	@faction_ah	,	@ENTRY+98	,	@vendeur_ah	,	6000	,	 UNIX_TIMESTAMP( ADDDATE(now(), INTERVAL floor(1+37*rand()) HOUR)) 	,	0	,	0	,	6000	,	601	);
INSERT INTO `auctionhouse` VALUES (	@newENTRY+99	,	@faction_ah	,	@ENTRY+99	,	@vendeur_ah	,	52827	,	 UNIX_TIMESTAMP( ADDDATE(now(), INTERVAL floor(1+37*rand()) HOUR)) 	,	0	,	0	,	52827	,	5284	);
INSERT INTO `auctionhouse` VALUES (	@newENTRY+100	,	@faction_ah	,	@ENTRY+100	,	@vendeur_ah	,	45952	,	 UNIX_TIMESTAMP( ADDDATE(now(), INTERVAL floor(1+37*rand()) HOUR)) 	,	0	,	0	,	45952	,	4596	);
INSERT INTO `auctionhouse` VALUES (	@newENTRY+101	,	@faction_ah	,	@ENTRY+101	,	@vendeur_ah	,	14825	,	 UNIX_TIMESTAMP( ADDDATE(now(), INTERVAL floor(1+37*rand()) HOUR)) 	,	0	,	0	,	14825	,	1484	);
INSERT INTO `auctionhouse` VALUES (	@newENTRY+102	,	@faction_ah	,	@ENTRY+102	,	@vendeur_ah	,	70001	,	 UNIX_TIMESTAMP( ADDDATE(now(), INTERVAL floor(1+37*rand()) HOUR)) 	,	0	,	0	,	70001	,	7001	);
INSERT INTO `auctionhouse` VALUES (	@newENTRY+103	,	@faction_ah	,	@ENTRY+103	,	@vendeur_ah	,	88669	,	 UNIX_TIMESTAMP( ADDDATE(now(), INTERVAL floor(1+37*rand()) HOUR)) 	,	0	,	0	,	88669	,	8868	);
INSERT INTO `auctionhouse` VALUES (	@newENTRY+104	,	@faction_ah	,	@ENTRY+104	,	@vendeur_ah	,	15214	,	 UNIX_TIMESTAMP( ADDDATE(now(), INTERVAL floor(1+37*rand()) HOUR)) 	,	0	,	0	,	15214	,	1522	);
INSERT INTO `auctionhouse` VALUES (	@newENTRY+105	,	@faction_ah	,	@ENTRY+105	,	@vendeur_ah	,	14218	,	 UNIX_TIMESTAMP( ADDDATE(now(), INTERVAL floor(1+37*rand()) HOUR)) 	,	0	,	0	,	14218	,	1423	);
INSERT INTO `auctionhouse` VALUES (	@newENTRY+106	,	@faction_ah	,	@ENTRY+106	,	@vendeur_ah	,	30122	,	 UNIX_TIMESTAMP( ADDDATE(now(), INTERVAL floor(1+37*rand()) HOUR)) 	,	0	,	0	,	30122	,	3013	);
INSERT INTO `auctionhouse` VALUES (	@newENTRY+107	,	@faction_ah	,	@ENTRY+107	,	@vendeur_ah	,	6000	,	 UNIX_TIMESTAMP( ADDDATE(now(), INTERVAL floor(1+37*rand()) HOUR)) 	,	0	,	0	,	6000	,	601	);
INSERT INTO `auctionhouse` VALUES (	@newENTRY+108	,	@faction_ah	,	@ENTRY+108	,	@vendeur_ah	,	50372	,	 UNIX_TIMESTAMP( ADDDATE(now(), INTERVAL floor(1+37*rand()) HOUR)) 	,	0	,	0	,	50372	,	5038	);
INSERT INTO `auctionhouse` VALUES (	@newENTRY+109	,	@faction_ah	,	@ENTRY+109	,	@vendeur_ah	,	57085	,	 UNIX_TIMESTAMP( ADDDATE(now(), INTERVAL floor(1+37*rand()) HOUR)) 	,	0	,	0	,	57085	,	5710	);
INSERT INTO `auctionhouse` VALUES (	@newENTRY+110	,	@faction_ah	,	@ENTRY+110	,	@vendeur_ah	,	28968	,	 UNIX_TIMESTAMP( ADDDATE(now(), INTERVAL floor(1+37*rand()) HOUR)) 	,	0	,	0	,	28968	,	2898	);
INSERT INTO `auctionhouse` VALUES (	@newENTRY+111	,	@faction_ah	,	@ENTRY+111	,	@vendeur_ah	,	6356	,	 UNIX_TIMESTAMP( ADDDATE(now(), INTERVAL floor(1+37*rand()) HOUR)) 	,	0	,	0	,	6356	,	637	);
INSERT INTO `auctionhouse` VALUES (	@newENTRY+112	,	@faction_ah	,	@ENTRY+112	,	@vendeur_ah	,	24949	,	 UNIX_TIMESTAMP( ADDDATE(now(), INTERVAL floor(1+37*rand()) HOUR)) 	,	0	,	0	,	24949	,	2496	);
INSERT INTO `auctionhouse` VALUES (	@newENTRY+113	,	@faction_ah	,	@ENTRY+113	,	@vendeur_ah	,	27951	,	 UNIX_TIMESTAMP( ADDDATE(now(), INTERVAL floor(1+37*rand()) HOUR)) 	,	0	,	0	,	27951	,	2796	);
INSERT INTO `auctionhouse` VALUES (	@newENTRY+114	,	@faction_ah	,	@ENTRY+114	,	@vendeur_ah	,	30145	,	 UNIX_TIMESTAMP( ADDDATE(now(), INTERVAL floor(1+37*rand()) HOUR)) 	,	0	,	0	,	30145	,	3016	);
INSERT INTO `auctionhouse` VALUES (	@newENTRY+115	,	@faction_ah	,	@ENTRY+115	,	@vendeur_ah	,	34277	,	 UNIX_TIMESTAMP( ADDDATE(now(), INTERVAL floor(1+37*rand()) HOUR)) 	,	0	,	0	,	34277	,	3429	);
INSERT INTO `auctionhouse` VALUES (	@newENTRY+116	,	@faction_ah	,	@ENTRY+116	,	@vendeur_ah	,	58054	,	 UNIX_TIMESTAMP( ADDDATE(now(), INTERVAL floor(1+37*rand()) HOUR)) 	,	0	,	0	,	58054	,	5806	);
INSERT INTO `auctionhouse` VALUES (	@newENTRY+117	,	@faction_ah	,	@ENTRY+117	,	@vendeur_ah	,	41877	,	 UNIX_TIMESTAMP( ADDDATE(now(), INTERVAL floor(1+37*rand()) HOUR)) 	,	0	,	0	,	41877	,	4189	);
INSERT INTO `auctionhouse` VALUES (	@newENTRY+118	,	@faction_ah	,	@ENTRY+118	,	@vendeur_ah	,	56678	,	 UNIX_TIMESTAMP( ADDDATE(now(), INTERVAL floor(1+37*rand()) HOUR)) 	,	0	,	0	,	56678	,	5669	);
INSERT INTO `auctionhouse` VALUES (	@newENTRY+119	,	@faction_ah	,	@ENTRY+119	,	@vendeur_ah	,	44193	,	 UNIX_TIMESTAMP( ADDDATE(now(), INTERVAL floor(1+37*rand()) HOUR)) 	,	0	,	0	,	44193	,	4420	);
INSERT INTO `auctionhouse` VALUES (	@newENTRY+120	,	@faction_ah	,	@ENTRY+120	,	@vendeur_ah	,	62923	,	 UNIX_TIMESTAMP( ADDDATE(now(), INTERVAL floor(1+37*rand()) HOUR)) 	,	0	,	0	,	62923	,	6293	);
INSERT INTO `auctionhouse` VALUES (	@newENTRY+121	,	@faction_ah	,	@ENTRY+121	,	@vendeur_ah	,	13417	,	 UNIX_TIMESTAMP( ADDDATE(now(), INTERVAL floor(1+37*rand()) HOUR)) 	,	0	,	0	,	13417	,	1343	);
INSERT INTO `auctionhouse` VALUES (	@newENTRY+122	,	@faction_ah	,	@ENTRY+122	,	@vendeur_ah	,	61952	,	 UNIX_TIMESTAMP( ADDDATE(now(), INTERVAL floor(1+37*rand()) HOUR)) 	,	0	,	0	,	61952	,	6196	);
INSERT INTO `auctionhouse` VALUES (	@newENTRY+123	,	@faction_ah	,	@ENTRY+123	,	@vendeur_ah	,	33636	,	 UNIX_TIMESTAMP( ADDDATE(now(), INTERVAL floor(1+37*rand()) HOUR)) 	,	0	,	0	,	33636	,	3365	);





















































































