SET  @newENTRY =(SELECT max(`id`) FROM `auctionhouse` );
set @vendeur_ah := 55;
SET  @ENTRY =(SELECT max(`guid`) FROM `item_instance` );

DROP TABLE IF EXISTS `t`;
CREATE TABLE `t` (i INT);
insert into `t` values(23442) , (79707) ,(4656);
set  @faction_ah = (SELECT i FROM t ORDER BY RAND() LIMIT 1);

INSERT INTO `item_instance` VALUES (	@ENTRY+1	,	814	,	@vendeur_ah	,	0	,	0	,	floor(rand()*5+5)	,	0	,	'0 0 0 0 0 '	,	0	,	'0 0 0 0 0 0 0 0 0 0 0 0 0 0 0 0 0 0 0 0 0 0 0 0 0 0 0 0 0 0 0 0 0 0 0 0 0 0 0 0 0 0 '	,	0	,	0	,	0	,	""	);
INSERT INTO `item_instance` VALUES (	@ENTRY+2	,	4357	,	@vendeur_ah	,	0	,	0	,	floor(rand()*5+5)	,	0	,	'0 0 0 0 0 '	,	0	,	'0 0 0 0 0 0 0 0 0 0 0 0 0 0 0 0 0 0 0 0 0 0 0 0 0 0 0 0 0 0 0 0 0 0 0 0 0 0 0 0 0 0 '	,	0	,	0	,	0	,	""	);
INSERT INTO `item_instance` VALUES (	@ENTRY+3	,	4359	,	@vendeur_ah	,	0	,	0	,	floor(rand()*5+5)	,	0	,	'0 0 0 0 0 '	,	0	,	'0 0 0 0 0 0 0 0 0 0 0 0 0 0 0 0 0 0 0 0 0 0 0 0 0 0 0 0 0 0 0 0 0 0 0 0 0 0 0 0 0 0 '	,	0	,	0	,	0	,	""	);
INSERT INTO `item_instance` VALUES (	@ENTRY+4	,	4361	,	@vendeur_ah	,	0	,	0	,	floor(rand()*5+5)	,	0	,	'0 0 0 0 0 '	,	0	,	'0 0 0 0 0 0 0 0 0 0 0 0 0 0 0 0 0 0 0 0 0 0 0 0 0 0 0 0 0 0 0 0 0 0 0 0 0 0 0 0 0 0 '	,	0	,	0	,	0	,	""	);
INSERT INTO `item_instance` VALUES (	@ENTRY+5	,	4363	,	@vendeur_ah	,	0	,	0	,	floor(rand()*5+5)	,	0	,	'0 0 0 0 0 '	,	0	,	'0 0 0 0 0 0 0 0 0 0 0 0 0 0 0 0 0 0 0 0 0 0 0 0 0 0 0 0 0 0 0 0 0 0 0 0 0 0 0 0 0 0 '	,	0	,	0	,	0	,	""	);
INSERT INTO `item_instance` VALUES (	@ENTRY+6	,	4364	,	@vendeur_ah	,	0	,	0	,	floor(rand()*5+5)	,	0	,	'0 0 0 0 0 '	,	0	,	'0 0 0 0 0 0 0 0 0 0 0 0 0 0 0 0 0 0 0 0 0 0 0 0 0 0 0 0 0 0 0 0 0 0 0 0 0 0 0 0 0 0 '	,	0	,	0	,	0	,	""	);
INSERT INTO `item_instance` VALUES (	@ENTRY+7	,	4371	,	@vendeur_ah	,	0	,	0	,	floor(rand()*5+5)	,	0	,	'0 0 0 0 0 '	,	0	,	'0 0 0 0 0 0 0 0 0 0 0 0 0 0 0 0 0 0 0 0 0 0 0 0 0 0 0 0 0 0 0 0 0 0 0 0 0 0 0 0 0 0 '	,	0	,	0	,	0	,	""	);
INSERT INTO `item_instance` VALUES (	@ENTRY+8	,	4375	,	@vendeur_ah	,	0	,	0	,	floor(rand()*5+5)	,	0	,	'0 0 0 0 0 '	,	0	,	'0 0 0 0 0 0 0 0 0 0 0 0 0 0 0 0 0 0 0 0 0 0 0 0 0 0 0 0 0 0 0 0 0 0 0 0 0 0 0 0 0 0 '	,	0	,	0	,	0	,	""	);
INSERT INTO `item_instance` VALUES (	@ENTRY+9	,	4377	,	@vendeur_ah	,	0	,	0	,	floor(rand()*5+5)	,	0	,	'0 0 0 0 0 '	,	0	,	'0 0 0 0 0 0 0 0 0 0 0 0 0 0 0 0 0 0 0 0 0 0 0 0 0 0 0 0 0 0 0 0 0 0 0 0 0 0 0 0 0 0 '	,	0	,	0	,	0	,	""	);
INSERT INTO `item_instance` VALUES (	@ENTRY+10	,	4382	,	@vendeur_ah	,	0	,	0	,	floor(rand()*5+5)	,	0	,	'0 0 0 0 0 '	,	0	,	'0 0 0 0 0 0 0 0 0 0 0 0 0 0 0 0 0 0 0 0 0 0 0 0 0 0 0 0 0 0 0 0 0 0 0 0 0 0 0 0 0 0 '	,	0	,	0	,	0	,	""	);
INSERT INTO `item_instance` VALUES (	@ENTRY+11	,	4387	,	@vendeur_ah	,	0	,	0	,	floor(rand()*5+5)	,	0	,	'0 0 0 0 0 '	,	0	,	'0 0 0 0 0 0 0 0 0 0 0 0 0 0 0 0 0 0 0 0 0 0 0 0 0 0 0 0 0 0 0 0 0 0 0 0 0 0 0 0 0 0 '	,	0	,	0	,	0	,	""	);
INSERT INTO `item_instance` VALUES (	@ENTRY+12	,	4389	,	@vendeur_ah	,	0	,	0	,	floor(rand()*5+5)	,	0	,	'0 0 0 0 0 '	,	0	,	'0 0 0 0 0 0 0 0 0 0 0 0 0 0 0 0 0 0 0 0 0 0 0 0 0 0 0 0 0 0 0 0 0 0 0 0 0 0 0 0 0 0 '	,	0	,	0	,	0	,	""	);
INSERT INTO `item_instance` VALUES (	@ENTRY+13	,	4399	,	@vendeur_ah	,	0	,	0	,	floor(rand()*5+5)	,	0	,	'0 0 0 0 0 '	,	0	,	'0 0 0 0 0 0 0 0 0 0 0 0 0 0 0 0 0 0 0 0 0 0 0 0 0 0 0 0 0 0 0 0 0 0 0 0 0 0 0 0 0 0 '	,	0	,	0	,	0	,	""	);
INSERT INTO `item_instance` VALUES (	@ENTRY+14	,	4400	,	@vendeur_ah	,	0	,	0	,	floor(rand()*5+5)	,	0	,	'0 0 0 0 0 '	,	0	,	'0 0 0 0 0 0 0 0 0 0 0 0 0 0 0 0 0 0 0 0 0 0 0 0 0 0 0 0 0 0 0 0 0 0 0 0 0 0 0 0 0 0 '	,	0	,	0	,	0	,	""	);
INSERT INTO `item_instance` VALUES (	@ENTRY+15	,	4404	,	@vendeur_ah	,	0	,	0	,	floor(rand()*5+5)	,	0	,	'0 0 0 0 0 '	,	0	,	'0 0 0 0 0 0 0 0 0 0 0 0 0 0 0 0 0 0 0 0 0 0 0 0 0 0 0 0 0 0 0 0 0 0 0 0 0 0 0 0 0 0 '	,	0	,	0	,	0	,	""	);
INSERT INTO `item_instance` VALUES (	@ENTRY+16	,	7071	,	@vendeur_ah	,	0	,	0	,	floor(rand()*5+5)	,	0	,	'0 0 0 0 0 '	,	0	,	'0 0 0 0 0 0 0 0 0 0 0 0 0 0 0 0 0 0 0 0 0 0 0 0 0 0 0 0 0 0 0 0 0 0 0 0 0 0 0 0 0 0 '	,	0	,	0	,	0	,	""	);
INSERT INTO `item_instance` VALUES (	@ENTRY+17	,	7191	,	@vendeur_ah	,	0	,	0	,	floor(rand()*5+5)	,	0	,	'0 0 0 0 0 '	,	0	,	'0 0 0 0 0 0 0 0 0 0 0 0 0 0 0 0 0 0 0 0 0 0 0 0 0 0 0 0 0 0 0 0 0 0 0 0 0 0 0 0 0 0 '	,	0	,	0	,	0	,	""	);
INSERT INTO `item_instance` VALUES (	@ENTRY+18	,	9060	,	@vendeur_ah	,	0	,	0	,	floor(rand()*5+5)	,	0	,	'0 0 0 0 0 '	,	0	,	'0 0 0 0 0 0 0 0 0 0 0 0 0 0 0 0 0 0 0 0 0 0 0 0 0 0 0 0 0 0 0 0 0 0 0 0 0 0 0 0 0 0 '	,	0	,	0	,	0	,	""	);
INSERT INTO `item_instance` VALUES (	@ENTRY+19	,	9061	,	@vendeur_ah	,	0	,	0	,	floor(rand()*5+5)	,	0	,	'0 0 0 0 0 '	,	0	,	'0 0 0 0 0 0 0 0 0 0 0 0 0 0 0 0 0 0 0 0 0 0 0 0 0 0 0 0 0 0 0 0 0 0 0 0 0 0 0 0 0 0 '	,	0	,	0	,	0	,	""	);
INSERT INTO `item_instance` VALUES (	@ENTRY+20	,	10498	,	@vendeur_ah	,	0	,	0	,	floor(rand()*5+5)	,	0	,	'0 0 0 0 0 '	,	0	,	'0 0 0 0 0 0 0 0 0 0 0 0 0 0 0 0 0 0 0 0 0 0 0 0 0 0 0 0 0 0 0 0 0 0 0 0 0 0 0 0 0 0 '	,	0	,	0	,	0	,	""	);
INSERT INTO `item_instance` VALUES (	@ENTRY+21	,	10505	,	@vendeur_ah	,	0	,	0	,	floor(rand()*5+5)	,	0	,	'0 0 0 0 0 '	,	0	,	'0 0 0 0 0 0 0 0 0 0 0 0 0 0 0 0 0 0 0 0 0 0 0 0 0 0 0 0 0 0 0 0 0 0 0 0 0 0 0 0 0 0 '	,	0	,	0	,	0	,	""	);
INSERT INTO `item_instance` VALUES (	@ENTRY+22	,	10558	,	@vendeur_ah	,	0	,	0	,	floor(rand()*5+5)	,	0	,	'0 0 0 0 0 '	,	0	,	'0 0 0 0 0 0 0 0 0 0 0 0 0 0 0 0 0 0 0 0 0 0 0 0 0 0 0 0 0 0 0 0 0 0 0 0 0 0 0 0 0 0 '	,	0	,	0	,	0	,	""	);
INSERT INTO `item_instance` VALUES (	@ENTRY+23	,	10559	,	@vendeur_ah	,	0	,	0	,	floor(rand()*5+5)	,	0	,	'0 0 0 0 0 '	,	0	,	'0 0 0 0 0 0 0 0 0 0 0 0 0 0 0 0 0 0 0 0 0 0 0 0 0 0 0 0 0 0 0 0 0 0 0 0 0 0 0 0 0 0 '	,	0	,	0	,	0	,	""	);
INSERT INTO `item_instance` VALUES (	@ENTRY+24	,	10560	,	@vendeur_ah	,	0	,	0	,	floor(rand()*5+5)	,	0	,	'0 0 0 0 0 '	,	0	,	'0 0 0 0 0 0 0 0 0 0 0 0 0 0 0 0 0 0 0 0 0 0 0 0 0 0 0 0 0 0 0 0 0 0 0 0 0 0 0 0 0 0 '	,	0	,	0	,	0	,	""	);
INSERT INTO `item_instance` VALUES (	@ENTRY+25	,	10561	,	@vendeur_ah	,	0	,	0	,	floor(rand()*5+5)	,	0	,	'0 0 0 0 0 '	,	0	,	'0 0 0 0 0 0 0 0 0 0 0 0 0 0 0 0 0 0 0 0 0 0 0 0 0 0 0 0 0 0 0 0 0 0 0 0 0 0 0 0 0 0 '	,	0	,	0	,	0	,	""	);
INSERT INTO `item_instance` VALUES (	@ENTRY+26	,	10647	,	@vendeur_ah	,	0	,	0	,	floor(rand()*5+5)	,	0	,	'0 0 0 0 0 '	,	0	,	'0 0 0 0 0 0 0 0 0 0 0 0 0 0 0 0 0 0 0 0 0 0 0 0 0 0 0 0 0 0 0 0 0 0 0 0 0 0 0 0 0 0 '	,	0	,	0	,	0	,	""	);
INSERT INTO `item_instance` VALUES (	@ENTRY+27	,	15992	,	@vendeur_ah	,	0	,	0	,	floor(rand()*5+5)	,	0	,	'0 0 0 0 0 '	,	0	,	'0 0 0 0 0 0 0 0 0 0 0 0 0 0 0 0 0 0 0 0 0 0 0 0 0 0 0 0 0 0 0 0 0 0 0 0 0 0 0 0 0 0 '	,	0	,	0	,	0	,	""	);
INSERT INTO `item_instance` VALUES (	@ENTRY+28	,	15994	,	@vendeur_ah	,	0	,	0	,	floor(rand()*5+5)	,	0	,	'0 0 0 0 0 '	,	0	,	'0 0 0 0 0 0 0 0 0 0 0 0 0 0 0 0 0 0 0 0 0 0 0 0 0 0 0 0 0 0 0 0 0 0 0 0 0 0 0 0 0 0 '	,	0	,	0	,	0	,	""	);
INSERT INTO `item_instance` VALUES (	@ENTRY+29	,	16000	,	@vendeur_ah	,	0	,	0	,	floor(rand()*5+5)	,	0	,	'0 0 0 0 0 '	,	0	,	'0 0 0 0 0 0 0 0 0 0 0 0 0 0 0 0 0 0 0 0 0 0 0 0 0 0 0 0 0 0 0 0 0 0 0 0 0 0 0 0 0 0 '	,	0	,	0	,	0	,	""	);
INSERT INTO `item_instance` VALUES (	@ENTRY+30	,	16006	,	@vendeur_ah	,	0	,	0	,	floor(rand()*5+5)	,	0	,	'0 0 0 0 0 '	,	0	,	'0 0 0 0 0 0 0 0 0 0 0 0 0 0 0 0 0 0 0 0 0 0 0 0 0 0 0 0 0 0 0 0 0 0 0 0 0 0 0 0 0 0 '	,	0	,	0	,	0	,	""	);
INSERT INTO `item_instance` VALUES (	@ENTRY+31	,	18631	,	@vendeur_ah	,	0	,	0	,	floor(rand()*5+5)	,	0	,	'0 0 0 0 0 '	,	0	,	'0 0 0 0 0 0 0 0 0 0 0 0 0 0 0 0 0 0 0 0 0 0 0 0 0 0 0 0 0 0 0 0 0 0 0 0 0 0 0 0 0 0 '	,	0	,	0	,	0	,	""	);
INSERT INTO `item_instance` VALUES (	@ENTRY+32	,	23781	,	@vendeur_ah	,	0	,	0	,	floor(rand()*5+5)	,	0	,	'0 0 0 0 0 '	,	0	,	'0 0 0 0 0 0 0 0 0 0 0 0 0 0 0 0 0 0 0 0 0 0 0 0 0 0 0 0 0 0 0 0 0 0 0 0 0 0 0 0 0 0 '	,	0	,	0	,	0	,	""	);
INSERT INTO `item_instance` VALUES (	@ENTRY+33	,	23782	,	@vendeur_ah	,	0	,	0	,	floor(rand()*5+5)	,	0	,	'0 0 0 0 0 '	,	0	,	'0 0 0 0 0 0 0 0 0 0 0 0 0 0 0 0 0 0 0 0 0 0 0 0 0 0 0 0 0 0 0 0 0 0 0 0 0 0 0 0 0 0 '	,	0	,	0	,	0	,	""	);
INSERT INTO `item_instance` VALUES (	@ENTRY+34	,	23783	,	@vendeur_ah	,	0	,	0	,	floor(rand()*5+5)	,	0	,	'0 0 0 0 0 '	,	0	,	'0 0 0 0 0 0 0 0 0 0 0 0 0 0 0 0 0 0 0 0 0 0 0 0 0 0 0 0 0 0 0 0 0 0 0 0 0 0 0 0 0 0 '	,	0	,	0	,	0	,	""	);
INSERT INTO `item_instance` VALUES (	@ENTRY+35	,	23784	,	@vendeur_ah	,	0	,	0	,	floor(rand()*5+5)	,	0	,	'0 0 0 0 0 '	,	0	,	'0 0 0 0 0 0 0 0 0 0 0 0 0 0 0 0 0 0 0 0 0 0 0 0 0 0 0 0 0 0 0 0 0 0 0 0 0 0 0 0 0 0 '	,	0	,	0	,	0	,	""	);
INSERT INTO `item_instance` VALUES (	@ENTRY+36	,	23785	,	@vendeur_ah	,	0	,	0	,	floor(rand()*5+5)	,	0	,	'0 0 0 0 0 '	,	0	,	'0 0 0 0 0 0 0 0 0 0 0 0 0 0 0 0 0 0 0 0 0 0 0 0 0 0 0 0 0 0 0 0 0 0 0 0 0 0 0 0 0 0 '	,	0	,	0	,	0	,	""	);
INSERT INTO `item_instance` VALUES (	@ENTRY+37	,	23786	,	@vendeur_ah	,	0	,	0	,	floor(rand()*5+5)	,	0	,	'0 0 0 0 0 '	,	0	,	'0 0 0 0 0 0 0 0 0 0 0 0 0 0 0 0 0 0 0 0 0 0 0 0 0 0 0 0 0 0 0 0 0 0 0 0 0 0 0 0 0 0 '	,	0	,	0	,	0	,	""	);
INSERT INTO `item_instance` VALUES (	@ENTRY+38	,	23787	,	@vendeur_ah	,	0	,	0	,	floor(rand()*5+5)	,	0	,	'0 0 0 0 0 '	,	0	,	'0 0 0 0 0 0 0 0 0 0 0 0 0 0 0 0 0 0 0 0 0 0 0 0 0 0 0 0 0 0 0 0 0 0 0 0 0 0 0 0 0 0 '	,	0	,	0	,	0	,	""	);
INSERT INTO `item_instance` VALUES (	@ENTRY+39	,	32423	,	@vendeur_ah	,	0	,	0	,	floor(rand()*5+5)	,	0	,	'0 0 0 0 0 '	,	0	,	'0 0 0 0 0 0 0 0 0 0 0 0 0 0 0 0 0 0 0 0 0 0 0 0 0 0 0 0 0 0 0 0 0 0 0 0 0 0 0 0 0 0 '	,	0	,	0	,	0	,	""	);
INSERT INTO `item_instance` VALUES (	@ENTRY+40	,	37101	,	@vendeur_ah	,	0	,	0	,	floor(rand()*5+5)	,	0	,	'0 0 0 0 0 '	,	0	,	'0 0 0 0 0 0 0 0 0 0 0 0 0 0 0 0 0 0 0 0 0 0 0 0 0 0 0 0 0 0 0 0 0 0 0 0 0 0 0 0 0 0 '	,	0	,	0	,	0	,	""	);
INSERT INTO `item_instance` VALUES (	@ENTRY+41	,	39469	,	@vendeur_ah	,	0	,	0	,	floor(rand()*5+5)	,	0	,	'0 0 0 0 0 '	,	0	,	'0 0 0 0 0 0 0 0 0 0 0 0 0 0 0 0 0 0 0 0 0 0 0 0 0 0 0 0 0 0 0 0 0 0 0 0 0 0 0 0 0 0 '	,	0	,	0	,	0	,	""	);
INSERT INTO `item_instance` VALUES (	@ENTRY+42	,	39681	,	@vendeur_ah	,	0	,	0	,	floor(rand()*5+5)	,	0	,	'0 0 0 0 0 '	,	0	,	'0 0 0 0 0 0 0 0 0 0 0 0 0 0 0 0 0 0 0 0 0 0 0 0 0 0 0 0 0 0 0 0 0 0 0 0 0 0 0 0 0 0 '	,	0	,	0	,	0	,	""	);
INSERT INTO `item_instance` VALUES (	@ENTRY+43	,	39682	,	@vendeur_ah	,	0	,	0	,	floor(rand()*5+5)	,	0	,	'0 0 0 0 0 '	,	0	,	'0 0 0 0 0 0 0 0 0 0 0 0 0 0 0 0 0 0 0 0 0 0 0 0 0 0 0 0 0 0 0 0 0 0 0 0 0 0 0 0 0 0 '	,	0	,	0	,	0	,	""	);
INSERT INTO `item_instance` VALUES (	@ENTRY+44	,	39683	,	@vendeur_ah	,	0	,	0	,	floor(rand()*5+5)	,	0	,	'0 0 0 0 0 '	,	0	,	'0 0 0 0 0 0 0 0 0 0 0 0 0 0 0 0 0 0 0 0 0 0 0 0 0 0 0 0 0 0 0 0 0 0 0 0 0 0 0 0 0 0 '	,	0	,	0	,	0	,	""	);
INSERT INTO `item_instance` VALUES (	@ENTRY+45	,	39684	,	@vendeur_ah	,	0	,	0	,	floor(rand()*5+5)	,	0	,	'0 0 0 0 0 '	,	0	,	'0 0 0 0 0 0 0 0 0 0 0 0 0 0 0 0 0 0 0 0 0 0 0 0 0 0 0 0 0 0 0 0 0 0 0 0 0 0 0 0 0 0 '	,	0	,	0	,	0	,	""	);
INSERT INTO `item_instance` VALUES (	@ENTRY+46	,	39685	,	@vendeur_ah	,	0	,	0	,	floor(rand()*5+5)	,	0	,	'0 0 0 0 0 '	,	0	,	'0 0 0 0 0 0 0 0 0 0 0 0 0 0 0 0 0 0 0 0 0 0 0 0 0 0 0 0 0 0 0 0 0 0 0 0 0 0 0 0 0 0 '	,	0	,	0	,	0	,	""	);
INSERT INTO `item_instance` VALUES (	@ENTRY+47	,	39686	,	@vendeur_ah	,	0	,	0	,	floor(rand()*5+5)	,	0	,	'0 0 0 0 0 '	,	0	,	'0 0 0 0 0 0 0 0 0 0 0 0 0 0 0 0 0 0 0 0 0 0 0 0 0 0 0 0 0 0 0 0 0 0 0 0 0 0 0 0 0 0 '	,	0	,	0	,	0	,	""	);
INSERT INTO `item_instance` VALUES (	@ENTRY+48	,	39690	,	@vendeur_ah	,	0	,	0	,	floor(rand()*5+5)	,	0	,	'0 0 0 0 0 '	,	0	,	'0 0 0 0 0 0 0 0 0 0 0 0 0 0 0 0 0 0 0 0 0 0 0 0 0 0 0 0 0 0 0 0 0 0 0 0 0 0 0 0 0 0 '	,	0	,	0	,	0	,	""	);
INSERT INTO `item_instance` VALUES (	@ENTRY+49	,	39774	,	@vendeur_ah	,	0	,	0	,	floor(rand()*5+5)	,	0	,	'0 0 0 0 0 '	,	0	,	'0 0 0 0 0 0 0 0 0 0 0 0 0 0 0 0 0 0 0 0 0 0 0 0 0 0 0 0 0 0 0 0 0 0 0 0 0 0 0 0 0 0 '	,	0	,	0	,	0	,	""	);
INSERT INTO `item_instance` VALUES (	@ENTRY+50	,	40533	,	@vendeur_ah	,	0	,	0	,	floor(rand()*5+5)	,	0	,	'0 0 0 0 0 '	,	0	,	'0 0 0 0 0 0 0 0 0 0 0 0 0 0 0 0 0 0 0 0 0 0 0 0 0 0 0 0 0 0 0 0 0 0 0 0 0 0 0 0 0 0 '	,	0	,	0	,	0	,	""	);
INSERT INTO `item_instance` VALUES (	@ENTRY+51	,	43115	,	@vendeur_ah	,	0	,	0	,	floor(rand()*5+5)	,	0	,	'0 0 0 0 0 '	,	0	,	'0 0 0 0 0 0 0 0 0 0 0 0 0 0 0 0 0 0 0 0 0 0 0 0 0 0 0 0 0 0 0 0 0 0 0 0 0 0 0 0 0 0 '	,	0	,	0	,	0	,	""	);
INSERT INTO `item_instance` VALUES (	@ENTRY+52	,	43116	,	@vendeur_ah	,	0	,	0	,	floor(rand()*5+5)	,	0	,	'0 0 0 0 0 '	,	0	,	'0 0 0 0 0 0 0 0 0 0 0 0 0 0 0 0 0 0 0 0 0 0 0 0 0 0 0 0 0 0 0 0 0 0 0 0 0 0 0 0 0 0 '	,	0	,	0	,	0	,	""	);
INSERT INTO `item_instance` VALUES (	@ENTRY+53	,	43117	,	@vendeur_ah	,	0	,	0	,	floor(rand()*5+5)	,	0	,	'0 0 0 0 0 '	,	0	,	'0 0 0 0 0 0 0 0 0 0 0 0 0 0 0 0 0 0 0 0 0 0 0 0 0 0 0 0 0 0 0 0 0 0 0 0 0 0 0 0 0 0 '	,	0	,	0	,	0	,	""	);
INSERT INTO `item_instance` VALUES (	@ENTRY+54	,	43118	,	@vendeur_ah	,	0	,	0	,	floor(rand()*5+5)	,	0	,	'0 0 0 0 0 '	,	0	,	'0 0 0 0 0 0 0 0 0 0 0 0 0 0 0 0 0 0 0 0 0 0 0 0 0 0 0 0 0 0 0 0 0 0 0 0 0 0 0 0 0 0 '	,	0	,	0	,	0	,	""	);
INSERT INTO `item_instance` VALUES (	@ENTRY+55	,	43119	,	@vendeur_ah	,	0	,	0	,	floor(rand()*5+5)	,	0	,	'0 0 0 0 0 '	,	0	,	'0 0 0 0 0 0 0 0 0 0 0 0 0 0 0 0 0 0 0 0 0 0 0 0 0 0 0 0 0 0 0 0 0 0 0 0 0 0 0 0 0 0 '	,	0	,	0	,	0	,	""	);
INSERT INTO `item_instance` VALUES (	@ENTRY+56	,	43120	,	@vendeur_ah	,	0	,	0	,	floor(rand()*5+5)	,	0	,	'0 0 0 0 0 '	,	0	,	'0 0 0 0 0 0 0 0 0 0 0 0 0 0 0 0 0 0 0 0 0 0 0 0 0 0 0 0 0 0 0 0 0 0 0 0 0 0 0 0 0 0 '	,	0	,	0	,	0	,	""	);
INSERT INTO `item_instance` VALUES (	@ENTRY+57	,	43121	,	@vendeur_ah	,	0	,	0	,	floor(rand()*5+5)	,	0	,	'0 0 0 0 0 '	,	0	,	'0 0 0 0 0 0 0 0 0 0 0 0 0 0 0 0 0 0 0 0 0 0 0 0 0 0 0 0 0 0 0 0 0 0 0 0 0 0 0 0 0 0 '	,	0	,	0	,	0	,	""	);
INSERT INTO `item_instance` VALUES (	@ENTRY+58	,	43122	,	@vendeur_ah	,	0	,	0	,	floor(rand()*5+5)	,	0	,	'0 0 0 0 0 '	,	0	,	'0 0 0 0 0 0 0 0 0 0 0 0 0 0 0 0 0 0 0 0 0 0 0 0 0 0 0 0 0 0 0 0 0 0 0 0 0 0 0 0 0 0 '	,	0	,	0	,	0	,	""	);
INSERT INTO `item_instance` VALUES (	@ENTRY+59	,	43123	,	@vendeur_ah	,	0	,	0	,	floor(rand()*5+5)	,	0	,	'0 0 0 0 0 '	,	0	,	'0 0 0 0 0 0 0 0 0 0 0 0 0 0 0 0 0 0 0 0 0 0 0 0 0 0 0 0 0 0 0 0 0 0 0 0 0 0 0 0 0 0 '	,	0	,	0	,	0	,	""	);
INSERT INTO `item_instance` VALUES (	@ENTRY+60	,	43124	,	@vendeur_ah	,	0	,	0	,	floor(rand()*5+5)	,	0	,	'0 0 0 0 0 '	,	0	,	'0 0 0 0 0 0 0 0 0 0 0 0 0 0 0 0 0 0 0 0 0 0 0 0 0 0 0 0 0 0 0 0 0 0 0 0 0 0 0 0 0 0 '	,	0	,	0	,	0	,	""	);
INSERT INTO `item_instance` VALUES (	@ENTRY+61	,	43125	,	@vendeur_ah	,	0	,	0	,	floor(rand()*5+5)	,	0	,	'0 0 0 0 0 '	,	0	,	'0 0 0 0 0 0 0 0 0 0 0 0 0 0 0 0 0 0 0 0 0 0 0 0 0 0 0 0 0 0 0 0 0 0 0 0 0 0 0 0 0 0 '	,	0	,	0	,	0	,	""	);
INSERT INTO `item_instance` VALUES (	@ENTRY+62	,	43126	,	@vendeur_ah	,	0	,	0	,	floor(rand()*5+5)	,	0	,	'0 0 0 0 0 '	,	0	,	'0 0 0 0 0 0 0 0 0 0 0 0 0 0 0 0 0 0 0 0 0 0 0 0 0 0 0 0 0 0 0 0 0 0 0 0 0 0 0 0 0 0 '	,	0	,	0	,	0	,	""	);
INSERT INTO `item_instance` VALUES (	@ENTRY+63	,	43127	,	@vendeur_ah	,	0	,	0	,	floor(rand()*5+5)	,	0	,	'0 0 0 0 0 '	,	0	,	'0 0 0 0 0 0 0 0 0 0 0 0 0 0 0 0 0 0 0 0 0 0 0 0 0 0 0 0 0 0 0 0 0 0 0 0 0 0 0 0 0 0 '	,	0	,	0	,	0	,	""	);
INSERT INTO `item_instance` VALUES (	@ENTRY+64	,	43614	,	@vendeur_ah	,	0	,	0	,	floor(rand()*5+5)	,	0	,	'0 0 0 0 0 '	,	0	,	'0 0 0 0 0 0 0 0 0 0 0 0 0 0 0 0 0 0 0 0 0 0 0 0 0 0 0 0 0 0 0 0 0 0 0 0 0 0 0 0 0 0 '	,	0	,	0	,	0	,	""	);
INSERT INTO `item_instance` VALUES (	@ENTRY+65	,	43620	,	@vendeur_ah	,	0	,	0	,	floor(rand()*5+5)	,	0	,	'0 0 0 0 0 '	,	0	,	'0 0 0 0 0 0 0 0 0 0 0 0 0 0 0 0 0 0 0 0 0 0 0 0 0 0 0 0 0 0 0 0 0 0 0 0 0 0 0 0 0 0 '	,	0	,	0	,	0	,	""	);
INSERT INTO `item_instance` VALUES (	@ENTRY+66	,	43621	,	@vendeur_ah	,	0	,	0	,	floor(rand()*5+5)	,	0	,	'0 0 0 0 0 '	,	0	,	'0 0 0 0 0 0 0 0 0 0 0 0 0 0 0 0 0 0 0 0 0 0 0 0 0 0 0 0 0 0 0 0 0 0 0 0 0 0 0 0 0 0 '	,	0	,	0	,	0	,	""	);
INSERT INTO `item_instance` VALUES (	@ENTRY+67	,	44499	,	@vendeur_ah	,	0	,	0	,	floor(rand()*5+5)	,	0	,	'0 0 0 0 0 '	,	0	,	'0 0 0 0 0 0 0 0 0 0 0 0 0 0 0 0 0 0 0 0 0 0 0 0 0 0 0 0 0 0 0 0 0 0 0 0 0 0 0 0 0 0 '	,	0	,	0	,	0	,	""	);
INSERT INTO `item_instance` VALUES (	@ENTRY+68	,	44500	,	@vendeur_ah	,	0	,	0	,	floor(rand()*5+5)	,	0	,	'0 0 0 0 0 '	,	0	,	'0 0 0 0 0 0 0 0 0 0 0 0 0 0 0 0 0 0 0 0 0 0 0 0 0 0 0 0 0 0 0 0 0 0 0 0 0 0 0 0 0 0 '	,	0	,	0	,	0	,	""	);
INSERT INTO `item_instance` VALUES (	@ENTRY+69	,	44501	,	@vendeur_ah	,	0	,	0	,	floor(rand()*5+5)	,	0	,	'0 0 0 0 0 '	,	0	,	'0 0 0 0 0 0 0 0 0 0 0 0 0 0 0 0 0 0 0 0 0 0 0 0 0 0 0 0 0 0 0 0 0 0 0 0 0 0 0 0 0 0 '	,	0	,	0	,	0	,	""	);
INSERT INTO `item_instance` VALUES (	@ENTRY+70	,	52188	,	@vendeur_ah	,	0	,	0	,	floor(rand()*5+5)	,	0	,	'0 0 0 0 0 '	,	0	,	'0 0 0 0 0 0 0 0 0 0 0 0 0 0 0 0 0 0 0 0 0 0 0 0 0 0 0 0 0 0 0 0 0 0 0 0 0 0 0 0 0 0 '	,	0	,	0	,	0	,	""	);
INSERT INTO `item_instance` VALUES (	@ENTRY+71	,	60224	,	@vendeur_ah	,	0	,	0	,	floor(rand()*5+5)	,	0	,	'0 0 0 0 0 '	,	0	,	'0 0 0 0 0 0 0 0 0 0 0 0 0 0 0 0 0 0 0 0 0 0 0 0 0 0 0 0 0 0 0 0 0 0 0 0 0 0 0 0 0 0 '	,	0	,	0	,	0	,	""	);
INSERT INTO `item_instance` VALUES (	@ENTRY+72	,	60852	,	@vendeur_ah	,	0	,	0	,	floor(rand()*5+5)	,	0	,	'0 0 0 0 0 '	,	0	,	'0 0 0 0 0 0 0 0 0 0 0 0 0 0 0 0 0 0 0 0 0 0 0 0 0 0 0 0 0 0 0 0 0 0 0 0 0 0 0 0 0 0 '	,	0	,	0	,	0	,	""	);
INSERT INTO `item_instance` VALUES (	@ENTRY+73	,	61978	,	@vendeur_ah	,	0	,	0	,	floor(rand()*5+5)	,	0	,	'0 0 0 0 0 '	,	0	,	'0 0 0 0 0 0 0 0 0 0 0 0 0 0 0 0 0 0 0 0 0 0 0 0 0 0 0 0 0 0 0 0 0 0 0 0 0 0 0 0 0 0 '	,	0	,	0	,	0	,	""	);
INSERT INTO `item_instance` VALUES (	@ENTRY+74	,	61981	,	@vendeur_ah	,	0	,	0	,	floor(rand()*5+5)	,	0	,	'0 0 0 0 0 '	,	0	,	'0 0 0 0 0 0 0 0 0 0 0 0 0 0 0 0 0 0 0 0 0 0 0 0 0 0 0 0 0 0 0 0 0 0 0 0 0 0 0 0 0 0 '	,	0	,	0	,	0	,	""	);
INSERT INTO `item_instance` VALUES (	@ENTRY+75	,	62322	,	@vendeur_ah	,	0	,	0	,	floor(rand()*5+5)	,	0	,	'0 0 0 0 0 '	,	0	,	'0 0 0 0 0 0 0 0 0 0 0 0 0 0 0 0 0 0 0 0 0 0 0 0 0 0 0 0 0 0 0 0 0 0 0 0 0 0 0 0 0 0 '	,	0	,	0	,	0	,	""	);
INSERT INTO `item_instance` VALUES (	@ENTRY+76	,	62323	,	@vendeur_ah	,	0	,	0	,	floor(rand()*5+5)	,	0	,	'0 0 0 0 0 '	,	0	,	'0 0 0 0 0 0 0 0 0 0 0 0 0 0 0 0 0 0 0 0 0 0 0 0 0 0 0 0 0 0 0 0 0 0 0 0 0 0 0 0 0 0 '	,	0	,	0	,	0	,	""	);
INSERT INTO `item_instance` VALUES (	@ENTRY+77	,	67319	,	@vendeur_ah	,	0	,	0	,	floor(rand()*5+5)	,	0	,	'0 0 0 0 0 '	,	0	,	'0 0 0 0 0 0 0 0 0 0 0 0 0 0 0 0 0 0 0 0 0 0 0 0 0 0 0 0 0 0 0 0 0 0 0 0 0 0 0 0 0 0 '	,	0	,	0	,	0	,	""	);
INSERT INTO `item_instance` VALUES (	@ENTRY+78	,	67335	,	@vendeur_ah	,	0	,	0	,	floor(rand()*5+5)	,	0	,	'0 0 0 0 0 '	,	0	,	'0 0 0 0 0 0 0 0 0 0 0 0 0 0 0 0 0 0 0 0 0 0 0 0 0 0 0 0 0 0 0 0 0 0 0 0 0 0 0 0 0 0 '	,	0	,	0	,	0	,	""	);
INSERT INTO `item_instance` VALUES (	@ENTRY+79	,	67348	,	@vendeur_ah	,	0	,	0	,	floor(rand()*5+5)	,	0	,	'0 0 0 0 0 '	,	0	,	'0 0 0 0 0 0 0 0 0 0 0 0 0 0 0 0 0 0 0 0 0 0 0 0 0 0 0 0 0 0 0 0 0 0 0 0 0 0 0 0 0 0 '	,	0	,	0	,	0	,	""	);
INSERT INTO `item_instance` VALUES (	@ENTRY+80	,	67749	,	@vendeur_ah	,	0	,	0	,	floor(rand()*5+5)	,	0	,	'0 0 0 0 0 '	,	0	,	'0 0 0 0 0 0 0 0 0 0 0 0 0 0 0 0 0 0 0 0 0 0 0 0 0 0 0 0 0 0 0 0 0 0 0 0 0 0 0 0 0 0 '	,	0	,	0	,	0	,	""	);
INSERT INTO `item_instance` VALUES (	@ENTRY+81	,	68047	,	@vendeur_ah	,	0	,	0	,	floor(rand()*5+5)	,	0	,	'0 0 0 0 0 '	,	0	,	'0 0 0 0 0 0 0 0 0 0 0 0 0 0 0 0 0 0 0 0 0 0 0 0 0 0 0 0 0 0 0 0 0 0 0 0 0 0 0 0 0 0 '	,	0	,	0	,	0	,	""	);
INSERT INTO `item_instance` VALUES (	@ENTRY+82	,	68196	,	@vendeur_ah	,	0	,	0	,	floor(rand()*5+5)	,	0	,	'0 0 0 0 0 '	,	0	,	'0 0 0 0 0 0 0 0 0 0 0 0 0 0 0 0 0 0 0 0 0 0 0 0 0 0 0 0 0 0 0 0 0 0 0 0 0 0 0 0 0 0 '	,	0	,	0	,	0	,	""	);
INSERT INTO `item_instance` VALUES (	@ENTRY+83	,	37100	,	@vendeur_ah	,	0	,	0	,	floor(rand()*5+5)	,	0	,	'0 0 0 0 0 '	,	0	,	'0 0 0 0 0 0 0 0 0 0 0 0 0 0 0 0 0 0 0 0 0 0 0 0 0 0 0 0 0 0 0 0 0 0 0 0 0 0 0 0 0 0 '	,	0	,	0	,	0	,	""	);
INSERT INTO `item_instance` VALUES (	@ENTRY+84	,	34645	,	@vendeur_ah	,	0	,	0	,	floor(rand()*5+5)	,	0	,	'0 0 0 0 0 '	,	0	,	'0 0 0 0 0 0 0 0 0 0 0 0 0 0 0 0 0 0 0 0 0 0 0 0 0 0 0 0 0 0 0 0 0 0 0 0 0 0 0 0 0 0 '	,	0	,	0	,	0	,	""	);
INSERT INTO `item_instance` VALUES (	@ENTRY+85	,	34467	,	@vendeur_ah	,	0	,	0	,	floor(rand()*5+5)	,	0	,	'0 0 0 0 0 '	,	0	,	'0 0 0 0 0 0 0 0 0 0 0 0 0 0 0 0 0 0 0 0 0 0 0 0 0 0 0 0 0 0 0 0 0 0 0 0 0 0 0 0 0 0 '	,	0	,	0	,	0	,	""	);
INSERT INTO `item_instance` VALUES (	@ENTRY+86	,	37102	,	@vendeur_ah	,	0	,	0	,	floor(rand()*5+5)	,	0	,	'0 0 0 0 0 '	,	0	,	'0 0 0 0 0 0 0 0 0 0 0 0 0 0 0 0 0 0 0 0 0 0 0 0 0 0 0 0 0 0 0 0 0 0 0 0 0 0 0 0 0 0 '	,	0	,	0	,	0	,	""	);
INSERT INTO `item_instance` VALUES (	@ENTRY+87	,	39352	,	@vendeur_ah	,	0	,	0	,	floor(rand()*5+5)	,	0	,	'0 0 0 0 0 '	,	0	,	'0 0 0 0 0 0 0 0 0 0 0 0 0 0 0 0 0 0 0 0 0 0 0 0 0 0 0 0 0 0 0 0 0 0 0 0 0 0 0 0 0 0 '	,	0	,	0	,	0	,	""	);
INSERT INTO `item_instance` VALUES (	@ENTRY+88	,	41125	,	@vendeur_ah	,	0	,	0	,	floor(rand()*5+5)	,	0	,	'0 0 0 0 0 '	,	0	,	'0 0 0 0 0 0 0 0 0 0 0 0 0 0 0 0 0 0 0 0 0 0 0 0 0 0 0 0 0 0 0 0 0 0 0 0 0 0 0 0 0 0 '	,	0	,	0	,	0	,	""	);
INSERT INTO `item_instance` VALUES (	@ENTRY+89	,	43602	,	@vendeur_ah	,	0	,	0	,	floor(rand()*5+5)	,	0	,	'0 0 0 0 0 '	,	0	,	'0 0 0 0 0 0 0 0 0 0 0 0 0 0 0 0 0 0 0 0 0 0 0 0 0 0 0 0 0 0 0 0 0 0 0 0 0 0 0 0 0 0 '	,	0	,	0	,	0	,	""	);
INSERT INTO `item_instance` VALUES (	@ENTRY+90	,	43606	,	@vendeur_ah	,	0	,	0	,	floor(rand()*5+5)	,	0	,	'0 0 0 0 0 '	,	0	,	'0 0 0 0 0 0 0 0 0 0 0 0 0 0 0 0 0 0 0 0 0 0 0 0 0 0 0 0 0 0 0 0 0 0 0 0 0 0 0 0 0 0 '	,	0	,	0	,	0	,	""	);
INSERT INTO `item_instance` VALUES (	@ENTRY+91	,	43607	,	@vendeur_ah	,	0	,	0	,	floor(rand()*5+5)	,	0	,	'0 0 0 0 0 '	,	0	,	'0 0 0 0 0 0 0 0 0 0 0 0 0 0 0 0 0 0 0 0 0 0 0 0 0 0 0 0 0 0 0 0 0 0 0 0 0 0 0 0 0 0 '	,	0	,	0	,	0	,	""	);
INSERT INTO `item_instance` VALUES (	@ENTRY+92	,	43604	,	@vendeur_ah	,	0	,	0	,	floor(rand()*5+5)	,	0	,	'0 0 0 0 0 '	,	0	,	'0 0 0 0 0 0 0 0 0 0 0 0 0 0 0 0 0 0 0 0 0 0 0 0 0 0 0 0 0 0 0 0 0 0 0 0 0 0 0 0 0 0 '	,	0	,	0	,	0	,	""	);
INSERT INTO `item_instance` VALUES (	@ENTRY+93	,	43605	,	@vendeur_ah	,	0	,	0	,	floor(rand()*5+5)	,	0	,	'0 0 0 0 0 '	,	0	,	'0 0 0 0 0 0 0 0 0 0 0 0 0 0 0 0 0 0 0 0 0 0 0 0 0 0 0 0 0 0 0 0 0 0 0 0 0 0 0 0 0 0 '	,	0	,	0	,	0	,	""	);
INSERT INTO `item_instance` VALUES (	@ENTRY+94	,	43603	,	@vendeur_ah	,	0	,	0	,	floor(rand()*5+5)	,	0	,	'0 0 0 0 0 '	,	0	,	'0 0 0 0 0 0 0 0 0 0 0 0 0 0 0 0 0 0 0 0 0 0 0 0 0 0 0 0 0 0 0 0 0 0 0 0 0 0 0 0 0 0 '	,	0	,	0	,	0	,	""	);
INSERT INTO `item_instance` VALUES (	@ENTRY+95	,	62313	,	@vendeur_ah	,	0	,	0	,	floor(rand()*5+5)	,	0	,	'0 0 0 0 0 '	,	0	,	'0 0 0 0 0 0 0 0 0 0 0 0 0 0 0 0 0 0 0 0 0 0 0 0 0 0 0 0 0 0 0 0 0 0 0 0 0 0 0 0 0 0 '	,	0	,	0	,	0	,	""	);







INSERT INTO `auctionhouse` VALUES (	@newENTRY+1	,	@faction_ah	,	@ENTRY+1	,	@vendeur_ah	,	0	,	 UNIX_TIMESTAMP( ADDDATE(now(), INTERVAL floor(24+72*rand()) HOUR)) 	,	0	,	0	,	202	,	0	);
INSERT INTO `auctionhouse` VALUES (	@newENTRY+2	,	@faction_ah	,	@ENTRY+2	,	@vendeur_ah	,	0	,	 UNIX_TIMESTAMP( ADDDATE(now(), INTERVAL floor(24+72*rand()) HOUR)) 	,	0	,	0	,	204	,	0	);
INSERT INTO `auctionhouse` VALUES (	@newENTRY+3	,	@faction_ah	,	@ENTRY+3	,	@vendeur_ah	,	0	,	 UNIX_TIMESTAMP( ADDDATE(now(), INTERVAL floor(24+72*rand()) HOUR)) 	,	0	,	0	,	100	,	0	);
INSERT INTO `auctionhouse` VALUES (	@newENTRY+4	,	@faction_ah	,	@ENTRY+4	,	@vendeur_ah	,	0	,	 UNIX_TIMESTAMP( ADDDATE(now(), INTERVAL floor(24+72*rand()) HOUR)) 	,	0	,	0	,	432	,	0	);
INSERT INTO `auctionhouse` VALUES (	@newENTRY+5	,	@faction_ah	,	@ENTRY+5	,	@vendeur_ah	,	0	,	 UNIX_TIMESTAMP( ADDDATE(now(), INTERVAL floor(24+72*rand()) HOUR)) 	,	0	,	0	,	4121	,	0	);
INSERT INTO `auctionhouse` VALUES (	@newENTRY+6	,	@faction_ah	,	@ENTRY+6	,	@vendeur_ah	,	0	,	 UNIX_TIMESTAMP( ADDDATE(now(), INTERVAL floor(24+72*rand()) HOUR)) 	,	0	,	0	,	1247	,	0	);
INSERT INTO `auctionhouse` VALUES (	@newENTRY+7	,	@faction_ah	,	@ENTRY+7	,	@vendeur_ah	,	0	,	 UNIX_TIMESTAMP( ADDDATE(now(), INTERVAL floor(24+72*rand()) HOUR)) 	,	0	,	0	,	8944	,	0	);
INSERT INTO `auctionhouse` VALUES (	@newENTRY+8	,	@faction_ah	,	@ENTRY+8	,	@vendeur_ah	,	0	,	 UNIX_TIMESTAMP( ADDDATE(now(), INTERVAL floor(24+72*rand()) HOUR)) 	,	0	,	0	,	8141	,	0	);
INSERT INTO `auctionhouse` VALUES (	@newENTRY+9	,	@faction_ah	,	@ENTRY+9	,	@vendeur_ah	,	0	,	 UNIX_TIMESTAMP( ADDDATE(now(), INTERVAL floor(24+72*rand()) HOUR)) 	,	0	,	0	,	2000	,	0	);
INSERT INTO `auctionhouse` VALUES (	@newENTRY+10	,	@faction_ah	,	@ENTRY+10	,	@vendeur_ah	,	0	,	 UNIX_TIMESTAMP( ADDDATE(now(), INTERVAL floor(24+72*rand()) HOUR)) 	,	0	,	0	,	6445	,	0	);
INSERT INTO `auctionhouse` VALUES (	@newENTRY+11	,	@faction_ah	,	@ENTRY+11	,	@vendeur_ah	,	0	,	 UNIX_TIMESTAMP( ADDDATE(now(), INTERVAL floor(24+72*rand()) HOUR)) 	,	0	,	0	,	11990	,	0	);
INSERT INTO `auctionhouse` VALUES (	@newENTRY+12	,	@faction_ah	,	@ENTRY+12	,	@vendeur_ah	,	0	,	 UNIX_TIMESTAMP( ADDDATE(now(), INTERVAL floor(24+72*rand()) HOUR)) 	,	0	,	0	,	18850	,	0	);
INSERT INTO `auctionhouse` VALUES (	@newENTRY+13	,	@faction_ah	,	@ENTRY+13	,	@vendeur_ah	,	0	,	 UNIX_TIMESTAMP( ADDDATE(now(), INTERVAL floor(24+72*rand()) HOUR)) 	,	0	,	0	,	226	,	0	);
INSERT INTO `auctionhouse` VALUES (	@newENTRY+14	,	@faction_ah	,	@ENTRY+14	,	@vendeur_ah	,	0	,	 UNIX_TIMESTAMP( ADDDATE(now(), INTERVAL floor(24+72*rand()) HOUR)) 	,	0	,	0	,	4504	,	0	);
INSERT INTO `auctionhouse` VALUES (	@newENTRY+15	,	@faction_ah	,	@ENTRY+15	,	@vendeur_ah	,	0	,	 UNIX_TIMESTAMP( ADDDATE(now(), INTERVAL floor(24+72*rand()) HOUR)) 	,	0	,	0	,	1000	,	0	);
INSERT INTO `auctionhouse` VALUES (	@newENTRY+16	,	@faction_ah	,	@ENTRY+16	,	@vendeur_ah	,	0	,	 UNIX_TIMESTAMP( ADDDATE(now(), INTERVAL floor(24+72*rand()) HOUR)) 	,	0	,	0	,	7153	,	0	);
INSERT INTO `auctionhouse` VALUES (	@newENTRY+17	,	@faction_ah	,	@ENTRY+17	,	@vendeur_ah	,	0	,	 UNIX_TIMESTAMP( ADDDATE(now(), INTERVAL floor(24+72*rand()) HOUR)) 	,	0	,	0	,	6426	,	0	);
INSERT INTO `auctionhouse` VALUES (	@newENTRY+18	,	@faction_ah	,	@ENTRY+18	,	@vendeur_ah	,	0	,	 UNIX_TIMESTAMP( ADDDATE(now(), INTERVAL floor(24+72*rand()) HOUR)) 	,	0	,	0	,	21238	,	0	);
INSERT INTO `auctionhouse` VALUES (	@newENTRY+19	,	@faction_ah	,	@ENTRY+19	,	@vendeur_ah	,	0	,	 UNIX_TIMESTAMP( ADDDATE(now(), INTERVAL floor(24+72*rand()) HOUR)) 	,	0	,	0	,	17245	,	0	);
INSERT INTO `auctionhouse` VALUES (	@newENTRY+20	,	@faction_ah	,	@ENTRY+20	,	@vendeur_ah	,	0	,	 UNIX_TIMESTAMP( ADDDATE(now(), INTERVAL floor(24+72*rand()) HOUR)) 	,	0	,	0	,	21814	,	0	);
INSERT INTO `auctionhouse` VALUES (	@newENTRY+21	,	@faction_ah	,	@ENTRY+21	,	@vendeur_ah	,	0	,	 UNIX_TIMESTAMP( ADDDATE(now(), INTERVAL floor(24+72*rand()) HOUR)) 	,	0	,	0	,	11033	,	0	);
INSERT INTO `auctionhouse` VALUES (	@newENTRY+22	,	@faction_ah	,	@ENTRY+22	,	@vendeur_ah	,	0	,	 UNIX_TIMESTAMP( ADDDATE(now(), INTERVAL floor(24+72*rand()) HOUR)) 	,	0	,	0	,	3723	,	0	);
INSERT INTO `auctionhouse` VALUES (	@newENTRY+23	,	@faction_ah	,	@ENTRY+23	,	@vendeur_ah	,	0	,	 UNIX_TIMESTAMP( ADDDATE(now(), INTERVAL floor(24+72*rand()) HOUR)) 	,	0	,	0	,	6000	,	0	);
INSERT INTO `auctionhouse` VALUES (	@newENTRY+24	,	@faction_ah	,	@ENTRY+24	,	@vendeur_ah	,	0	,	 UNIX_TIMESTAMP( ADDDATE(now(), INTERVAL floor(24+72*rand()) HOUR)) 	,	0	,	0	,	8729	,	0	);
INSERT INTO `auctionhouse` VALUES (	@newENTRY+25	,	@faction_ah	,	@ENTRY+25	,	@vendeur_ah	,	0	,	 UNIX_TIMESTAMP( ADDDATE(now(), INTERVAL floor(24+72*rand()) HOUR)) 	,	0	,	0	,	20604	,	0	);
INSERT INTO `auctionhouse` VALUES (	@newENTRY+26	,	@faction_ah	,	@ENTRY+26	,	@vendeur_ah	,	0	,	 UNIX_TIMESTAMP( ADDDATE(now(), INTERVAL floor(24+72*rand()) HOUR)) 	,	0	,	0	,	22434	,	0	);
INSERT INTO `auctionhouse` VALUES (	@newENTRY+27	,	@faction_ah	,	@ENTRY+27	,	@vendeur_ah	,	0	,	 UNIX_TIMESTAMP( ADDDATE(now(), INTERVAL floor(24+72*rand()) HOUR)) 	,	0	,	0	,	8217	,	0	);
INSERT INTO `auctionhouse` VALUES (	@newENTRY+28	,	@faction_ah	,	@ENTRY+28	,	@vendeur_ah	,	0	,	 UNIX_TIMESTAMP( ADDDATE(now(), INTERVAL floor(24+72*rand()) HOUR)) 	,	0	,	0	,	17770	,	0	);
INSERT INTO `auctionhouse` VALUES (	@newENTRY+29	,	@faction_ah	,	@ENTRY+29	,	@vendeur_ah	,	0	,	 UNIX_TIMESTAMP( ADDDATE(now(), INTERVAL floor(24+72*rand()) HOUR)) 	,	0	,	0	,	11682	,	0	);
INSERT INTO `auctionhouse` VALUES (	@newENTRY+30	,	@faction_ah	,	@ENTRY+30	,	@vendeur_ah	,	0	,	 UNIX_TIMESTAMP( ADDDATE(now(), INTERVAL floor(24+72*rand()) HOUR)) 	,	0	,	0	,	32929	,	0	);
INSERT INTO `auctionhouse` VALUES (	@newENTRY+31	,	@faction_ah	,	@ENTRY+31	,	@vendeur_ah	,	0	,	 UNIX_TIMESTAMP( ADDDATE(now(), INTERVAL floor(24+72*rand()) HOUR)) 	,	0	,	0	,	12337	,	0	);
INSERT INTO `auctionhouse` VALUES (	@newENTRY+32	,	@faction_ah	,	@ENTRY+32	,	@vendeur_ah	,	0	,	 UNIX_TIMESTAMP( ADDDATE(now(), INTERVAL floor(24+72*rand()) HOUR)) 	,	0	,	0	,	23988	,	0	);
INSERT INTO `auctionhouse` VALUES (	@newENTRY+33	,	@faction_ah	,	@ENTRY+33	,	@vendeur_ah	,	0	,	 UNIX_TIMESTAMP( ADDDATE(now(), INTERVAL floor(24+72*rand()) HOUR)) 	,	0	,	0	,	31470	,	0	);
INSERT INTO `auctionhouse` VALUES (	@newENTRY+34	,	@faction_ah	,	@ENTRY+34	,	@vendeur_ah	,	0	,	 UNIX_TIMESTAMP( ADDDATE(now(), INTERVAL floor(24+72*rand()) HOUR)) 	,	0	,	0	,	24436	,	0	);
INSERT INTO `auctionhouse` VALUES (	@newENTRY+35	,	@faction_ah	,	@ENTRY+35	,	@vendeur_ah	,	0	,	 UNIX_TIMESTAMP( ADDDATE(now(), INTERVAL floor(24+72*rand()) HOUR)) 	,	0	,	0	,	18429	,	0	);
INSERT INTO `auctionhouse` VALUES (	@newENTRY+36	,	@faction_ah	,	@ENTRY+36	,	@vendeur_ah	,	0	,	 UNIX_TIMESTAMP( ADDDATE(now(), INTERVAL floor(24+72*rand()) HOUR)) 	,	0	,	0	,	26264	,	0	);
INSERT INTO `auctionhouse` VALUES (	@newENTRY+37	,	@faction_ah	,	@ENTRY+37	,	@vendeur_ah	,	0	,	 UNIX_TIMESTAMP( ADDDATE(now(), INTERVAL floor(24+72*rand()) HOUR)) 	,	0	,	0	,	30330	,	0	);
INSERT INTO `auctionhouse` VALUES (	@newENTRY+38	,	@faction_ah	,	@ENTRY+38	,	@vendeur_ah	,	0	,	 UNIX_TIMESTAMP( ADDDATE(now(), INTERVAL floor(24+72*rand()) HOUR)) 	,	0	,	0	,	22499	,	0	);
INSERT INTO `auctionhouse` VALUES (	@newENTRY+39	,	@faction_ah	,	@ENTRY+39	,	@vendeur_ah	,	0	,	 UNIX_TIMESTAMP( ADDDATE(now(), INTERVAL floor(24+72*rand()) HOUR)) 	,	0	,	0	,	23306	,	0	);
INSERT INTO `auctionhouse` VALUES (	@newENTRY+40	,	@faction_ah	,	@ENTRY+40	,	@vendeur_ah	,	0	,	 UNIX_TIMESTAMP( ADDDATE(now(), INTERVAL floor(24+72*rand()) HOUR)) 	,	0	,	0	,	100	,	0	);
INSERT INTO `auctionhouse` VALUES (	@newENTRY+41	,	@faction_ah	,	@ENTRY+41	,	@vendeur_ah	,	0	,	 UNIX_TIMESTAMP( ADDDATE(now(), INTERVAL floor(24+72*rand()) HOUR)) 	,	0	,	0	,	396	,	0	);
INSERT INTO `auctionhouse` VALUES (	@newENTRY+42	,	@faction_ah	,	@ENTRY+42	,	@vendeur_ah	,	0	,	 UNIX_TIMESTAMP( ADDDATE(now(), INTERVAL floor(24+72*rand()) HOUR)) 	,	0	,	0	,	25915	,	0	);
INSERT INTO `auctionhouse` VALUES (	@newENTRY+43	,	@faction_ah	,	@ENTRY+43	,	@vendeur_ah	,	0	,	 UNIX_TIMESTAMP( ADDDATE(now(), INTERVAL floor(24+72*rand()) HOUR)) 	,	0	,	0	,	33051	,	0	);
INSERT INTO `auctionhouse` VALUES (	@newENTRY+44	,	@faction_ah	,	@ENTRY+44	,	@vendeur_ah	,	0	,	 UNIX_TIMESTAMP( ADDDATE(now(), INTERVAL floor(24+72*rand()) HOUR)) 	,	0	,	0	,	40641	,	0	);
INSERT INTO `auctionhouse` VALUES (	@newENTRY+45	,	@faction_ah	,	@ENTRY+45	,	@vendeur_ah	,	0	,	 UNIX_TIMESTAMP( ADDDATE(now(), INTERVAL floor(24+72*rand()) HOUR)) 	,	0	,	0	,	11669	,	0	);
INSERT INTO `auctionhouse` VALUES (	@newENTRY+46	,	@faction_ah	,	@ENTRY+46	,	@vendeur_ah	,	0	,	 UNIX_TIMESTAMP( ADDDATE(now(), INTERVAL floor(24+72*rand()) HOUR)) 	,	0	,	0	,	44628	,	0	);
INSERT INTO `auctionhouse` VALUES (	@newENTRY+47	,	@faction_ah	,	@ENTRY+47	,	@vendeur_ah	,	0	,	 UNIX_TIMESTAMP( ADDDATE(now(), INTERVAL floor(24+72*rand()) HOUR)) 	,	0	,	0	,	28804	,	0	);
INSERT INTO `auctionhouse` VALUES (	@newENTRY+48	,	@faction_ah	,	@ENTRY+48	,	@vendeur_ah	,	0	,	 UNIX_TIMESTAMP( ADDDATE(now(), INTERVAL floor(24+72*rand()) HOUR)) 	,	0	,	0	,	10000	,	0	);
INSERT INTO `auctionhouse` VALUES (	@newENTRY+49	,	@faction_ah	,	@ENTRY+49	,	@vendeur_ah	,	0	,	 UNIX_TIMESTAMP( ADDDATE(now(), INTERVAL floor(24+72*rand()) HOUR)) 	,	0	,	0	,	100	,	0	);
INSERT INTO `auctionhouse` VALUES (	@newENTRY+50	,	@faction_ah	,	@ENTRY+50	,	@vendeur_ah	,	0	,	 UNIX_TIMESTAMP( ADDDATE(now(), INTERVAL floor(24+72*rand()) HOUR)) 	,	0	,	0	,	21295	,	0	);
INSERT INTO `auctionhouse` VALUES (	@newENTRY+51	,	@faction_ah	,	@ENTRY+51	,	@vendeur_ah	,	0	,	 UNIX_TIMESTAMP( ADDDATE(now(), INTERVAL floor(24+72*rand()) HOUR)) 	,	0	,	0	,	410	,	0	);
INSERT INTO `auctionhouse` VALUES (	@newENTRY+52	,	@faction_ah	,	@ENTRY+52	,	@vendeur_ah	,	0	,	 UNIX_TIMESTAMP( ADDDATE(now(), INTERVAL floor(24+72*rand()) HOUR)) 	,	0	,	0	,	4496	,	0	);
INSERT INTO `auctionhouse` VALUES (	@newENTRY+53	,	@faction_ah	,	@ENTRY+53	,	@vendeur_ah	,	0	,	 UNIX_TIMESTAMP( ADDDATE(now(), INTERVAL floor(24+72*rand()) HOUR)) 	,	0	,	0	,	1000	,	0	);
INSERT INTO `auctionhouse` VALUES (	@newENTRY+54	,	@faction_ah	,	@ENTRY+54	,	@vendeur_ah	,	0	,	 UNIX_TIMESTAMP( ADDDATE(now(), INTERVAL floor(24+72*rand()) HOUR)) 	,	0	,	0	,	3620	,	0	);
INSERT INTO `auctionhouse` VALUES (	@newENTRY+55	,	@faction_ah	,	@ENTRY+55	,	@vendeur_ah	,	0	,	 UNIX_TIMESTAMP( ADDDATE(now(), INTERVAL floor(24+72*rand()) HOUR)) 	,	0	,	0	,	2529	,	0	);
INSERT INTO `auctionhouse` VALUES (	@newENTRY+56	,	@faction_ah	,	@ENTRY+56	,	@vendeur_ah	,	0	,	 UNIX_TIMESTAMP( ADDDATE(now(), INTERVAL floor(24+72*rand()) HOUR)) 	,	0	,	0	,	14070	,	0	);
INSERT INTO `auctionhouse` VALUES (	@newENTRY+57	,	@faction_ah	,	@ENTRY+57	,	@vendeur_ah	,	0	,	 UNIX_TIMESTAMP( ADDDATE(now(), INTERVAL floor(24+72*rand()) HOUR)) 	,	0	,	0	,	16133	,	0	);
INSERT INTO `auctionhouse` VALUES (	@newENTRY+58	,	@faction_ah	,	@ENTRY+58	,	@vendeur_ah	,	0	,	 UNIX_TIMESTAMP( ADDDATE(now(), INTERVAL floor(24+72*rand()) HOUR)) 	,	0	,	0	,	16177	,	0	);
INSERT INTO `auctionhouse` VALUES (	@newENTRY+59	,	@faction_ah	,	@ENTRY+59	,	@vendeur_ah	,	0	,	 UNIX_TIMESTAMP( ADDDATE(now(), INTERVAL floor(24+72*rand()) HOUR)) 	,	0	,	0	,	11199	,	0	);
INSERT INTO `auctionhouse` VALUES (	@newENTRY+60	,	@faction_ah	,	@ENTRY+60	,	@vendeur_ah	,	0	,	 UNIX_TIMESTAMP( ADDDATE(now(), INTERVAL floor(24+72*rand()) HOUR)) 	,	0	,	0	,	24188	,	0	);
INSERT INTO `auctionhouse` VALUES (	@newENTRY+61	,	@faction_ah	,	@ENTRY+61	,	@vendeur_ah	,	0	,	 UNIX_TIMESTAMP( ADDDATE(now(), INTERVAL floor(24+72*rand()) HOUR)) 	,	0	,	0	,	30237	,	0	);
INSERT INTO `auctionhouse` VALUES (	@newENTRY+62	,	@faction_ah	,	@ENTRY+62	,	@vendeur_ah	,	0	,	 UNIX_TIMESTAMP( ADDDATE(now(), INTERVAL floor(24+72*rand()) HOUR)) 	,	0	,	0	,	10000	,	0	);
INSERT INTO `auctionhouse` VALUES (	@newENTRY+63	,	@faction_ah	,	@ENTRY+63	,	@vendeur_ah	,	0	,	 UNIX_TIMESTAMP( ADDDATE(now(), INTERVAL floor(24+72*rand()) HOUR)) 	,	0	,	0	,	10219	,	0	);
INSERT INTO `auctionhouse` VALUES (	@newENTRY+64	,	@faction_ah	,	@ENTRY+64	,	@vendeur_ah	,	0	,	 UNIX_TIMESTAMP( ADDDATE(now(), INTERVAL floor(24+72*rand()) HOUR)) 	,	0	,	0	,	42168	,	0	);
INSERT INTO `auctionhouse` VALUES (	@newENTRY+65	,	@faction_ah	,	@ENTRY+65	,	@vendeur_ah	,	0	,	 UNIX_TIMESTAMP( ADDDATE(now(), INTERVAL floor(24+72*rand()) HOUR)) 	,	0	,	0	,	15083	,	0	);
INSERT INTO `auctionhouse` VALUES (	@newENTRY+66	,	@faction_ah	,	@ENTRY+66	,	@vendeur_ah	,	0	,	 UNIX_TIMESTAMP( ADDDATE(now(), INTERVAL floor(24+72*rand()) HOUR)) 	,	0	,	0	,	28315	,	0	);
INSERT INTO `auctionhouse` VALUES (	@newENTRY+67	,	@faction_ah	,	@ENTRY+67	,	@vendeur_ah	,	0	,	 UNIX_TIMESTAMP( ADDDATE(now(), INTERVAL floor(24+72*rand()) HOUR)) 	,	0	,	0	,	10000	,	0	);
INSERT INTO `auctionhouse` VALUES (	@newENTRY+68	,	@faction_ah	,	@ENTRY+68	,	@vendeur_ah	,	0	,	 UNIX_TIMESTAMP( ADDDATE(now(), INTERVAL floor(24+72*rand()) HOUR)) 	,	0	,	0	,	17566	,	0	);
INSERT INTO `auctionhouse` VALUES (	@newENTRY+69	,	@faction_ah	,	@ENTRY+69	,	@vendeur_ah	,	0	,	 UNIX_TIMESTAMP( ADDDATE(now(), INTERVAL floor(24+72*rand()) HOUR)) 	,	0	,	0	,	11550	,	0	);
INSERT INTO `auctionhouse` VALUES (	@newENTRY+70	,	@faction_ah	,	@ENTRY+70	,	@vendeur_ah	,	0	,	 UNIX_TIMESTAMP( ADDDATE(now(), INTERVAL floor(24+72*rand()) HOUR)) 	,	0	,	0	,	26123	,	0	);
INSERT INTO `auctionhouse` VALUES (	@newENTRY+71	,	@faction_ah	,	@ENTRY+71	,	@vendeur_ah	,	0	,	 UNIX_TIMESTAMP( ADDDATE(now(), INTERVAL floor(24+72*rand()) HOUR)) 	,	0	,	0	,	22580	,	0	);
INSERT INTO `auctionhouse` VALUES (	@newENTRY+72	,	@faction_ah	,	@ENTRY+72	,	@vendeur_ah	,	0	,	 UNIX_TIMESTAMP( ADDDATE(now(), INTERVAL floor(24+72*rand()) HOUR)) 	,	0	,	0	,	10000	,	0	);
INSERT INTO `auctionhouse` VALUES (	@newENTRY+73	,	@faction_ah	,	@ENTRY+73	,	@vendeur_ah	,	0	,	 UNIX_TIMESTAMP( ADDDATE(now(), INTERVAL floor(24+72*rand()) HOUR)) 	,	0	,	0	,	12827	,	0	);
INSERT INTO `auctionhouse` VALUES (	@newENTRY+74	,	@faction_ah	,	@ENTRY+74	,	@vendeur_ah	,	0	,	 UNIX_TIMESTAMP( ADDDATE(now(), INTERVAL floor(24+72*rand()) HOUR)) 	,	0	,	0	,	20504	,	0	);
INSERT INTO `auctionhouse` VALUES (	@newENTRY+75	,	@faction_ah	,	@ENTRY+75	,	@vendeur_ah	,	0	,	 UNIX_TIMESTAMP( ADDDATE(now(), INTERVAL floor(24+72*rand()) HOUR)) 	,	0	,	0	,	35096	,	0	);
INSERT INTO `auctionhouse` VALUES (	@newENTRY+76	,	@faction_ah	,	@ENTRY+76	,	@vendeur_ah	,	0	,	 UNIX_TIMESTAMP( ADDDATE(now(), INTERVAL floor(24+72*rand()) HOUR)) 	,	0	,	0	,	10655	,	0	);
INSERT INTO `auctionhouse` VALUES (	@newENTRY+77	,	@faction_ah	,	@ENTRY+77	,	@vendeur_ah	,	0	,	 UNIX_TIMESTAMP( ADDDATE(now(), INTERVAL floor(24+72*rand()) HOUR)) 	,	0	,	0	,	27189	,	0	);
INSERT INTO `auctionhouse` VALUES (	@newENTRY+78	,	@faction_ah	,	@ENTRY+78	,	@vendeur_ah	,	0	,	 UNIX_TIMESTAMP( ADDDATE(now(), INTERVAL floor(24+72*rand()) HOUR)) 	,	0	,	0	,	42752	,	0	);
INSERT INTO `auctionhouse` VALUES (	@newENTRY+79	,	@faction_ah	,	@ENTRY+79	,	@vendeur_ah	,	0	,	 UNIX_TIMESTAMP( ADDDATE(now(), INTERVAL floor(24+72*rand()) HOUR)) 	,	0	,	0	,	21887	,	0	);
INSERT INTO `auctionhouse` VALUES (	@newENTRY+80	,	@faction_ah	,	@ENTRY+80	,	@vendeur_ah	,	0	,	 UNIX_TIMESTAMP( ADDDATE(now(), INTERVAL floor(24+72*rand()) HOUR)) 	,	0	,	0	,	11551	,	0	);
INSERT INTO `auctionhouse` VALUES (	@newENTRY+81	,	@faction_ah	,	@ENTRY+81	,	@vendeur_ah	,	0	,	 UNIX_TIMESTAMP( ADDDATE(now(), INTERVAL floor(24+72*rand()) HOUR)) 	,	0	,	0	,	43539	,	0	);
INSERT INTO `auctionhouse` VALUES (	@newENTRY+82	,	@faction_ah	,	@ENTRY+82	,	@vendeur_ah	,	0	,	 UNIX_TIMESTAMP( ADDDATE(now(), INTERVAL floor(24+72*rand()) HOUR)) 	,	0	,	0	,	145	,	0	);
INSERT INTO `auctionhouse` VALUES (	@newENTRY+83	,	@faction_ah	,	@ENTRY+83	,	@vendeur_ah	,	0	,	 UNIX_TIMESTAMP( ADDDATE(now(), INTERVAL floor(24+72*rand()) HOUR)) 	,	0	,	0	,	248	,	0	);
INSERT INTO `auctionhouse` VALUES (	@newENTRY+84	,	@faction_ah	,	@ENTRY+84	,	@vendeur_ah	,	0	,	 UNIX_TIMESTAMP( ADDDATE(now(), INTERVAL floor(24+72*rand()) HOUR)) 	,	0	,	0	,	239	,	0	);
INSERT INTO `auctionhouse` VALUES (	@newENTRY+85	,	@faction_ah	,	@ENTRY+85	,	@vendeur_ah	,	0	,	 UNIX_TIMESTAMP( ADDDATE(now(), INTERVAL floor(24+72*rand()) HOUR)) 	,	0	,	0	,	109	,	0	);
INSERT INTO `auctionhouse` VALUES (	@newENTRY+86	,	@faction_ah	,	@ENTRY+86	,	@vendeur_ah	,	0	,	 UNIX_TIMESTAMP( ADDDATE(now(), INTERVAL floor(24+72*rand()) HOUR)) 	,	0	,	0	,	447	,	0	);
INSERT INTO `auctionhouse` VALUES (	@newENTRY+87	,	@faction_ah	,	@ENTRY+87	,	@vendeur_ah	,	0	,	 UNIX_TIMESTAMP( ADDDATE(now(), INTERVAL floor(24+72*rand()) HOUR)) 	,	0	,	0	,	323	,	0	);
INSERT INTO `auctionhouse` VALUES (	@newENTRY+88	,	@faction_ah	,	@ENTRY+88	,	@vendeur_ah	,	0	,	 UNIX_TIMESTAMP( ADDDATE(now(), INTERVAL floor(24+72*rand()) HOUR)) 	,	0	,	0	,	290	,	0	);
INSERT INTO `auctionhouse` VALUES (	@newENTRY+89	,	@faction_ah	,	@ENTRY+89	,	@vendeur_ah	,	0	,	 UNIX_TIMESTAMP( ADDDATE(now(), INTERVAL floor(24+72*rand()) HOUR)) 	,	0	,	0	,	114	,	0	);
INSERT INTO `auctionhouse` VALUES (	@newENTRY+90	,	@faction_ah	,	@ENTRY+90	,	@vendeur_ah	,	0	,	 UNIX_TIMESTAMP( ADDDATE(now(), INTERVAL floor(24+72*rand()) HOUR)) 	,	0	,	0	,	404	,	0	);
INSERT INTO `auctionhouse` VALUES (	@newENTRY+91	,	@faction_ah	,	@ENTRY+91	,	@vendeur_ah	,	0	,	 UNIX_TIMESTAMP( ADDDATE(now(), INTERVAL floor(24+72*rand()) HOUR)) 	,	0	,	0	,	300	,	0	);
INSERT INTO `auctionhouse` VALUES (	@newENTRY+92	,	@faction_ah	,	@ENTRY+92	,	@vendeur_ah	,	0	,	 UNIX_TIMESTAMP( ADDDATE(now(), INTERVAL floor(24+72*rand()) HOUR)) 	,	0	,	0	,	359	,	0	);
INSERT INTO `auctionhouse` VALUES (	@newENTRY+93	,	@faction_ah	,	@ENTRY+93	,	@vendeur_ah	,	0	,	 UNIX_TIMESTAMP( ADDDATE(now(), INTERVAL floor(24+72*rand()) HOUR)) 	,	0	,	0	,	212	,	0	);
INSERT INTO `auctionhouse` VALUES (	@newENTRY+94	,	@faction_ah	,	@ENTRY+94	,	@vendeur_ah	,	0	,	 UNIX_TIMESTAMP( ADDDATE(now(), INTERVAL floor(24+72*rand()) HOUR)) 	,	0	,	0	,	100	,	0	);
INSERT INTO `auctionhouse` VALUES (	@newENTRY+95	,	@faction_ah	,	@ENTRY+95	,	@vendeur_ah	,	0	,	 UNIX_TIMESTAMP( ADDDATE(now(), INTERVAL floor(24+72*rand()) HOUR)) 	,	0	,	0	,	237	,	0	);





